mal_id,title,start_year,source,main_genre,episodes,members,started,audience_quartile,conversion_to_start,completion_rate,favorites_rate,ep3_retention,score_combined,segment,title_type
58985,0-saiji Start Dash Monogatari,2024,Manga,Adventure,12,12263,6660,Q1 малые,0.5426,0.2262,0.002,0.6425,0.1035,Остальные,Дебют
60425,0-saiji Start Dash Monogatari Season 2,2025,Manga,Adventure,12,4376,2257,Q1 малые,0.5142,0.3249,0.0023,0.7967,0.1493,Остальные,Продолжение
41380,100-man no Inochi no Ue ni Ore wa Tatteiru,2020,Manga,Action,12,324016,267488,Q4 крупные,0.8254,0.6478,0.0022,0.9,0.6379,Надёжный просмотр,Дебют
44881,100-man no Inochi no Ue ni Ore wa Tatteiru 2nd Season,2021,Manga,Action,12,182088,145395,Q3,0.7984,0.655,0.0035,0.9283,0.6991,Надёжный просмотр,Продолжение
54041,16bit Sensation: Another Layer,2023,Web manga,Comedy,13,60069,41695,Q2,0.694,0.4861,0.004,0.8535,0.5489,Остальные,Дебют
48858,180-byou de Kimi no Mimi wo Shiawase ni Dekiru ka?,2021,Original,Slice of Life,12,39286,22020,Q2,0.5605,0.3465,0.0053,0.8058,0.3582,Остальные,Дебют
40679,2.43: Seiin Koukou Danshi Volley-bu,2021,Novel,Drama,12,118242,86221,Q3,0.7292,0.4136,0.0031,0.8333,0.4687,Остальные,Дебют
53802,2.5-jigen no Ririsa,2024,Manga,Comedy,24,145340,93555,Q3,0.6434,0.3127,0.0064,0.8022,0.4563,Нишевые любимчики,Дебют
40148,22/7,2020,Other,Drama,12,50257,30390,Q2,0.6047,0.4113,0.0044,0.8097,0.4133,Остальные,Дебют
55973,30-sai made Doutei dato Mahoutsukai ni Nareru Rashii,2024,Manga,Boys Love,12,84711,64122,Q3,0.7568,0.5761,0.0098,0.8717,0.8129,Флагманы,Дебют
51464,4-nin wa Sorezore Uso wo Tsuku,2022,Manga,Comedy,11,41604,27087,Q2,0.651,0.4419,0.0033,0.8171,0.4257,Остальные,Дебют
39783,5-toubun no Hanayome ∬,2021,Manga,Comedy,12,785038,664993,Q4 крупные,0.847,0.7525,0.0149,0.9589,0.9609,Флагманы,Продолжение
41457,86,2021,Light novel,Action,11,915727,688890,Q4 крупные,0.7522,0.6194,0.0275,0.9223,0.8698,Флагманы,Дебют
48569,86 Part 2,2021,Light novel,Action,12,602266,489573,Q4 крупные,0.8127,0.6847,0.0293,0.9471,0.9391,Флагманы,Продолжение
58957,9: Ruler's Crown,2025,Visual novel,Mystery,13,10529,4306,Q1 малые,0.4074,0.0657,0.0033,0.5573,0.1093,Остальные,Дебют
59730,"A-Rank Party wo Ridatsu shita Ore wa, Moto Oshiego-tachi to Meikyuu Shinbu wo Mezasu.",2025,Light novel,Action,24,95739,77493,Q3,0.8094,0.3687,0.0029,0.8664,0.4829,Остальные,Дебют
40272,A3! Season Autumn & Winter,2020,Game,Drama,12,24642,13193,Q1 малые,0.5354,0.4215,0.007,0.8856,0.4529,Нишевые любимчики,Дебют
39184,A3! Season Spring & Summer,2020,Game,Drama,12,38285,22674,Q2,0.5922,0.3856,0.0074,0.811,0.4759,Нишевые любимчики,Дебют
44040,Abciee Shuugyou Nikki,2021,Other,Comedy,12,3376,2764,Q1 малые,0.8185,0.5363,0.0015,0.8077,0.5546,Надёжный просмотр,Дебют
53723,Acro Trip,2024,Manga,Comedy,12,22992,14157,Q1 малые,0.6155,0.3736,0.0031,0.8176,0.3124,Остальные,Дебют
39790,Adachi to Shimamura,2020,Light novel,Girls Love,12,206185,128827,Q3,0.6248,0.4478,0.008,0.8595,0.5734,Нишевые любимчики,Дебют
49520,Aharen-san wa Hakarenai,2022,Manga,Comedy,12,380348,287347,Q4 крупные,0.7554,0.4948,0.0062,0.8628,0.7069,Флагманы,Дебют
59466,Aharen-san wa Hakarenai Season 2,2025,Manga,Comedy,12,78753,46504,Q2,0.5902,0.3893,0.0036,0.8482,0.3291,Остальные,Продолжение
53787,AI no Idenshi,2023,Manga,Drama,12,49181,30967,Q2,0.6295,0.3367,0.0024,0.7582,0.2561,Остальные,Дебют
42653,Aikatsu Planet!,2021,Game,Slice of Life,24,4580,2981,Q1 малые,0.6507,0.3187,0.0061,0.713,0.4617,Нишевые любимчики,Продолжение
48553,Akebi-chan no Sailor-fuku,2022,Web manga,Slice of Life,12,207047,131243,Q3,0.6339,0.4095,0.0058,0.8381,0.5068,Нишевые любимчики,Дебют
52193,Akiba Meido Sensou,2022,Original,Action,12,184631,124346,Q3,0.6734,0.4556,0.0066,0.8451,0.6182,Нишевые любимчики,Дебют
41433,Akudama Drive,2020,Original,Action,12,475107,329635,Q4 крупные,0.6937,0.5513,0.0084,0.9082,0.7309,Флагманы,Дебют
54837,Akuyaku Reijou Level 99: Watashi wa Ura-Boss desu ga Maou dewa Arimasen,2024,Light novel,Fantasy,12,192376,159618,Q3,0.8296,0.6935,0.0048,0.9356,0.8032,Надёжный просмотр,Дебют
49979,Akuyaku Reijou nanode Last Boss wo Kattemimashita,2022,Light novel,Comedy,12,207649,170650,Q4 крупные,0.8215,0.6211,0.0055,0.905,0.8053,Надёжный просмотр,Дебют
57719,Akuyaku Reijou Tensei Ojisan,2025,Manga,Comedy,12,89590,68809,Q3,0.7672,0.5307,0.0033,0.8726,0.5995,Надёжный просмотр,Дебют
50871,Alice Gear Aegis Expansion,2023,Game,Action,12,11595,6538,Q1 малые,0.5638,0.2585,0.0011,0.6491,0.1072,Остальные,Дебют
55071,Amagami-san Chi no Enmusubi,2024,Manga,Comedy,24,98416,65792,Q3,0.6678,0.3714,0.0058,0.8176,0.5174,Нишевые любимчики,Дебют
59619,Ame to Kimi to,2025,Manga,Slice of Life,12,44865,24366,Q2,0.5417,0.1942,0.004,0.712,0.2086,Остальные,Дебют
58600,Ameku Takao no Suiri Karte,2025,Novel,Mystery,12,90509,61808,Q3,0.6829,0.3854,0.0031,0.8071,0.4042,Остальные,Дебют
42238,Ani ni Tsukeru Kusuri wa Nai! 4,2020,Web manga,Comedy,12,32285,22517,Q2,0.6973,0.626,0.0012,0.9507,0.5023,Надёжный просмотр,Продолжение
42514,Anime Kapibara-san,2020,Other,Comedy,24,4660,3768,Q1 малые,0.8086,0.5324,0.0099,0.8813,0.8232,Флагманы,Дебют
60334,Anne Shirley,2025,Novel,Drama,24,46805,27311,Q2,0.5838,0.1189,0.005,0.7511,0.2743,Остальные,Дебют
49052,Ao Ashi,2022,Manga,Sports,24,245245,191990,Q4 крупные,0.7828,0.5989,0.0138,0.9241,0.8653,Флагманы,Дебют
53889,Ao no Exorcist: Shimane Illuminati-hen,2024,Manga,Action,12,173959,106691,Q3,0.6132,0.4246,0.0036,0.8322,0.3812,Остальные,Продолжение
59226,Ao no Exorcist: Yosuga-hen,2025,Manga,Action,12,74215,44633,Q2,0.6011,0.4774,0.0032,0.8979,0.3875,Остальные,Продолжение
58516,Ao no Exorcist: Yuki no Hate-hen,2024,Manga,Action,12,94993,53285,Q2,0.5609,0.4414,0.0024,0.8772,0.2764,Остальные,Продолжение
57181,Ao no Hako,2024,Manga,Romance,25,284846,204582,Q4 крупные,0.7177,0.432,0.0133,0.8634,0.6994,Нишевые любимчики,Дебют
56647,Ao no Miburo,2024,Manga,Action,24,31496,15135,Q1 малые,0.4805,0.1818,0.0041,0.6743,0.1807,Остальные,Дебют
51614,Ao no Orchestra,2023,Web manga,Drama,24,67169,36556,Q2,0.5439,0.2756,0.0043,0.8212,0.2534,Остальные,Дебют
59675,Apocalypse Hotel,2025,Original,Comedy,12,55569,32895,Q2,0.5907,0.3684,0.0061,0.8129,0.4278,Нишевые любимчики,Дебют
40532,Appare-Ranman!,2020,Original,Comedy,13,139549,87506,Q3,0.627,0.4273,0.0037,0.8476,0.4087,Остальные,Дебют
40677,Argonavis from BanG Dream!,2020,Mixed media,Drama,13,13142,7549,Q1 малые,0.5743,0.3565,0.0061,0.7919,0.4024,Нишевые любимчики,Дебют
40507,Arifureta Shokugyou de Sekai Saikyou 2nd Season,2022,Light novel,Action,12,444187,334024,Q4 крупные,0.7519,0.6075,0.0097,0.9196,0.825,Флагманы,Продолжение
52995,Arifureta Shokugyou de Sekai Saikyou Season 3,2024,Light novel,Action,16,185330,110444,Q3,0.5957,0.3964,0.0058,0.8827,0.449,Нишевые любимчики,Продолжение
53881,Arknights: Perish in Frost,2023,Game,Action,8,54856,29779,Q2,0.5424,0.3963,0.0058,0.8423,0.4057,Нишевые любимчики,Дебют
50205,Arknights: Prelude to Dawn,2022,Game,Action,8,121403,77282,Q3,0.6365,0.3834,0.0091,0.7918,0.5453,Нишевые любимчики,Дебют
58749,Arknights: Rise from Ember,2025,Game,Action,10,28327,11291,Q1 малые,0.3976,0.2149,0.0054,0.7706,0.2428,Остальные,Дебют
59561,Around 40 Otoko no Isekai Tsuuhan,2025,Manga,Fantasy,13,85668,70313,Q3,0.8208,0.5825,0.0023,0.8907,0.6107,Надёжный просмотр,Дебют
40137,ARP Backstage Pass,2020,Other,Не указан,10,7721,4355,Q1 малые,0.5641,0.2746,0.0018,0.6809,0.1287,Остальные,Дебют
53179,Ars no Kyojuu,2023,Original,Action,12,47856,31036,Q2,0.6484,0.3206,0.0019,0.7461,0.248,Остальные,Дебют
40128,Arte,2020,Manga,Drama,12,141499,98715,Q3,0.6976,0.5165,0.0028,0.8666,0.4962,Остальные,Дебют
52381,Aru Asa Dummy Head Mic ni Natteita Ore-kun no Jinsei,2022,Original,Slice of Life,12,23201,13424,Q1 малые,0.5784,0.36,0.0031,0.8314,0.2613,Остальные,Дебют
59169,Aru Majo ga Shinu Made,2025,Light novel,Adventure,12,50248,33222,Q2,0.6605,0.3771,0.0027,0.7448,0.3442,Остальные,Дебют
41558,Asatir: Mirai no Mukashi Banashi,2020,Original,Adventure,13,5126,2856,Q1 малые,0.5571,0.2114,0.0014,0.6155,0.092,Остальные,Дебют
40550,Assault Lily: Bouquet,2020,Mixed media,Action,12,93382,57538,Q2,0.6161,0.3851,0.0034,0.7877,0.3403,Остальные,Дебют
57391,Astro Note,2024,Original,Comedy,12,33408,21385,Q2,0.6401,0.3596,0.0019,0.7524,0.2731,Остальные,Дебют
55310,Atarashii Joushi wa Do Tennen,2023,Web manga,Slice of Life,12,68606,46146,Q2,0.6723,0.4766,0.0094,0.8354,0.6733,Нишевые любимчики,Дебют
49780,Atasha Kawashiri Kodama da yo: Dangerous Lifehacker no Tadareta Seikatsu,2022,Web manga,Comedy,24,9681,7211,Q1 малые,0.7448,0.3903,0.0032,0.8231,0.4708,Остальные,Дебют
53128,Atri: My Dear Moments,2024,Visual novel,Drama,13,79200,43002,Q2,0.5426,0.3114,0.0053,0.7591,0.3227,Остальные,Дебют
53428,Ayaka,2023,Original,Fantasy,12,52673,35038,Q2,0.6649,0.3562,0.0029,0.7131,0.347,Остальные,Дебют
50606,Ayakashi Triangle,2023,Manga,Action,12,83939,50975,Q2,0.6072,0.2707,0.0037,0.7137,0.2719,Остальные,Дебют
40930,Azur Lane: Bisoku Zenshin!,2021,4-koma manga,Comedy,12,55328,34616,Q2,0.6256,0.4837,0.0047,0.8848,0.5047,Остальные,Продолжение
58216,Übel Blatt,2025,Manga,Action,12,63680,40830,Q2,0.6411,0.3366,0.0025,0.748,0.2767,Остальные,Дебют
44081,B-Project: Netsuretsu*Love Call,2023,Mixed media,Не указан,12,6364,2285,Q1 малые,0.3591,0.204,0.0046,0.7093,0.1971,Остальные,Дебют
58265,Babanbabanban Vampire,2025,Manga,Boys Love,12,18965,11203,Q1 малые,0.5907,0.3223,0.0041,0.7163,0.2985,Остальные,Дебют
40964,Back Arrow,2021,Original,Action,24,44676,29851,Q2,0.6681,0.3166,0.0023,0.743,0.2885,Остальные,Дебют
59161,Bad Girl,2025,4-koma manga,Comedy,12,28114,14918,Q1 малые,0.5302,0.224,0.0029,0.7105,0.142,Остальные,Дебют
41405,Bakugan: Armored Alliance,2020,Original,Action,52,5077,3547,Q1 малые,0.6986,0.4042,0.002,0.7996,0.3739,Остальные,Дебют
43756,Bakuten!!,2021,Original,Sports,12,112995,72924,Q3,0.6453,0.4447,0.0082,0.8723,0.6007,Нишевые любимчики,Дебют
60293,Ballpark de Tsukamaete!,2025,Manga,Slice of Life,12,40438,28125,Q2,0.6948,0.4214,0.0024,0.8001,0.4002,Остальные,Дебют
37870,BanG Dream! 3rd Season,2020,Mixed media,Не указан,13,42445,29124,Q2,0.6861,0.5752,0.0139,0.9325,0.7738,Флагманы,Продолжение
56653,BanG Dream! Ave Mujica,2025,Mixed media,Drama,13,30475,18281,Q1 малые,0.5991,0.404,0.0224,0.847,0.5595,Нишевые любимчики,Дебют
54959,BanG Dream! It's MyGO!!!!!,2023,Mixed media,Drama,13,37664,25610,Q2,0.6791,0.5424,0.0274,0.8863,0.7645,Нишевые любимчики,Дебют
42892,Baraou no Souretsu,2022,Manga,Action,24,64751,33464,Q2,0.5168,0.1715,0.0062,0.6344,0.284,Нишевые любимчики,Дебют
53407,Bartender: Kami no Glass,2024,Manga,Drama,12,130060,88439,Q3,0.6797,0.428,0.004,0.8475,0.4899,Остальные,Дебют
42321,Battle Athletess Daiundoukai ReSTART!,2021,Original,Adventure,12,9242,5846,Q1 малые,0.6325,0.3037,0.0014,0.6727,0.2035,Остальные,Дебют
40935,Beastars 2nd Season,2021,Manga,Drama,12,482044,366581,Q4 крупные,0.7604,0.6541,0.0048,0.9364,0.743,Надёжный просмотр,Продолжение
50854,"Benriya Saitou-san, Isekai ni Iku",2023,Web manga,Adventure,12,211795,166772,Q4 крупные,0.7872,0.589,0.0037,0.8727,0.6773,Надёжный просмотр,Дебют
52976,Berserk: Ougon Jidai-hen - Memorial Edition,2022,Manga,Action,13,51065,37235,Q2,0.7288,0.5484,0.0077,0.8654,0.7539,Флагманы,Продолжение
41266,Bessatsu Olympia Kyklos,2020,Manga,Comedy,24,19433,12538,Q1 малые,0.6451,0.3403,0.0041,0.8306,0.3824,Остальные,Дебют
54914,Bikkurimen,2023,Other,Comedy,12,3450,1425,Q1 малые,0.413,0.1699,0.0014,0.5817,0.0342,Остальные,Дебют
61239,Binan Koukou Chikyuu Bouei-bu Haikara!,2025,Original,Comedy,12,4146,1133,Q1 малые,0.2731,0.033,0.0029,0.4485,0.0745,Остальные,Дебют
50248,Birdie Wing: Golf Girls' Story,2022,Original,Sports,13,71701,44555,Q2,0.6213,0.4367,0.0061,0.828,0.5171,Нишевые любимчики,Дебют
52229,Birdie Wing: Golf Girls' Story Season 2,2023,Original,Sports,12,37874,24800,Q2,0.6548,0.5378,0.0046,0.9151,0.5792,Остальные,Продолжение
40752,Bishounen Tanteidan,2021,Novel,Mystery,12,108103,63836,Q3,0.5905,0.3185,0.0056,0.7866,0.3691,Остальные,Дебют
49831,Black★★Rock Shooter: Dawn Fall,2022,Other,Action,12,45785,20576,Q2,0.4493,0.2421,0.0077,0.7103,0.3185,Нишевые любимчики,Дебют
38749,Blade Runner: Black Lotus,2021,Other,Sci-Fi,13,27797,11177,Q1 малые,0.402,0.2132,0.0035,0.7421,0.145,Остальные,Дебют
41467,Bleach: Sennen Kessen-hen,2022,Manga,Action,13,660380,508920,Q4 крупные,0.7708,0.6139,0.0342,0.9307,0.8847,Флагманы,Продолжение
53998,Bleach: Sennen Kessen-hen - Ketsubetsu-tan,2023,Manga,Action,13,377768,311915,Q4 крупные,0.8255,0.7139,0.013,0.9532,0.9328,Флагманы,Продолжение
56784,Bleach: Sennen Kessen-hen - Soukoku-tan,2024,Manga,Action,14,257824,199214,Q4 крупные,0.7727,0.6015,0.0134,0.9198,0.8604,Флагманы,Продолжение
54309,Blue Archive the Animation,2024,Game,Action,12,71075,44973,Q2,0.6325,0.3437,0.0157,0.7368,0.538,Нишевые любимчики,Дебют
49596,Blue Lock,2022,Manga,Sports,24,842158,718789,Q4 крупные,0.8535,0.6146,0.0168,0.925,0.9255,Флагманы,Дебют
54865,Blue Lock vs. U-20 Japan,2024,Manga,Sports,14,301888,223643,Q4 крупные,0.7406,0.6059,0.0074,0.9124,0.7896,Флагманы,Продолжение
46352,Blue Period,2021,Manga,Drama,12,512815,376296,Q4 крупные,0.7337,0.5323,0.0129,0.8726,0.7866,Флагманы,Дебют
47639,Blue Reflection Ray,2021,Game,Fantasy,24,32371,16514,Q1 малые,0.5101,0.1877,0.0034,0.6409,0.1499,Остальные,Дебют
40060,BNA,2020,Original,Action,12,394442,312285,Q4 крупные,0.7916,0.6654,0.0071,0.9207,0.8486,Флагманы,Дебют
47917,Bocchi the Rock!,2022,4-koma manga,Comedy,12,730214,593626,Q4 крупные,0.8128,0.6916,0.0472,0.9381,0.9434,Флагманы,Дебют
41587,Boku no Hero Academia 5th Season,2021,Manga,Action,25,1300533,1101128,Q4 крупные,0.8466,0.6315,0.0079,0.9451,0.8828,Флагманы,Продолжение
49918,Boku no Hero Academia 6th Season,2022,Manga,Action,25,763609,627048,Q4 крупные,0.8211,0.6437,0.0096,0.947,0.8892,Флагманы,Продолжение
54789,Boku no Hero Academia 7th Season,2024,Manga,Action,21,409952,296788,Q4 крупные,0.7238,0.5155,0.0071,0.9199,0.7163,Флагманы,Продолжение
52578,Boku no Kokoro no Yabai Yatsu,2023,Manga,Comedy,12,406539,305469,Q4 крупные,0.7513,0.6276,0.0147,0.9016,0.8583,Флагманы,Дебют
55690,Boku no Kokoro no Yabai Yatsu 2nd Season,2024,Manga,Comedy,13,280519,223675,Q4 крупные,0.7969,0.6746,0.0208,0.9404,0.9195,Флагманы,Продолжение
38302,Boku no Tonari ni Ankoku Hakaishin ga Imasu.,2020,Manga,Comedy,12,64017,40487,Q2,0.6323,0.393,0.0042,0.7634,0.4127,Остальные,Дебют
58272,Boku no Tsuma wa Kanjou ga Nai,2024,Manga,Comedy,12,62784,43148,Q2,0.6869,0.4022,0.0037,0.7741,0.4635,Остальные,Дебют
51940,Boku to Roboko,2022,Manga,Comedy,28,9270,5813,Q1 малые,0.627,0.3268,0.0036,0.8148,0.3158,Остальные,Дебют
55894,Bokura no Ame-iro Protocol,2023,Original,Action,12,43594,24770,Q2,0.5682,0.3332,0.0028,0.7416,0.2092,Остальные,Дебют
40904,Bokutachi no Remake,2021,Light novel,Drama,12,372180,270847,Q4 крупные,0.7276,0.5483,0.0066,0.8929,0.7324,Флагманы,Дебют
58437,"Botsuraku Yotei no Kizoku dakedo, Hima Datta kara Mahou wo Kiwametemita",2025,Light novel,Adventure,12,76656,64114,Q3,0.8356,0.596,0.0019,0.8915,0.6076,Надёжный просмотр,Дебют
53494,Boukensha ni Naritai to Miyako ni Deteitta Musume ga S-Rank ni Natteta,2023,Light novel,Action,13,99974,79039,Q3,0.7904,0.545,0.0021,0.8599,0.5619,Надёжный просмотр,Дебют
56165,Boukyaku Battery (TV),2024,Manga,Comedy,12,46601,30860,Q2,0.6621,0.4641,0.0058,0.8239,0.5876,Нишевые любимчики,Дебют
53439,Boushoku no Berserk,2023,Light novel,Action,12,238324,201865,Q4 крупные,0.8465,0.6806,0.0042,0.9148,0.7772,Надёжный просмотр,Дебют
40850,Breakers,2020,Original,Sports,16,11320,7219,Q1 малые,0.6377,0.3201,0.0009,0.7609,0.2159,Остальные,Дебют
51371,Bucchigire!,2022,Original,Action,12,39182,24827,Q2,0.6336,0.3083,0.0038,0.7404,0.3233,Остальные,Дебют
55358,Bucchigiri?!,2024,Original,Comedy,12,106566,76737,Q3,0.7198,0.4519,0.0038,0.8481,0.5404,Остальные,Дебют
53411,Buddy Daddies,2023,Original,Action,12,333876,244553,Q4 крупные,0.7323,0.5454,0.0104,0.883,0.785,Флагманы,Дебют
48776,Build Divide: Code Black,2021,Mixed media,Fantasy,12,61144,36786,Q2,0.6016,0.3126,0.0052,0.7138,0.3675,Остальные,Дебют
48777,Build Divide: Code White,2022,Mixed media,Fantasy,12,22611,12566,Q1 малые,0.5557,0.3535,0.0035,0.8325,0.2649,Остальные,Дебют
53633,Bullbuster,2023,Mixed media,Action,12,14058,8318,Q1 малые,0.5916,0.3056,0.0017,0.6923,0.1629,Остальные,Дебют
50330,Bungou Stray Dogs 4th Season,2023,Manga,Action,13,342368,221124,Q4 крупные,0.6457,0.5348,0.0099,0.9287,0.6827,Нишевые любимчики,Продолжение
54898,Bungou Stray Dogs 5th Season,2023,Manga,Action,11,240031,168510,Q4 крупные,0.7018,0.6099,0.0118,0.9444,0.7953,Флагманы,Продолжение
42250,Bungou Stray Dogs Wan!,2021,Web manga,Comedy,12,130979,92900,Q3,0.7091,0.5603,0.009,0.9169,0.7575,Флагманы,Продолжение
40934,Bungou to Alchemist: Shinpan no Haguruma,2020,Game,Adventure,13,57601,33338,Q2,0.5787,0.266,0.0042,0.6634,0.2688,Остальные,Дебют
60316,Busamen Gachi Fighter,2025,Manga,Action,12,38427,29071,Q2,0.7523,0.333,0.0015,0.8214,0.3491,Остальные,Дебют
53512,Busu ni Hanataba wo.,2025,Manga,Comedy,13,29556,14126,Q1 малые,0.4758,0.1865,0.0044,0.7543,0.2016,Остальные,Дебют
50583,Buta no Liver wa Kanetsu Shiro,2023,Light novel,Adventure,12,48403,31978,Q2,0.6605,0.3742,0.0021,0.7665,0.3164,Остальные,Дебют
53626,"Bye Bye, Earth",2024,Light novel,Action,10,67757,45800,Q2,0.6759,0.3278,0.0021,0.7456,0.2967,Остальные,Дебют
59819,"Bye Bye, Earth 2nd Season",2025,Light novel,Action,10,21253,10800,Q1 малые,0.508,0.3082,0.0029,0.7767,0.1611,Остальные,Продолжение
51306,C Danchi,2022,Original,Horror,4,34732,19528,Q2,0.5622,0.4086,0.0049,0.8206,0.3936,Остальные,Дебют
54803,Captain Tsubasa Season 2: Junior Youth-hen,2023,Manga,Sports,39,16423,11512,Q1 малые,0.7008,0.4209,0.0071,0.8752,0.6216,Нишевые любимчики,Дебют
41283,Cardfight!! Vanguard Gaiden: If,2020,Original,Action,25,5226,3480,Q1 малые,0.6659,0.4091,0.0025,0.7809,0.3697,Остальные,Продолжение
54142,Cardfight!! Vanguard: Divinez,2024,Original,Action,13,4487,2860,Q1 малые,0.6373,0.3988,0.0045,0.8041,0.4402,Остальные,Продолжение
54144,Cardfight!! Vanguard: Divinez Deluxe-hen,2025,Original,Action,13,2541,1539,Q1 малые,0.6052,0.3437,0.0024,0.7549,0.2316,Остальные,Продолжение
54143,Cardfight!! Vanguard: Divinez Season 2,2024,Original,Action,13,3048,1999,Q1 малые,0.6556,0.4329,0.0039,0.7795,0.465,Остальные,Продолжение
42516,Cardfight!! Vanguard: overDress,2021,Original,Comedy,12,17569,11837,Q1 малые,0.6736,0.3431,0.0039,0.7369,0.4096,Остальные,Дебют
48862,Cardfight!! Vanguard: overDress Season 2,2021,Original,Action,13,8715,5550,Q1 малые,0.6368,0.418,0.0052,0.8134,0.488,Остальные,Продолжение
49819,Cardfight!! Vanguard: will+Dress,2022,Original,Action,13,7684,4858,Q1 малые,0.6321,0.3585,0.0053,0.7931,0.4423,Остальные,Дебют
49820,Cardfight!! Vanguard: will+Dress Season 2,2023,Original,Action,12,5746,3109,Q1 малые,0.5409,0.3638,0.0035,0.8058,0.2625,Остальные,Продолжение
52079,Cardfight!! Vanguard: will+Dress Season 3,2023,Original,Action,13,4056,2487,Q1 малые,0.613,0.421,0.0042,0.8151,0.4133,Остальные,Продолжение
43763,Cestvs: The Roman Fighter,2021,Manga,Drama,11,21887,14762,Q1 малые,0.6744,0.4091,0.0039,0.7433,0.4656,Остальные,Дебют
44511,Chainsaw Man,2022,Manga,Action,12,1813584,1515223,Q4 крупные,0.8351,0.6792,0.0286,0.947,0.9485,Флагманы,Дебют
40960,Cheat Kusushi no Slow Life: Isekai ni Tsukurou Drugstore,2021,Light novel,Comedy,12,161441,116533,Q3,0.7218,0.4767,0.0039,0.7864,0.5643,Остальные,Дебют
52215,Chi. Chikyuu no Undou ni Tsuite,2024,Manga,Drama,25,239421,154359,Q3,0.6441,0.3801,0.0228,0.8487,0.5955,Нишевые любимчики,Дебют
50985,Chimimo,2022,Original,Comedy,12,4365,2720,Q1 малые,0.6231,0.2994,0.0057,0.6968,0.4005,Нишевые любимчики,Дебют
49613,Chiyu Mahou no Machigatta Tsukaikata,2024,Light novel,Action,13,295418,257783,Q4 крупные,0.8722,0.7107,0.0046,0.9399,0.8183,Надёжный просмотр,Дебют
59745,Chotto dake Ai ga Omoi Dark Elf ga Isekai kara Oikaketekita,2025,Web manga,Comedy,12,37272,24383,Q2,0.6542,0.345,0.0032,0.7342,0.3427,Остальные,Дебют
61410,Chotto dake Ai ga Omoi Dark Elf ga Isekai kara Oikaketekita Mini Anime Gekijou,2025,Web manga,Comedy,12,3848,2916,Q1 малые,0.7578,0.3742,0.0026,0.7386,0.4293,Остальные,Дебют
54197,Chou Futsuu Ken Chiba Densetsu,2024,Original,Comedy,13,5641,1834,Q1 малые,0.3251,0.0734,0.0018,0.4264,0.0266,Остальные,Дебют
40473,Chou Futsuu Toshi Kashiwa Densetsu R,2020,Other,Comedy,10,5828,2605,Q1 малые,0.447,0.1894,0.0007,0.6298,0.0327,Остальные,Дебют
60009,Chuuzenji-sensei Mononoke Kougiroku: Sensei ga Nazo wo Hodoite Shimau kara.,2025,Manga,Mystery,12,15171,7653,Q1 малые,0.5043,0.2476,0.0019,0.721,0.089,Остальные,Дебют
59898,City The Animation,2025,Manga,Comedy,13,63427,35640,Q2,0.5579,0.0783,0.005,0.6908,0.2543,Остальные,Дебют
59135,Class no Daikirai na Joshi to Kekkon suru Koto ni Natta.,2025,Light novel,Comedy,12,145137,109927,Q3,0.7576,0.5288,0.0055,0.8611,0.7066,Надёжный просмотр,Дебют
59199,Classic★Stars,2025,Original,Не указан,13,6053,3312,Q1 малые,0.5472,0.2024,0.0046,0.6042,0.247,Остальные,Дебют
59205,Clevatess: Majuu no Ou to Akago to Shikabane no Yuusha,2025,Web manga,Action,12,126357,92647,Q3,0.7289,0.4167,0.0041,0.8614,0.5313,Остальные,Дебют
51680,Cool Doji Danshi,2022,Web manga,Slice of Life,24,108955,62715,Q3,0.5755,0.3383,0.0103,0.8499,0.4496,Нишевые любимчики,Дебют
43735,Cue!,2022,Game,Не указан,24,27828,16457,Q1 малые,0.5914,0.265,0.0055,0.7467,0.3391,Остальные,Дебют
51586,D4DJ All Mix,2023,Mixed media,Не указан,12,16217,10240,Q1 малые,0.6314,0.4467,0.0083,0.8468,0.5849,Нишевые любимчики,Дебют
39681,D4DJ First Mix,2020,Mixed media,Не указан,13,46338,29018,Q2,0.6262,0.4532,0.0113,0.8374,0.6061,Нишевые любимчики,Дебют
45782,D4DJ Petit Mix,2021,Mixed media,Comedy,26,7795,5497,Q1 малые,0.7051,0.4996,0.0036,0.8878,0.5462,Остальные,Дебют
48702,Dance Dance Danseur,2022,Manga,Drama,11,103616,69894,Q3,0.6745,0.5347,0.0062,0.8803,0.6624,Нишевые любимчики,Дебют
57334,Dandadan,2024,Manga,Action,12,839287,740627,Q4 крупные,0.881,0.69,0.0164,0.9258,0.9652,Флагманы,Дебют
60543,Dandadan 2nd Season,2025,Manga,Action,12,405651,289414,Q4 крупные,0.7128,0.356,0.0069,0.8819,0.578,Нишевые любимчики,Продолжение
52709,"Danjo no Yuujou wa Seiritsu suru? (Iya, Shinai!!)",2025,Light novel,Comedy,12,131954,89427,Q3,0.6777,0.4226,0.0052,0.8286,0.5471,Остальные,Дебют
52505,Dark Gathering,2023,Manga,Horror,25,174978,105806,Q3,0.6045,0.3301,0.0074,0.7993,0.4423,Нишевые любимчики,Дебют
38656,Darwin's Game,2020,Manga,Action,11,600932,483048,Q4 крупные,0.8039,0.6764,0.0045,0.9166,0.7681,Надёжный просмотр,Дебют
41461,Date A Live IV,2022,Light novel,Action,12,280684,167915,Q4 крупные,0.5981,0.4732,0.0122,0.9125,0.5976,Нишевые любимчики,Продолжение
52196,Date A Live V,2024,Light novel,Action,12,133053,73726,Q3,0.554,0.4223,0.0103,0.8763,0.5074,Нишевые любимчики,Продолжение
53613,Dead Mount Death Play,2023,Manga,Action,12,274089,207674,Q4 крупные,0.7575,0.5521,0.0046,0.8783,0.6806,Надёжный просмотр,Дебют
54743,Dead Mount Death Play Part 2,2023,Manga,Action,12,137898,102252,Q3,0.7413,0.6024,0.0027,0.907,0.5837,Надёжный просмотр,Продолжение
48779,Deaimon,2022,Manga,Slice of Life,12,106336,75275,Q3,0.7079,0.5205,0.0044,0.8806,0.6119,Надёжный просмотр,Дебют
43814,Deatte 5-byou de Battle,2021,Web manga,Action,12,231112,179191,Q4 крупные,0.7751,0.6152,0.0041,0.9007,0.7054,Надёжный просмотр,Дебют
40056,Deca-Dence,2020,Original,Action,12,319695,226657,Q4 крупные,0.7089,0.5215,0.003,0.8632,0.5259,Надёжный просмотр,Дебют
49292,Deep Insanity: The Lost Child,2021,Mixed media,Action,12,46745,27919,Q2,0.5972,0.2761,0.0052,0.6536,0.3418,Остальные,Дебют
49505,Deji Meets Girl,2021,Original,Slice of Life,12,35297,18612,Q2,0.5272,0.3915,0.0044,0.8941,0.3342,Остальные,Дебют
60315,Dekin no Mogura,2025,Manga,Comedy,12,18834,9688,Q1 малые,0.5133,0.1714,0.003,0.6252,0.1238,Остальные,Дебют
51916,Dekiru Neko wa Kyou mo Yuuutsu,2023,Manga,Comedy,13,121275,84082,Q3,0.6932,0.4558,0.0061,0.828,0.6164,Нишевые любимчики,Дебют
55717,Dekisokonai to Yobareta Motoeiyuu wa Jikka kara Tsuihou sareta node Sukikatte ni Ikiru Koto ni Shita,2024,Light novel,Action,12,88971,70049,Q3,0.7871,0.4203,0.0024,0.7673,0.4753,Остальные,Дебют
52985,Dekoboko Majo no Oyako Jijou,2023,4-koma manga,Comedy,12,64378,42544,Q2,0.6606,0.373,0.0023,0.7538,0.3261,Остальные,Дебют
50281,Delicious Party♡Precure,2022,Original,Action,45,12103,7608,Q1 малые,0.6283,0.2936,0.0101,0.8096,0.4771,Нишевые любимчики,Дебют
56179,Delico's Nursery,2024,Other,Fantasy,13,54065,28411,Q2,0.5253,0.2394,0.0049,0.7292,0.261,Остальные,Дебют
41074,Digimon Adventure:,2020,Other,Action,67,60361,45081,Q2,0.7467,0.2481,0.0035,0.8005,0.399,Остальные,Продолжение
49515,Digimon Ghost Game,2021,Other,Action,67,25902,17411,Q1 малые,0.6722,0.2416,0.0064,0.7903,0.462,Нишевые любимчики,Дебют
48542,Do It Yourself!!,2022,Original,Slice of Life,12,119776,75460,Q3,0.6299,0.4228,0.0054,0.8579,0.4953,Остальные,Дебют
54294,Dog Signal,2023,Manga,Slice of Life,20,8271,3682,Q1 малые,0.4451,0.2097,0.0046,0.6788,0.2068,Остальные,Дебют
42571,Dogeza de Tanondemita,2020,Web manga,Comedy,12,80603,51747,Q2,0.6419,0.4726,0.0026,0.8622,0.3942,Остальные,Дебют
40623,Dokyuu Hentai HxEros,2020,Manga,Action,12,155856,110429,Q3,0.7085,0.4403,0.0018,0.7975,0.4063,Остальные,Дебют
46604,Dolls' Frontline,2022,Game,Action,12,56023,32101,Q2,0.573,0.2736,0.0052,0.6789,0.317,Остальные,Дебют
38668,Dorohedoro,2020,Manga,Action,12,609242,441463,Q4 крупные,0.7244,0.6074,0.0162,0.9052,0.8302,Флагманы,Дебют
53421,Dosanko Gal wa Namara Menkoi,2024,Manga,Comedy,12,204817,153045,Q3,0.7469,0.5482,0.0052,0.8724,0.7036,Надёжный просмотр,Дебют
58259,"Douse, Koishite Shimaunda.",2025,Manga,Drama,12,35498,21051,Q2,0.5925,0.2843,0.0033,0.6703,0.2337,Остальные,Дебют
48549,Dr. Stone: New World,2023,Manga,Adventure,11,564301,419285,Q4 крупные,0.7426,0.628,0.0058,0.9339,0.7666,Флагманы,Продолжение
55644,Dr. Stone: New World Part 2,2023,Manga,Adventure,11,387549,311636,Q4 крупные,0.8035,0.7272,0.0041,0.9585,0.7584,Надёжный просмотр,Продолжение
57592,Dr. Stone: Science Future,2025,Manga,Adventure,12,256204,182744,Q4 крупные,0.7115,0.5745,0.0044,0.9205,0.6449,Надёжный просмотр,Продолжение
61322,Dr. Stone: Science Future Part 2,2025,Manga,Adventure,12,153882,99267,Q3,0.6444,0.3233,0.0032,0.8982,0.3143,Остальные,Продолжение
40852,Dr. Stone: Stone Wars,2021,Manga,Adventure,11,1160079,980066,Q4 крупные,0.8445,0.7352,0.0065,0.9601,0.8874,Флагманы,Продолжение
56894,Dragon Ball Daima,2024,Manga,Action,20,124483,94076,Q3,0.7554,0.4757,0.0073,0.8446,0.7196,Флагманы,Продолжение
40906,Dragon Quest: Dai no Daibouken (2020),2020,Manga,Action,100,79089,54285,Q2,0.6864,0.1896,0.0083,0.7876,0.4947,Нишевые любимчики,Дебют
40526,"Dragon, Ie wo Kau.",2021,Manga,Comedy,12,69938,48898,Q2,0.6989,0.3942,0.0031,0.7305,0.4257,Остальные,Дебют
52701,Dungeon Meshi,2024,Manga,Adventure,24,522720,419154,Q4 крупные,0.8014,0.5666,0.0209,0.8822,0.8738,Флагманы,Дебют
40454,Dungeon ni Deai wo Motomeru no wa Machigatteiru Darou ka III,2020,Light novel,Action,12,661334,545003,Q4 крупные,0.824,0.7048,0.0029,0.9415,0.6979,Надёжный просмотр,Продолжение
47164,Dungeon ni Deai wo Motomeru no wa Machigatteiru Darou ka IV: Shin Shou - Meikyuu-hen,2022,Light novel,Action,11,392474,281557,Q4 крупные,0.7173,0.6171,0.0055,0.9404,0.7209,Надёжный просмотр,Продолжение
53111,Dungeon ni Deai wo Motomeru no wa Machigatteiru Darou ka IV: Shin Shou - Yakusai-hen,2023,Light novel,Action,11,277529,225736,Q4 крупные,0.8131,0.7365,0.0066,0.9529,0.8738,Флагманы,Продолжение
57066,Dungeon ni Deai wo Motomeru no wa Machigatteiru Darou ka V: Houjou no Megami-hen,2024,Light novel,Action,15,197505,134835,Q3,0.6822,0.4899,0.0057,0.8948,0.6246,Остальные,Продолжение
56348,Dungeon no Naka no Hito,2024,Web manga,Adventure,12,49449,34575,Q2,0.6989,0.4664,0.0022,0.8255,0.4369,Остальные,Дебют
48470,D_Cide Traumerei the Animation,2021,Mixed media,Action,13,26047,15233,Q1 малые,0.5848,0.2579,0.0041,0.6572,0.2589,Остальные,Дебют
42192,Edens Zero,2021,Manga,Action,25,279228,194747,Q4 крупные,0.6973,0.4152,0.0071,0.8209,0.6131,Нишевые любимчики,Дебют
50002,Edens Zero 2nd Season,2023,Manga,Action,25,79407,44815,Q2,0.5642,0.3405,0.0039,0.8326,0.2834,Остальные,Продолжение
52081,Edomae Elf,2023,Manga,Comedy,12,72696,47211,Q2,0.6493,0.408,0.0029,0.7969,0.3721,Остальные,Дебют
58926,Egumi Legacy,2024,Card game,Avant Garde,12,1926,1473,Q1 малые,0.7648,0.4091,0.0057,0.6782,0.6334,Остальные,Дебют
49894,Eiyuu Kyoushitsu,2023,Light novel,Action,12,140622,104761,Q3,0.7447,0.4685,0.0035,0.8348,0.5556,Надёжный просмотр,Дебют
50481,"Eiyuuou, Bu wo Kiwameru Tame Tenseisu: Soshite, Sekai Saikyou no Minarai Kishi♀",2023,Light novel,Action,12,170981,137600,Q3,0.8044,0.5881,0.0038,0.9,0.6903,Надёжный просмотр,Дебют
39792,Eizouken ni wa Te wo Dasu na!,2020,Manga,Adventure,12,360614,232417,Q4 крупные,0.6444,0.4315,0.0124,0.8396,0.6164,Нишевые любимчики,Дебют
57845,Elf-san wa Yaserarenai.,2024,Web manga,Comedy,12,49452,33165,Q2,0.6702,0.3574,0.004,0.7505,0.4236,Остальные,Дебют
40956,Enen no Shouboutai: Ni no Shou,2020,Manga,Action,24,880583,748782,Q4 крупные,0.8504,0.6756,0.0035,0.9425,0.7384,Надёжный просмотр,Продолжение
51818,Enen no Shouboutai: San no Shou,2025,Manga,Action,12,268299,145400,Q3,0.5415,0.3723,0.0066,0.8659,0.4105,Нишевые любимчики,Продолжение
51417,Engage Kiss,2022,Mixed media,Action,13,267212,193094,Q4 крупные,0.7225,0.4435,0.0047,0.8191,0.584,Остальные,Дебют
50862,Estab-Life: Great Escape,2022,Mixed media,Sci-Fi,12,13131,7519,Q1 малые,0.5726,0.2911,0.0034,0.7101,0.2201,Остальные,Дебют
51293,Eternal Boys,2022,Original,Slice of Life,24,14912,5926,Q1 малые,0.3974,0.1684,0.0048,0.7722,0.2013,Остальные,Дебют
60535,Everyday Host,2025,4-koma manga,Comedy,24,8074,3757,Q1 малые,0.4644,0.025,0.004,0.7128,0.1526,Остальные,Дебют
38853,Ex-Arm,2021,Manga,Action,12,85476,59917,Q2,0.701,0.1904,0.0036,0.4775,0.3454,Остальные,Дебют
50999,Extreme Hearts,2022,Original,Sci-Fi,12,13510,8859,Q1 малые,0.6556,0.3881,0.0024,0.7373,0.3379,Остальные,Дебют
45665,Fairy Ranmaru: Anata no Kokoro Otasuke Shimasu,2021,Original,Action,12,27401,13959,Q1 малые,0.5094,0.2203,0.0061,0.657,0.2903,Нишевые любимчики,Дебют
49785,Fairy Tail: 100-nen Quest,2024,Web manga,Action,25,163627,81471,Q3,0.4978,0.2438,0.0103,0.8079,0.3582,Нишевые любимчики,Продолжение
48997,Fantasy Bishoujo Juniku Ojisan to,2022,Web manga,Adventure,12,199785,154503,Q3,0.7732,0.5619,0.0043,0.8764,0.6866,Надёжный просмотр,Дебют
59113,Farmagia,2025,Game,Action,12,16343,10618,Q1 малые,0.6493,0.2647,0.0022,0.5908,0.234,Остальные,Дебют
60697,Fermat no Ryouri,2025,Manga,Drama,12,15937,9558,Q1 малые,0.6017,0.2004,0.0027,0.7658,0.1738,Остальные,Дебют
51304,FLCL: Grunge,2023,Original,Action,3,35596,9090,Q1 малые,0.2554,0.1849,0.0047,0.8069,0.1998,Остальные,Дебют
51305,FLCL: Shoegaze,2023,Original,Action,3,22591,8142,Q1 малые,0.3604,0.2803,0.0025,0.8388,0.106,Остальные,Дебют
60508,"Food Court de, Mata Ashita.",2025,Web manga,Slice of Life,6,29670,17484,Q1 малые,0.5875,0.3673,0.0036,0.7696,0.3037,Остальные,Дебют
40417,Fruits Basket 2nd Season,2020,Manga,Drama,25,565540,437026,Q4 крупные,0.7726,0.6398,0.0113,0.9448,0.8689,Флагманы,Дебют
42938,Fruits Basket: The Final,2021,Manga,Drama,13,541178,379899,Q4 крупные,0.7019,0.6071,0.039,0.9489,0.8211,Флагманы,Дебют
41120,Fugou Keiji: Balance:Unlimited,2020,Novel,Mystery,11,462492,343612,Q4 крупные,0.7429,0.546,0.0065,0.8709,0.7411,Флагманы,Дебют
59144,"Fuguushoku ""Kanteishi"" ga Jitsu wa Saikyou Datta",2025,Light novel,Action,12,111349,90434,Q3,0.8117,0.5407,0.0027,0.8818,0.5934,Надёжный просмотр,Дебют
41025,Fumetsu no Anata e,2021,Manga,Adventure,20,955841,674650,Q4 крупные,0.7058,0.4379,0.0164,0.8736,0.6985,Нишевые любимчики,Дебют
49709,Fumetsu no Anata e Season 2,2022,Manga,Adventure,20,317841,205302,Q4 крупные,0.6457,0.4601,0.0054,0.8981,0.5492,Остальные,Продолжение
51212,Futoku no Guild,2022,Manga,Comedy,12,125543,91532,Q3,0.729,0.4681,0.0042,0.8251,0.5837,Остальные,Дебют
40488,Futsal Boys!!!!!,2022,Mixed media,Sports,12,35066,23179,Q2,0.661,0.3281,0.0066,0.6978,0.4983,Нишевые любимчики,Дебют
50425,"Fuufu Ijou, Koibito Miman.",2022,Manga,Romance,12,393883,324508,Q4 крупные,0.8237,0.6777,0.0115,0.9195,0.9158,Флагманы,Дебют
48649,Fuuto Tantei,2022,Manga,Action,12,75288,40525,Q2,0.5381,0.3028,0.0063,0.7907,0.3448,Нишевые любимчики,Дебют
48760,"Gaikotsu Kishi-sama, Tadaima Isekai e Odekakechuu",2022,Light novel,Action,12,356867,301259,Q4 крупные,0.8441,0.687,0.0051,0.9182,0.8256,Надёжный просмотр,Дебют
40358,Gal to Kyouryuu,2020,Manga,Comedy,12,35299,21474,Q2,0.6083,0.2486,0.0027,0.6517,0.2028,Остальные,Дебют
59689,Game Center Shoujo to Ibunka Kouryuu,2025,Web manga,Comedy,12,31109,17864,Q1 малые,0.5736,0.1208,0.0024,0.733,0.1169,Остальные,Дебют
41381,Garugaku.: Sei Girls Square Gakuin,2020,Mixed media,Не указан,50,2923,1562,Q1 малые,0.5344,0.1355,0.0017,0.7263,0.0684,Остальные,Дебют
43350,Gebäude Bäude,2020,Original,Comedy,10,1966,1302,Q1 малые,0.6623,0.4914,0.0025,0.8559,0.4342,Остальные,Дебют
54632,Gekai Elise,2024,Web manga,Fantasy,12,108854,82831,Q3,0.7603,0.6091,0.005,0.9025,0.7345,Надёжный просмотр,Дебют
32455,Gekidol: Actidol Project,2021,Original,Drama,12,16890,9846,Q1 малые,0.5829,0.3225,0.0015,0.7225,0.1644,Остальные,Дебют
56691,Gekkan Mousou Kagaku,2024,Original,Comedy,12,12005,7042,Q1 малые,0.5866,0.2162,0.0009,0.5603,0.1075,Остальные,Дебют
52214,Genjitsu no Yohane: Sunshine in the Mirror,2023,Other,Fantasy,13,42648,25447,Q2,0.5965,0.311,0.0044,0.7468,0.3185,Остальные,Дебют
41710,Genjitsu Shugi Yuusha no Oukoku Saikenki,2021,Light novel,Action,13,441565,365452,Q4 крупные,0.8274,0.6827,0.0062,0.9262,0.8547,Флагманы,Дебют
49930,Genjitsu Shugi Yuusha no Oukoku Saikenki Part 2,2022,Light novel,Action,13,287664,244382,Q4 крупные,0.8494,0.7172,0.005,0.9362,0.8305,Надёжный просмотр,Продолжение
49514,Gensou Sangokushi: Tengen Reishinki,2022,Game,Fantasy,12,23220,13632,Q1 малые,0.587,0.1962,0.0044,0.5599,0.2619,Остальные,Дебют
43741,Getter Robo Arc,2021,Manga,Action,13,6798,4546,Q1 малые,0.6687,0.3907,0.004,0.7518,0.4463,Остальные,Дебют
40074,Gibiate,2020,Original,Action,12,70776,45861,Q2,0.6479,0.2619,0.0009,0.645,0.1995,Остальные,Дебют
54968,Giji Harem,2024,Web manga,Comedy,12,201977,142021,Q3,0.703,0.4414,0.0079,0.7985,0.6552,Нишевые любимчики,Дебют
52481,Gimai Seikatsu,2024,Light novel,Romance,12,194632,135612,Q3,0.6965,0.4598,0.0078,0.8599,0.663,Нишевые любимчики,Дебют
61274,Ginga Tokkyuu Milky☆Subway,2025,Original,Comedy,12,8929,5012,Q1 малые,0.5604,0.3096,0.004,0.8023,0.2658,Остальные,Дебют
55102,Girls Band Cry,2024,Original,Drama,13,122464,72888,Q3,0.5946,0.4248,0.0231,0.8427,0.5722,Нишевые любимчики,Дебют
39463,Gleipnir,2020,Manga,Action,13,527741,390826,Q4 крупные,0.7405,0.5564,0.0038,0.8821,0.6315,Надёжный просмотр,Дебют
47160,Goblin Slayer II,2023,Light novel,Action,12,396648,240294,Q4 крупные,0.6058,0.462,0.008,0.894,0.5662,Нишевые любимчики,Продолжение
38337,Gochuumon wa Usagi desu ka? Bloom,2020,4-koma manga,Slice of Life,12,70801,41266,Q2,0.5828,0.4573,0.0071,0.8898,0.5171,Нишевые любимчики,Продолжение
43229,Godzilla: S.P,2021,Original,Action,13,73676,51317,Q2,0.6965,0.4777,0.0055,0.8411,0.6182,Остальные,Дебют
40059,Golden Kamuy 3rd Season,2020,Manga,Action,12,190333,135689,Q3,0.7128,0.6214,0.0083,0.9471,0.7869,Флагманы,Продолжение
50528,Golden Kamuy 4th Season,2022,Manga,Action,13,113341,72273,Q3,0.6375,0.4464,0.0056,0.8966,0.5325,Остальные,Продолжение
59935,Gorilla no Kami kara Kago sareta Reijou wa Ouritsu Kishidan de Kawaigarareru,2025,Web manga,Comedy,12,56596,44113,Q2,0.7786,0.4837,0.0027,0.8519,0.5359,Надёжный просмотр,Дебют
56843,Goukon ni Ittara Onna ga Inakatta Hanashi,2024,Web manga,Comedy,12,63457,41453,Q2,0.6531,0.4535,0.0058,0.8304,0.5686,Нишевые любимчики,Дебют
59986,Grand Blue Season 2,2025,Manga,Comedy,12,151104,85843,Q3,0.5661,0.2631,0.0065,0.8247,0.35,Нишевые любимчики,Продолжение
40052,Great Pretender,2020,Original,Action,23,725743,521383,Q4 крупные,0.7183,0.5351,0.0143,0.9048,0.7793,Флагманы,Дебют
56189,Grendizer U,2024,Manga,Action,13,8254,4343,Q1 малые,0.526,0.241,0.0044,0.6603,0.2346,Остальные,Дебют
51119,Grisaia: Phantom Trigger,2025,Visual novel,Action,13,33364,11817,Q1 малые,0.3539,0.1749,0.0028,0.6669,0.0857,Остальные,Дебют
55997,"Guild no Uketsukejou desu ga, Zangyou wa Iya nanode Boss wo Solo Toubatsu Shiyou to Omoimasu",2025,Light novel,Action,12,133413,101685,Q3,0.762,0.492,0.003,0.8608,0.554,Надёжный просмотр,Дебют
59070,Guilty Gear Strive: Dual Rulers,2025,Game,Action,8,21395,11905,Q1 малые,0.5564,0.266,0.0036,0.6347,0.2198,Остальные,Дебют
49691,Gunjou no Fanfare,2022,Original,Sports,13,26777,15237,Q1 малые,0.5691,0.2882,0.0049,0.7271,0.3046,Остальные,Дебют
41574,Guraburu!,2020,4-koma manga,Adventure,12,15525,8465,Q1 малые,0.5452,0.3774,0.0014,0.8416,0.1814,Остальные,Дебют
48644,Gyakuten Sekai no Denchi Shoujo,2021,Original,Action,12,23114,14052,Q1 малые,0.6079,0.3497,0.0022,0.7533,0.2389,Остальные,Дебют
38830,"Hachi-nan tte, Sore wa Nai deshou!",2020,Light novel,Action,12,266779,232224,Q4 крупные,0.8703,0.7326,0.002,0.9219,0.6791,Надёжный просмотр,Дебют
56420,Haigakura,2024,Manga,Adventure,13,15450,6548,Q1 малые,0.4237,0.0347,0.0028,0.5315,0.0736,Остальные,Дебют
38883,Haikyuu!! To the Top,2020,Manga,Sports,13,1021249,913518,Q4 крупные,0.8943,0.8206,0.0054,0.9719,0.8747,Надёжный просмотр,Продолжение
40776,Haikyuu!! To the Top Part 2,2020,Manga,Sports,12,897997,784053,Q4 крупные,0.8729,0.7913,0.0071,0.9708,0.9213,Флагманы,Продолжение
59457,"Haite Kudasai, Takamine-san",2025,Manga,Comedy,12,113928,74057,Q3,0.6497,0.3165,0.0076,0.6949,0.4923,Нишевые любимчики,Дебют
49519,Hakozume: Kouban Joshi no Gyakushuu,2022,Manga,Comedy,13,57293,39793,Q2,0.6946,0.4618,0.0028,0.8317,0.459,Остальные,Дебют
54362,Hametsu no Oukoku,2023,Manga,Action,12,219121,161240,Q3,0.7356,0.4655,0.0045,0.8539,0.6064,Остальные,Дебют
56461,Hamidashi Creative,2024,Visual novel,Romance,12,7573,3059,Q1 малые,0.4038,0.1831,0.0029,0.6174,0.0963,Остальные,Дебют
59055,"Hana wa Saku, Shura no Gotoku",2025,Manga,Drama,12,38481,20773,Q2,0.5392,0.2984,0.0026,0.7619,0.155,Остальные,Дебют
55710,Hana-Doll*: Reinterpretation of Flowering,2025,Mixed media,Mystery,12,4083,1128,Q1 малые,0.276,0.0521,0.0051,0.5042,0.2035,Остальные,Дебют
49551,Hanabi-chan wa Okuregachi,2022,Manga,Comedy,12,5789,4294,Q1 малые,0.7416,0.523,0.0022,0.8568,0.5159,Надёжный просмотр,Дебют
55597,Hananoi-kun to Koi no Yamai,2024,Manga,Romance,12,129358,87426,Q3,0.6753,0.4078,0.0043,0.7982,0.4862,Остальные,Дебют
41911,Hanyou no Yashahime: Sengoku Otogizoushi,2020,Original,Action,24,130465,79581,Q3,0.61,0.2946,0.005,0.8061,0.3551,Остальные,Дебют
48505,Hanyou no Yashahime: Sengoku Otogizoushi - Ni no Shou,2021,Original,Action,24,48303,28162,Q2,0.5829,0.3989,0.0066,0.883,0.4617,Нишевые любимчики,Продолжение
48413,Hataraku Maou-sama!!,2022,Light novel,Comedy,12,513769,315684,Q4 крупные,0.6144,0.4071,0.0092,0.8567,0.5395,Нишевые любимчики,Продолжение
53200,Hataraku Maou-sama!! 2nd Season,2023,Light novel,Comedy,12,167199,104062,Q3,0.6221,0.4682,0.002,0.863,0.3418,Остальные,Продолжение
41694,Hataraku Saibou Black,2021,Manga,Action,13,240342,147867,Q3,0.6152,0.4186,0.0019,0.8568,0.2888,Остальные,Продолжение
39586,Hataraku Saibou!!,2021,Manga,Comedy,8,292799,178856,Q4 крупные,0.6108,0.4626,0.0021,0.8853,0.3297,Остальные,Продолжение
35252,Hatena☆Illusion,2020,Light novel,Comedy,12,47592,32693,Q2,0.6869,0.378,0.0007,0.7581,0.3206,Остальные,Дебют
59002,"Hazure Skill ""Kinomi Master"": Skill no Mi (Tabetara Shinu) wo Mugen ni Taberareru You ni Natta Ken ni Tsuite",2025,Manga,Action,12,87553,71570,Q3,0.8171,0.4905,0.0031,0.8442,0.5928,Надёжный просмотр,Дебют
57892,"Hazurewaku no ""Joutai Ijou Skill"" de Saikyou ni Natta Ore ga Subete wo Juurin suru made",2024,Light novel,Action,12,208657,179487,Q4 крупные,0.86,0.6484,0.0039,0.913,0.7605,Надёжный просмотр,Дебют
48857,Healer Girl,2022,Original,Fantasy,12,36749,21853,Q2,0.5946,0.3579,0.0048,0.7778,0.373,Остальные,Дебют
40610,Healin' Good♡Precure,2020,Original,Action,45,14069,8775,Q1 малые,0.6237,0.3216,0.0063,0.8499,0.4323,Нишевые любимчики,Дебют
49738,Heike Monogatari,2022,Book,Drama,11,89984,48735,Q2,0.5415,0.3379,0.0089,0.8194,0.4145,Нишевые любимчики,Дебют
42625,Heion Sedai no Idaten-tachi,2021,Manga,Action,11,205373,129487,Q3,0.6303,0.4841,0.0081,0.877,0.6104,Нишевые любимчики,Дебют
51020,Helck,2023,Web manga,Action,24,115643,83838,Q3,0.7249,0.4217,0.0029,0.8542,0.4575,Остальные,Дебют
55877,Henjin no Salad Bowl,2024,Light novel,Comedy,12,68679,49031,Q2,0.7135,0.4869,0.0024,0.8485,0.4777,Остальные,Дебют
40995,Hentatsu (TV),2020,Original,Adventure,12,6404,4008,Q1 малые,0.6257,0.3473,0.0003,0.7915,0.2171,Остальные,Дебют
49692,Heroine Tarumono! Kiraware Heroine to Naisho no Oshigoto,2022,Music,Не указан,12,74820,46183,Q2,0.6172,0.4453,0.0056,0.856,0.508,Остальные,Дебют
38476,Heya Camp△,2020,Manga,Slice of Life,12,104676,72700,Q3,0.6945,0.5892,0.0015,0.9299,0.4862,Надёжный просмотр,Дебют
60658,Hibi wa Sugiredo Meshi Umashi,2025,Original,Gourmet,12,41676,25322,Q2,0.6072,0.3849,0.0063,0.8228,0.469,Нишевые любимчики,Дебют
39894,Hibike! Euphonium 3,2024,Novel,Drama,13,90955,50267,Q2,0.5526,0.4227,0.0204,0.8975,0.5344,Нишевые любимчики,Продолжение
40938,Hige wo Soru. Soshite Joshikousei wo Hirou.,2021,Light novel,Drama,13,657672,530746,Q4 крупные,0.8068,0.6142,0.0096,0.9241,0.865,Флагманы,Дебют
53438,Higeki no Genkyou to Naru Saikyou Gedou Last Boss Joou wa Tami no Tame ni Tsukushimasu.,2023,Light novel,Fantasy,12,117651,89216,Q3,0.7578,0.5981,0.0046,0.8942,0.7039,Надёжный просмотр,Дебют
49154,High Card,2023,Mixed media,Action,12,136043,83210,Q3,0.6115,0.4056,0.0047,0.8408,0.4272,Остальные,Дебют
54869,High Card Season 2,2024,Mixed media,Action,12,49480,29903,Q2,0.6041,0.4292,0.0034,0.8558,0.3603,Остальные,Продолжение
52405,Highspeed Etoile,2024,Original,Не указан,12,18218,9283,Q1 малые,0.5096,0.2388,0.0055,0.6125,0.2791,Остальные,Дебют
41006,Higurashi no Naku Koro ni Gou,2020,Visual novel,Horror,24,296019,178689,Q4 крупные,0.6036,0.3471,0.0055,0.8381,0.4066,Остальные,Продолжение
48488,Higurashi no Naku Koro ni Sotsu,2021,Visual novel,Horror,15,122876,76537,Q3,0.6228,0.4993,0.0065,0.9208,0.5825,Нишевые любимчики,Продолжение
43760,Hikari no Ou,2023,Light novel,Adventure,10,48920,26339,Q2,0.5384,0.2947,0.0022,0.7498,0.1368,Остальные,Дебют
54754,Hikari no Ou 2nd Season,2024,Light novel,Adventure,10,13575,7968,Q1 малые,0.5867,0.4104,0.0008,0.8285,0.2268,Остальные,Продолжение
58913,Hikaru ga Shinda Natsu,2025,Web manga,Horror,12,208058,124922,Q3,0.5965,0.1232,0.0103,0.7265,0.393,Нишевые любимчики,Дебют
54103,Hikikomari Kyuuketsuki no Monmon,2023,Light novel,Comedy,12,126678,83640,Q3,0.6599,0.4494,0.0065,0.834,0.5943,Нишевые любимчики,Дебют
55774,"Himesama ""Goumon"" no Jikan desu",2024,Manga,Comedy,12,76740,50051,Q2,0.6518,0.3739,0.0029,0.748,0.3445,Остальные,Дебют
57946,Himitsu no AiPri,2024,Game,Не указан,51,3721,2039,Q1 малые,0.548,0.1212,0.0048,0.6478,0.2428,Остальные,Дебют
42657,Himitsukessha Taka no Tsume: Golden Spell,2020,Original,Comedy,12,1434,1115,Q1 малые,0.777,0.3958,0.0028,0.7208,0.4714,Остальные,Дебют
53716,Hirogaru Sky! Precure,2023,Original,Action,50,12291,8224,Q1 малые,0.6691,0.3074,0.0133,0.8199,0.554,Нишевые любимчики,Дебют
57891,Hitoribocchi no Isekai Kouryaku,2024,Light novel,Action,12,132246,105041,Q3,0.794,0.5981,0.0038,0.8893,0.6912,Надёжный просмотр,Дебют
58271,Honey Lemon Soda,2025,Manga,Romance,12,116031,74009,Q3,0.6371,0.4096,0.005,0.7931,0.4759,Остальные,Дебют
40815,Honzuki no Gekokujou: Shisho ni Naru Tame ni wa Shudan wo Erandeiraremasen 2nd Season,2020,Light novel,Fantasy,12,242189,210039,Q4 крупные,0.8672,0.7838,0.0036,0.9594,0.7726,Надёжный просмотр,Продолжение
42429,Honzuki no Gekokujou: Shisho ni Naru Tame ni wa Shudan wo Erandeiraremasen 3rd Season,2022,Light novel,Fantasy,10,183982,140374,Q3,0.7629,0.6647,0.0054,0.9389,0.7802,Надёжный просмотр,Продолжение
42897,Horimiya,2021,Manga,Romance,13,1559915,1348788,Q4 крупные,0.8645,0.7271,0.0249,0.949,0.9779,Флагманы,Дебют
54856,Horimiya: Piece,2023,Manga,Romance,13,423793,322143,Q4 крупные,0.7598,0.5797,0.007,0.8752,0.7829,Флагманы,Продолжение
40961,Hortensia Saga,2021,Game,Action,12,76746,48868,Q2,0.6365,0.3503,0.0022,0.7272,0.2679,Остальные,Дебют
50891,Hoshi no Samidare,2022,Manga,Action,24,63200,42060,Q2,0.6655,0.2212,0.0028,0.6863,0.2658,Остальные,Дебют
57362,Hoshifuru Oukoku no Nina,2024,Manga,Fantasy,12,61089,40937,Q2,0.6697,0.4633,0.0062,0.8187,0.6088,Нишевые любимчики,Дебют
53262,Hoshikuzu Telepath,2023,4-koma manga,Comedy,12,58088,30943,Q2,0.5325,0.3003,0.0058,0.755,0.3264,Нишевые любимчики,Дебют
60260,Hotel Inhumans,2025,Web manga,Action,13,18957,10752,Q1 малые,0.5666,0.1045,0.0019,0.6758,0.0893,Остальные,Дебют
56425,Houkago Shounen Hanako-kun,2023,Web manga,Comedy,4,73892,39916,Q2,0.5399,0.4388,0.0059,0.8805,0.442,Нишевые любимчики,Дебют
57102,Houkago Shounen Hanako-kun Part 2,2024,Web manga,Comedy,4,40164,19928,Q2,0.4959,0.4042,0.0036,0.8963,0.2785,Остальные,Продолжение
39730,Houkago Teibou Nisshi,2020,Manga,Gourmet,12,70713,46288,Q2,0.6545,0.4763,0.0049,0.8612,0.5498,Остальные,Дебют
40230,Housekishou Richard-shi no Nazo Kantei,2020,Novel,Drama,12,72597,44516,Q2,0.6131,0.4271,0.0042,0.8146,0.4193,Остальные,Дебют
53012,Human Bug Daigaku,2022,Web manga,Comedy,12,10450,7861,Q1 малые,0.7521,0.4032,0.0025,0.7115,0.442,Остальные,Дебют
53426,Hyakushou Kizoku,2023,Manga,Comedy,12,5079,3234,Q1 малые,0.6362,0.4393,0.0008,0.8167,0.3073,Остальные,Дебют
57562,Hyakushou Kizoku 2nd Season,2024,Manga,Comedy,12,2333,1479,Q1 малые,0.6339,0.4591,0.003,0.8398,0.399,Остальные,Продолжение
51711,Hyouken no Majutsushi ga Sekai wo Suberu,2023,Light novel,Action,12,205163,174202,Q4 крупные,0.8487,0.6384,0.004,0.9042,0.756,Надёжный просмотр,Дебют
40803,Hypnosis Mic: Division Rap Battle - Rhyme Anima,2020,Mixed media,Sci-Fi,13,66583,40671,Q2,0.6108,0.3636,0.0111,0.7496,0.5165,Нишевые любимчики,Дебют
54858,Hypnosis Mic: Division Rap Battle - Rhyme Anima +,2023,Mixed media,Sci-Fi,13,12732,7006,Q1 малые,0.5501,0.3517,0.0086,0.8127,0.4326,Нишевые любимчики,Продолжение
39725,I★Chu: Halfway Through the Idol,2021,Game,Не указан,12,18237,10536,Q1 малые,0.5777,0.321,0.0064,0.7311,0.3872,Нишевые любимчики,Дебют
40046,Id:Invaded,2020,Original,Mystery,13,416250,272540,Q4 крупные,0.6547,0.5111,0.0074,0.8703,0.6509,Нишевые любимчики,Дебют
37962,IDOLiSH7 Second Beat!,2020,Game,Drama,15,35516,22995,Q2,0.6474,0.4685,0.0118,0.8848,0.6524,Нишевые любимчики,Продолжение
45577,IDOLiSH7 Third Beat!,2021,Game,Drama,13,26246,15673,Q1 малые,0.5971,0.4539,0.0153,0.8888,0.5889,Нишевые любимчики,Продолжение
46654,IDOLiSH7 Third Beat! Part 2,2022,Game,Drama,17,17374,10472,Q1 малые,0.6027,0.4327,0.0158,0.881,0.5783,Нишевые любимчики,Продолжение
42981,Idolls!,2021,Original,Не указан,10,5710,4120,Q1 малые,0.7215,0.4368,0.0021,0.7243,0.4275,Остальные,Дебют
40842,Idoly Pride,2021,Mixed media,Drama,12,72501,36047,Q2,0.4971,0.3178,0.0078,0.8037,0.3663,Нишевые любимчики,Дебют
42361,"Ijiranaide, Nagatoro-san",2021,Web manga,Comedy,12,863321,700134,Q4 крупные,0.8109,0.6277,0.0104,0.9014,0.8837,Флагманы,Дебют
50197,"Ijiranaide, Nagatoro-san 2nd Attack",2023,Web manga,Comedy,12,321197,218636,Q4 крупные,0.6806,0.545,0.0065,0.9017,0.6833,Нишевые любимчики,Продолжение
40359,Ikebukuro West Gate Park,2020,Novel,Drama,12,126910,73076,Q3,0.5758,0.3518,0.0029,0.7873,0.2425,Остальные,Дебют
38909,Infinite Dendrogram,2020,Light novel,Action,13,195066,153752,Q3,0.7881,0.5576,0.0016,0.8478,0.5522,Надёжный просмотр,Дебют
51265,Inu ni Nattara Suki na Hito ni Hirowareta.,2023,Web manga,Comedy,12,132882,93277,Q3,0.7019,0.4399,0.0051,0.8023,0.5764,Остальные,Дебют
40833,Inu to Neko Docchi mo Katteru to Mainichi Tanoshii,2020,Web manga,Comedy,24,16482,12754,Q1 малые,0.7738,0.5726,0.0028,0.8974,0.5985,Надёжный просмотр,Дебют
50267,Irodorimidori,2022,Game,Slice of Life,8,11911,7001,Q1 малые,0.5877,0.3493,0.004,0.8195,0.3143,Остальные,Дебют
52830,"Isekai de Cheat Skill wo Te ni Shita Ore wa, Genjitsu Sekai wo mo Musou Suru: Level Up wa Jinsei wo Kaeta",2023,Light novel,Action,13,364905,318056,Q4 крупные,0.8714,0.6706,0.0063,0.9164,0.8765,Флагманы,Дебют
52359,Isekai de Mofumofu Nadenade suru Tame ni Ganbattemasu.,2024,Light novel,Adventure,12,90365,70576,Q3,0.7807,0.556,0.0048,0.875,0.7151,Надёжный просмотр,Дебют
41623,Isekai Maou to Shoukan Shoujo no Dorei Majutsu Ω,2021,Light novel,Action,10,452475,348096,Q4 крупные,0.7693,0.6208,0.0061,0.909,0.7902,Флагманы,Продолжение
44524,Isekai Meikyuu de Harem wo,2022,Light novel,Action,12,287839,232542,Q4 крупные,0.8078,0.5881,0.0075,0.8981,0.8326,Флагманы,Дебют
59130,Isekai Mokushiroku Mynoghra: Hametsu no Bunmei de Hajimeru Sekai Seifuku,2025,Light novel,Adventure,13,84676,58503,Q2,0.6825,0.2045,0.0034,0.8529,0.3218,Остальные,Дебют
51462,Isekai Nonbiri Nouka,2023,Light novel,Fantasy,12,266508,217203,Q4 крупные,0.8148,0.6952,0.0079,0.9198,0.885,Флагманы,Дебют
49220,Isekai Ojisan,2022,Web manga,Comedy,13,409295,323997,Q4 крупные,0.7914,0.5062,0.0055,0.8819,0.7187,Надёжный просмотр,Дебют
51219,Isekai One Turn Kill Neesan: Ane Douhan no Isekai Seikatsu Hajimemashita,2023,Manga,Comedy,12,122318,86300,Q3,0.7054,0.439,0.0039,0.784,0.5144,Остальные,Дебют
39988,Isekai Quartet 2,2020,Original,Comedy,12,249150,212165,Q4 крупные,0.8515,0.7571,0.0011,0.9555,0.6546,Надёжный просмотр,Продолжение
52367,Isekai Shikkaku,2024,Web manga,Adventure,12,218282,164911,Q3,0.7553,0.498,0.0038,0.8358,0.6016,Надёжный просмотр,Дебют
48804,Isekai Shokudou 2,2021,Light novel,Fantasy,12,111013,79925,Q3,0.7198,0.5891,0.0041,0.9159,0.6424,Надёжный просмотр,Продолжение
50220,Isekai Shoukan wa Nidome desu,2023,Light novel,Adventure,12,181961,138953,Q3,0.7635,0.4631,0.0042,0.8222,0.6073,Надёжный просмотр,Дебют
55848,Isekai Suicide Squad,2024,Other,Action,10,155644,90557,Q3,0.5818,0.3181,0.0036,0.8071,0.2643,Остальные,Дебют
51632,Isekai wa Smartphone to Tomo ni. 2,2023,Light novel,Adventure,12,165752,123281,Q3,0.7436,0.5607,0.0064,0.8386,0.7484,Флагманы,Продолжение
49438,Isekai Yakkyoku,2022,Light novel,Fantasy,12,258525,218478,Q4 крупные,0.8449,0.705,0.0037,0.9344,0.7599,Надёжный просмотр,Дебют
57380,Isekai Yururi Kikou: Kosodateshinagara Boukensha Shimasu,2024,Light novel,Adventure,12,88467,72253,Q3,0.8165,0.5634,0.0036,0.8689,0.6727,Надёжный просмотр,Дебют
54449,Ishura,2024,Light novel,Action,12,125529,81643,Q3,0.6499,0.3651,0.0036,0.7358,0.383,Остальные,Дебют
58484,Ishura 2nd Season,2025,Light novel,Action,12,41481,25184,Q2,0.6071,0.441,0.0038,0.8605,0.4015,Остальные,Продолжение
40010,Ishuzoku Reviewers,2020,Web manga,Comedy,12,496609,410797,Q4 крупные,0.8271,0.5729,0.0193,0.8856,0.891,Флагманы,Дебют
58359,"Isshun de Chiryou shiteita noni Yakutatazu to Tsuihou sareta Tensai Chiyushi, Yami Healer toshite Tanoshiku Ikiru",2025,Light novel,Fantasy,12,132358,105209,Q3,0.7944,0.587,0.0029,0.8655,0.6264,Надёжный просмотр,Дебют
38790,Itai no wa Iya nanode Bougyoryoku ni Kyokufuri Shitai to Omoimasu.,2020,Light novel,Action,12,585009,497581,Q4 крупные,0.8504,0.7164,0.0066,0.9296,0.8904,Флагманы,Дебют
41514,Itai no wa Iya nanode Bougyoryoku ni Kyokufuri Shitai to Omoimasu. 2,2023,Light novel,Action,12,263786,172162,Q4 крупные,0.6524,0.4766,0.0051,0.8767,0.558,Остальные,Продолжение
45587,Itazuraguma no Gloomy,2021,Other,Comedy,12,9073,6874,Q1 малые,0.7576,0.5338,0.0051,0.8712,0.6918,Надёжный просмотр,Дебют
41783,Iwa Kakeru! Sport Climbing Girls,2020,Web manga,Sports,12,102238,67825,Q3,0.6633,0.4293,0.0022,0.7845,0.3685,Остальные,Дебют
58822,Izure Saikyou no Renkinjutsushi?,2025,Light novel,Adventure,12,107745,91208,Q3,0.8461,0.6616,0.0026,0.9188,0.6742,Надёжный просмотр,Дебют
48753,Jahy-sama wa Kujikenai!,2021,Manga,Comedy,20,263335,176193,Q4 крупные,0.669,0.3454,0.0055,0.8244,0.485,Остальные,Дебют
40530,Jaku-Chara Tomozaki-kun,2021,Light novel,Drama,12,428833,328899,Q4 крупные,0.7668,0.6149,0.0047,0.899,0.7293,Надёжный просмотр,Дебют
50803,Jaku-Chara Tomozaki-kun 2nd Stage,2024,Light novel,Drama,13,144014,96784,Q3,0.6719,0.4984,0.0043,0.8682,0.5568,Остальные,Продолжение
50789,Jantama Pong☆,2022,Game,Comedy,11,9377,7020,Q1 малые,0.7485,0.5501,0.0019,0.8692,0.5253,Надёжный просмотр,Дебют
42994,Jashin-chan Dropkick X,2022,Web manga,Comedy,12,45067,26974,Q2,0.5984,0.4295,0.0033,0.877,0.353,Остальные,Продолжение
39049,Jashin-chan Dropkick',2020,Web manga,Comedy,11,56016,37395,Q2,0.6675,0.5548,0.0024,0.9011,0.4729,Остальные,Продолжение
39534,Jibaku Shounen Hanako-kun,2020,Manga,Supernatural,12,666765,506094,Q4 крупные,0.759,0.5944,0.0188,0.8784,0.8562,Флагманы,Дебют
53924,Jibaku Shounen Hanako-kun 2,2025,Manga,Supernatural,12,88881,43718,Q2,0.4915,0.3283,0.0073,0.8431,0.3633,Нишевые любимчики,Продолжение
61339,Jibaku Shounen Hanako-kun 2 Part 2,2025,Manga,Supernatural,12,41591,19469,Q2,0.4678,0.2163,0.0051,0.819,0.2419,Остальные,Продолжение
52619,Jidou Hanbaiki ni Umarekawatta Ore wa Meikyuu wo Samayou,2023,Light novel,Comedy,12,169458,141983,Q3,0.8374,0.5861,0.0024,0.8509,0.6219,Надёжный просмотр,Дебют
56700,Jidou Hanbaiki ni Umarekawatta Ore wa Meikyuu wo Samayou 2nd Season,2025,Light novel,Comedy,12,48805,28017,Q2,0.5708,0.2641,0.0015,0.8016,0.1238,Остальные,Продолжение
59342,Jigoku Sensei Nube (2025),2025,Manga,Comedy,13,21592,10097,Q1 малые,0.4668,0.1251,0.0019,0.6499,0.046,Остальные,Дебют
46569,Jigokuraku,2023,Manga,Action,13,858418,710190,Q4 крупные,0.8273,0.6576,0.0108,0.9282,0.9077,Флагманы,Дебют
56230,Jiisan Baasan Wakagaeru,2024,Web manga,Comedy,11,142168,93403,Q3,0.6568,0.3723,0.004,0.7534,0.4193,Остальные,Дебют
53621,Jijou wo Shiranai Tenkousei ga Guigui Kuru.,2023,Manga,Comedy,13,76878,56449,Q2,0.734,0.5038,0.0041,0.8362,0.6076,Надёжный просмотр,Дебют
52969,"Jitsu wa Ore, Saikyou deshita?",2023,Light novel,Adventure,12,197827,168892,Q4 крупные,0.8533,0.6519,0.0029,0.9034,0.6948,Надёжный просмотр,Дебют
47250,Jouran: The Princess of Snow and Blood,2021,Original,Action,12,100507,60037,Q2,0.5973,0.2819,0.0039,0.7269,0.277,Остальные,Дебют
40748,Jujutsu Kaisen,2020,Manga,Action,24,2880058,2675506,Q4 крупные,0.9289,0.7758,0.0327,0.968,0.9952,Флагманы,Дебют
51009,Jujutsu Kaisen 2nd Season,2023,Manga,Action,23,1255502,1079744,Q4 крупные,0.8595,0.6911,0.0198,0.9507,0.9631,Флагманы,Продолжение
57360,Kabushikigaisha Magi-Lumière,2024,Manga,Action,12,32236,19227,Q2,0.5959,0.3608,0.002,0.791,0.2246,Остальные,Дебют
48316,Kage no Jitsuryokusha ni Naritakute!,2022,Light novel,Action,20,807396,672579,Q4 крупные,0.8328,0.6666,0.0216,0.9287,0.9398,Флагманы,Дебют
54595,Kage no Jitsuryokusha ni Naritakute! 2nd Season,2023,Light novel,Action,12,490655,413753,Q4 крупные,0.8431,0.722,0.0103,0.9451,0.9319,Флагманы,Продолжение
43691,Kageki Shoujo!!,2021,Manga,Drama,13,90985,47336,Q2,0.5203,0.3609,0.0057,0.8537,0.3642,Нишевые любимчики,Дебют
48775,Kaginado,2021,Original,Comedy,12,31796,15889,Q1 малые,0.4997,0.359,0.0043,0.8428,0.2916,Остальные,Дебют
50685,Kaginado Season 2,2022,Original,Comedy,12,15007,9571,Q1 малые,0.6375,0.5179,0.0039,0.8665,0.5023,Остальные,Продолжение
43608,Kaguya-sama wa Kokurasetai: Ultra Romantic,2022,Manga,Comedy,13,1058550,836639,Q4 крупные,0.7903,0.6763,0.0309,0.9475,0.9225,Флагманы,Дебют
40591,Kaguya-sama wa Kokurasetai? Tensai-tachi no Renai Zunousen,2020,Manga,Comedy,12,1453073,1265233,Q4 крупные,0.8707,0.7874,0.0131,0.9666,0.97,Флагманы,Продолжение
42822,Kai Byoui Ramune,2021,Manga,Mystery,12,89517,60796,Q3,0.6791,0.4671,0.0038,0.8352,0.5153,Остальные,Дебют
40750,Kaifuku Jutsushi no Yarinaoshi,2021,Light novel,Action,12,627775,542965,Q4 крупные,0.8649,0.6565,0.0104,0.8983,0.9255,Флагманы,Дебют
54199,Kaii to Otome to Kamikakushi,2024,Web manga,Mystery,12,99476,62041,Q3,0.6235,0.359,0.003,0.7828,0.3046,Остальные,Дебют
49385,Kaijin Kaihatsu-bu no Kuroitsu-san,2022,Web manga,Comedy,12,63495,41322,Q2,0.6507,0.3656,0.0029,0.7479,0.3351,Остальные,Дебют
52588,Kaijuu 8-gou,2024,Manga,Action,12,656665,549632,Q4 крупные,0.8363,0.7212,0.0098,0.9441,0.9213,Флагманы,Дебют
59177,Kaijuu 8-gou 2nd Season,2025,Manga,Action,11,267207,153272,Q3,0.5718,0.1591,0.005,0.8743,0.2691,Остальные,Продолжение
52446,Kaiko sareta Ankoku Heishi (30-dai) no Slow na Second Life,2023,Light novel,Comedy,12,178960,146845,Q3,0.8202,0.6598,0.0032,0.8956,0.6982,Надёжный просмотр,Дебют
42544,Kaizoku Oujo,2021,Original,Action,12,220565,131405,Q3,0.5957,0.4016,0.0058,0.8464,0.4514,Нишевые любимчики,Дебют
48675,Kakkou no Iinazuke,2022,Manga,Comedy,24,323659,229675,Q4 крупные,0.7094,0.4317,0.0072,0.8805,0.6418,Нишевые любимчики,Дебют
59402,Kakkou no Iinazuke Season 2,2025,Manga,Comedy,12,56526,28280,Q2,0.4998,0.1997,0.0044,0.7954,0.214,Остальные,Продолжение
40716,Kakushigoto,2020,Manga,Comedy,12,347912,224920,Q4 крупные,0.6464,0.4856,0.0062,0.8762,0.5946,Нишевые любимчики,Дебют
58833,Kakushite! Makina-san!!,2025,Manga,Comedy,12,48354,27489,Q2,0.5682,0.2759,0.0052,0.7217,0.3152,Остальные,Дебют
50470,Kami Kuzu☆Idol,2022,Manga,Comedy,10,26765,17289,Q1 малые,0.6459,0.3946,0.002,0.8002,0.313,Остальные,Дебют
40221,Kami no Tou,2020,Web manga,Action,13,1041919,879435,Q4 крупные,0.844,0.7176,0.0066,0.9388,0.884,Флагманы,Дебют
59989,Kami no Tou: Koubou-sen,2024,Web manga,Action,13,126419,102077,Q3,0.8074,0.6079,0.0021,0.8884,0.6049,Надёжный просмотр,Продолжение
52635,Kami no Tou: Ouji no Kikan,2024,Web manga,Action,13,275581,194572,Q4 крупные,0.7058,0.4396,0.0047,0.8648,0.5622,Остальные,Продолжение
50869,Kami wa Game ni Ueteiru.,2024,Light novel,Fantasy,13,97922,70028,Q3,0.715,0.3989,0.0027,0.7382,0.4172,Остальные,Дебют
41312,Kami-tachi ni Hirowareta Otoko,2020,Light novel,Fantasy,12,244656,208695,Q4 крупные,0.8527,0.7215,0.0047,0.9175,0.8183,Надёжный просмотр,Дебют
49109,Kami-tachi ni Hirowareta Otoko 2nd Season,2023,Light novel,Fantasy,12,135882,102026,Q3,0.7506,0.6066,0.0057,0.9083,0.7526,Надёжный просмотр,Продолжение
54798,Kamierabi,2023,Original,Action,12,28241,14083,Q1 малые,0.4984,0.2388,0.0027,0.6598,0.1141,Остальные,Дебют
56967,Kamierabi 2nd Season,2024,Original,Action,12,8252,4330,Q1 малые,0.5246,0.3586,0.0022,0.8036,0.178,Остальные,Продолжение
51693,Kaminaki Sekai no Kamisama Katsudou,2023,Manga,Action,12,224093,174209,Q4 крупные,0.777,0.5184,0.0034,0.8576,0.6058,Надёжный просмотр,Дебют
41930,Kamisama ni Natta Hi,2020,Original,Drama,12,279326,195757,Q4 крупные,0.7007,0.5143,0.0058,0.8881,0.6606,Нишевые любимчики,Дебют
57820,Kamitsubaki-shi Kensetsuchuu.,2025,Other,Sci-Fi,12,10303,3967,Q1 малые,0.3841,0.0988,0.0032,0.5562,0.1026,Остальные,Дебют
53879,Kamonohashi Ron no Kindan Suiri,2023,Manga,Comedy,13,157982,101302,Q3,0.641,0.4312,0.0065,0.8252,0.551,Нишевые любимчики,Дебют
57635,Kamonohashi Ron no Kindan Suiri 2nd Season,2024,Manga,Comedy,13,61256,37725,Q2,0.6157,0.4598,0.0042,0.8747,0.4526,Остальные,Продолжение
60140,"Kanchigai no Atelier Meister: Eiyuu Party no Moto Zatsuyougakari ga, Jitsu wa Sentou Igai ga SSS Rank Datta to Iu Yoku Aru Hanashi",2025,Light novel,Action,12,83424,70011,Q3,0.8381,0.5993,0.0026,0.902,0.6403,Надёжный просмотр,Дебют
30455,KanColle: Itsuka Ano Umi de,2022,Game,Action,8,54437,12143,Q1 малые,0.223,0.1317,0.004,0.7729,0.1529,Остальные,Дебют
59505,Kankin Kuiki Level X,2024,Web novel,Horror,6,7504,3778,Q1 малые,0.5033,0.3023,0.0037,0.715,0.2137,Остальные,Дебют
60094,Kankin Kuiki Level X 2nd Season,2025,Web novel,Horror,6,2212,1110,Q1 малые,0.5018,0.3856,0.0036,0.8489,0.2725,Остальные,Продолжение
52308,Kanojo ga Koushaku-tei ni Itta Riyuu,2023,Web manga,Fantasy,12,184702,137490,Q3,0.7442,0.5948,0.009,0.8987,0.8062,Флагманы,Дебют
43969,Kanojo mo Kanojo,2021,Manga,Comedy,12,411272,317959,Q4 крупные,0.773,0.541,0.0062,0.8575,0.7511,Флагманы,Дебют
53040,Kanojo mo Kanojo Season 2,2023,Manga,Comedy,12,119397,85100,Q3,0.7126,0.5567,0.0035,0.8938,0.5858,Надёжный просмотр,Продолжение
40839,"Kanojo, Okarishimasu",2020,Manga,Comedy,12,1061953,933239,Q4 крупные,0.8786,0.7597,0.0078,0.938,0.931,Флагманы,Дебют
42963,"Kanojo, Okarishimasu 2nd Season",2022,Manga,Comedy,12,461860,309894,Q4 крупные,0.6709,0.5027,0.0106,0.8707,0.6994,Нишевые любимчики,Продолжение
53050,"Kanojo, Okarishimasu 3rd Season",2023,Manga,Comedy,12,209685,153017,Q3,0.7294,0.5854,0.0049,0.905,0.6939,Надёжный просмотр,Продолжение
59277,"Kanojo, Okarishimasu 4th Season",2025,Manga,Comedy,12,76177,39785,Q2,0.522,0.2352,0.0048,0.7823,0.2483,Остальные,Продолжение
60157,Kanpekisugite Kawaige ga Nai to Konyaku Haki sareta Seijo wa Ringoku ni Urareru,2025,Light novel,Fantasy,12,75673,59281,Q2,0.7834,0.5816,0.0029,0.9005,0.6152,Надёжный просмотр,Дебют
59845,Kaoru Hana wa Rin to Saku,2025,Web manga,Drama,13,293176,179503,Q4 крупные,0.6076,0.1637,0.0164,0.8152,0.4351,Нишевые любимчики,Дебют
49721,Karakai Jouzu no Takagi-san 3,2022,Manga,Comedy,12,206100,142245,Q3,0.6901,0.5604,0.0114,0.909,0.7581,Флагманы,Продолжение
60131,Karaoke Iko!,2025,Manga,Comedy,5,17835,9061,Q1 малые,0.5076,0.2254,0.0047,0.8072,0.234,Остальные,Дебют
56980,Karasu wa Aruji wo Erabanai,2024,Novel,Drama,20,55989,31434,Q2,0.561,0.343,0.0078,0.8047,0.4178,Нишевые любимчики,Дебют
59452,"Katainaka no Ossan, Kensei ni Naru",2025,Light novel,Action,12,154927,118566,Q3,0.7653,0.5249,0.0035,0.881,0.611,Надёжный просмотр,Дебют
57217,Katsute Mahou Shoujo to Aku wa Tekitai shiteita.,2024,Manga,Comedy,12,98124,63314,Q3,0.645,0.4256,0.0046,0.8217,0.4811,Остальные,Дебют
54638,Kawagoe Boys Sing,2023,Original,Slice of Life,12,7558,3879,Q1 малые,0.5132,0.2384,0.0024,0.6663,0.1087,Остальные,Дебют
45613,Kawaii dake ja Nai Shikimori-san,2022,Web manga,Comedy,12,600665,461306,Q4 крупные,0.7679,0.462,0.0087,0.8037,0.7424,Флагманы,Дебют
53163,Kawaisugi Crisis,2023,Manga,Comedy,12,45946,28207,Q2,0.6138,0.3435,0.003,0.7625,0.2797,Остальные,Дебют
52990,"Keikenzumi na Kimi to, Keiken Zero na Ore ga, Otsukiai suru Hanashi.",2023,Light novel,Romance,12,214318,152884,Q3,0.7132,0.5325,0.0074,0.8619,0.726,Флагманы,Дебют
55887,"Kekkon suru tte, Hontou desu ka",2024,Manga,Romance,12,112606,76640,Q3,0.6802,0.4827,0.0031,0.8418,0.4817,Остальные,Дебют
54265,Kekkon Yubiwa Monogatari,2024,Manga,Action,12,129127,95234,Q3,0.737,0.4772,0.0029,0.8176,0.5177,Надёжный просмотр,Дебют
40908,Kemono Jihen,2021,Manga,Action,12,410575,298885,Q4 крупные,0.7279,0.5462,0.0057,0.9042,0.7015,Надёжный просмотр,Дебют
42072,Kenja no Deshi wo Nanoru Kenja,2022,Light novel,Adventure,12,139168,106126,Q3,0.7625,0.5371,0.0047,0.8242,0.6827,Надёжный просмотр,Дебют
58080,Kenka Dokugaku,2024,Web manga,Action,12,88955,67898,Q3,0.7631,0.5439,0.0039,0.8469,0.6418,Надёжный просмотр,Дебют
54716,Kibou no Chikara: Otona Precure '23,2023,Original,Action,12,9503,4983,Q1 малые,0.5243,0.3171,0.0031,0.7604,0.1886,Остальные,Дебют
60449,Kidou Senshi Gundam: GQuuuuuuX,2025,Original,Action,12,55308,36788,Q2,0.6648,0.4041,0.0048,0.814,0.4992,Остальные,Дебют
49828,Kidou Senshi Gundam: Suisei no Majo,2022,Original,Action,12,179335,137176,Q3,0.7648,0.5864,0.0101,0.9061,0.8302,Флагманы,Дебют
53199,Kidou Senshi Gundam: Suisei no Majo Season 2,2023,Original,Action,12,104821,84859,Q3,0.8094,0.6828,0.0078,0.9326,0.878,Флагманы,Продолжение
51569,Kidou Senshi Gundam: Tekketsu no Orphans - Tokubetsu-hen,2022,Original,Action,9,2662,1192,Q1 малые,0.4478,0.216,0.0049,,0.2271,Остальные,Продолжение
54852,Kikansha no Mahou wa Tokubetsu desu,2023,Web manga,Action,12,164073,135899,Q3,0.8279,0.6815,0.0029,0.9103,0.6909,Надёжный просмотр,Дебют
55701,Kimetsu no Yaiba: Hashira Geiko-hen,2024,Manga,Action,8,687814,572330,Q4 крупные,0.8312,0.7553,0.007,0.9593,0.8919,Флагманы,Продолжение
51019,Kimetsu no Yaiba: Katanakaji no Sato-hen,2023,Manga,Action,11,1037191,906225,Q4 крупные,0.8735,0.7844,0.0093,0.963,0.9482,Флагманы,Продолжение
49926,Kimetsu no Yaiba: Mugen Ressha-hen,2021,Manga,Action,7,916772,854745,Q4 крупные,0.9323,0.8667,0.005,0.9532,0.8607,Надёжный просмотр,Продолжение
47778,Kimetsu no Yaiba: Yuukaku-hen,2021,Manga,Action,11,1653797,1503412,Q4 крупные,0.9089,0.8345,0.0152,0.9739,0.9824,Флагманы,Продолжение
54714,Kimi no Koto ga Daidaidaidaidaisuki na 100-nin no Kanojo,2023,Manga,Comedy,12,303621,238846,Q4 крупные,0.7862,0.6072,0.0096,0.8871,0.8477,Флагманы,Дебют
57616,Kimi no Koto ga Daidaidaidaidaisuki na 100-nin no Kanojo 2nd Season,2025,Manga,Comedy,12,153534,108060,Q3,0.7038,0.5271,0.0079,0.8977,0.7181,Нишевые любимчики,Продолжение
40595,"Kimi to Boku no Saigo no Senjou, Aruiwa Sekai ga Hajimaru Seisen",2020,Light novel,Action,12,338857,256336,Q4 крупные,0.7564,0.5704,0.0043,0.8794,0.6748,Надёжный просмотр,Дебют
49981,"Kimi to Boku no Saigo no Senjou, Aruiwa Sekai ga Hajimaru Seisen Season II",2024,Light novel,Action,12,103618,46855,Q2,0.452,0.171,0.0054,0.7349,0.238,Остальные,Продолжение
50796,Kimi wa Houkago Insomnia,2023,Manga,Romance,13,259451,159634,Q3,0.6151,0.4446,0.0091,0.8635,0.571,Нишевые любимчики,Дебют
57611,Kimi wa Meido-sama.,2024,Web manga,Comedy,12,129072,87418,Q3,0.677,0.415,0.0038,0.8012,0.4662,Остальные,Дебют
41834,King's Raid: Ishi wo Tsugumono-tachi,2020,Game,Action,26,76630,49988,Q2,0.6522,0.2932,0.0022,0.7381,0.2498,Остальные,Дебют
40682,Kingdom 3rd Season,2020,Manga,Action,26,124299,80045,Q3,0.6439,0.4595,0.0203,0.9002,0.6579,Нишевые любимчики,Продолжение
50160,Kingdom 4th Season,2022,Manga,Action,26,82045,55508,Q2,0.6762,0.5181,0.0139,0.9181,0.7299,Нишевые любимчики,Продолжение
53223,Kingdom 5th Season,2024,Manga,Action,13,53905,35210,Q2,0.6527,0.5302,0.0106,0.9168,0.6939,Нишевые любимчики,Продолжение
54730,Kinnikuman: Kanpeki Choujin Shiso-hen,2024,Manga,Comedy,11,8532,3807,Q1 малые,0.4461,0.2349,0.0042,0.7159,0.1971,Остальные,Дебют
59914,Kinnikuman: Kanpeki Choujin Shiso-hen Season 2,2025,Manga,Comedy,11,3338,1807,Q1 малые,0.5413,0.3583,0.0015,0.8118,0.1638,Остальные,Продолжение
58854,Kinoko Inu,2024,Manga,Slice of Life,12,8644,5730,Q1 малые,0.6626,0.3632,0.0025,0.701,0.3312,Остальные,Дебют
51213,Kinsou no Vermeil: Gakeppuchi Majutsushi wa Saikyou no Yakusai to Mahou Sekai wo Tsukisusumu,2022,Manga,Fantasy,12,324154,248701,Q4 крупные,0.767,0.5364,0.0067,0.8698,0.7608,Флагманы,Дебют
40880,Kiratto Pri☆chan Season 3,2020,Game,Comedy,51,3466,2187,Q1 малые,0.631,0.3318,0.0035,0.7521,0.3149,Остальные,Продолжение
57050,Kisaki Kyouiku kara Nigetai Watashi,2025,Manga,Comedy,12,34970,24425,Q2,0.6977,0.3372,0.003,0.7556,0.3688,Остальные,Дебют
39582,Kitsutsuki Tanteidokoro,2020,Novel,Mystery,12,29425,16761,Q1 малые,0.5696,0.2994,0.0018,0.7652,0.1429,Остальные,Дебют
60951,Kizetsu Yuusha to Ansatsu Hime,2025,Manga,Action,12,42825,28206,Q2,0.6591,0.2923,0.0019,0.743,0.2467,Остальные,Дебют
59961,Kizu darake Seijo yori Houfuku wo Komete,2025,Web manga,Fantasy,12,15908,6447,Q1 малые,0.4043,0.1233,0.0043,0.6558,0.1759,Остальные,Дебют
51139,Kizuna no Allele,2023,Original,Не указан,12,19149,10323,Q1 малые,0.539,0.2095,0.0037,0.5849,0.1904,Остальные,Дебют
55775,Kizuna no Allele Season 2,2023,Original,Не указан,12,5321,2748,Q1 малые,0.5164,0.3443,0.003,0.8176,0.205,Остальные,Продолжение
51773,KJ File,2022,Original,Action,13,8540,1885,Q1 малые,0.2207,0.0621,0.008,0.5092,0.277,Нишевые любимчики,Дебют
39247,Kobayashi-san Chi no Maid Dragon S,2021,Manga,Slice of Life,12,597375,445044,Q4 крупные,0.7449,0.6204,0.0097,0.9409,0.8268,Флагманы,Продолжение
40075,Koi to Producer: EVOLxLOVE,2020,Game,Mystery,12,66765,38314,Q2,0.5739,0.3382,0.0043,0.777,0.3112,Остальные,Дебют
41103,Koi to Yobu ni wa Kimochi Warui,2021,Web manga,Comedy,12,254883,186540,Q4 крупные,0.7318,0.5465,0.0068,0.8764,0.7408,Флагманы,Дебют
55996,Koi wa Futago de Warikirenai,2024,Light novel,Comedy,12,68052,43308,Q2,0.6362,0.3749,0.0032,0.7769,0.3424,Остальные,Дебют
48643,Koi wa Sekai Seifuku no Ato de,2022,Manga,Action,12,267569,193995,Q4 крупные,0.7249,0.5108,0.004,0.8521,0.597,Надёжный просмотр,Дебют
39388,Koisuru Asteroid,2020,4-koma manga,Slice of Life,12,95189,61357,Q3,0.6445,0.4074,0.0035,0.8052,0.399,Остальные,Дебют
40893,Komatta Jiisan,2020,Manga,Comedy,13,5302,3701,Q1 малые,0.698,0.4992,0.0013,0.8959,0.4323,Остальные,Дебют
48926,"Komi-san wa, Comyushou desu.",2021,Manga,Comedy,12,977740,800060,Q4 крупные,0.8181,0.6284,0.0125,0.9002,0.8986,Флагманы,Дебют
50631,"Komi-san wa, Comyushou desu. 2nd Season",2022,Manga,Comedy,12,537649,420490,Q4 крупные,0.782,0.6381,0.0074,0.9241,0.8356,Флагманы,Продолжение
48742,"Kono Healer, Mendokusai",2022,Web manga,Adventure,12,67805,47936,Q2,0.7068,0.3578,0.0026,0.6954,0.3694,Остальные,Дебют
59361,Kono Kaisha ni Suki na Hito ga Imasu,2025,Manga,Comedy,12,117900,69891,Q3,0.5923,0.3496,0.0042,0.7767,0.3294,Остальные,Дебют
54835,Kono Sekai wa Fukanzen Sugiru,2024,Web manga,Adventure,13,51181,37661,Q2,0.7355,0.3875,0.0013,0.7436,0.379,Остальные,Дебют
51958,Kono Subarashii Sekai ni Bakuen wo!,2023,Light novel,Comedy,12,373619,265164,Q4 крупные,0.7097,0.5035,0.0053,0.8498,0.6458,Остальные,Дебют
49458,Kono Subarashii Sekai ni Shukufuku wo! 3,2024,Light novel,Adventure,11,513867,330565,Q4 крупные,0.6431,0.518,0.0107,0.9115,0.6727,Нишевые любимчики,Продолжение
52934,"Konyaku Haki sareta Reijou wo Hirotta Ore ga, Ikenai Koto wo Oshiekomu",2023,Light novel,Comedy,12,130862,94196,Q3,0.7194,0.4898,0.0041,0.8265,0.5858,Остальные,Дебют
52173,Koori Zokusei Danshi to Cool na Douryou Joshi,2023,Web manga,Comedy,12,246908,178483,Q4 крупные,0.7227,0.4906,0.0052,0.8213,0.6467,Остальные,Дебют
44516,Koroshi Ai,2022,Manga,Action,12,190658,126160,Q3,0.6616,0.4388,0.0053,0.8267,0.5453,Остальные,Дебют
56907,Koujo Denka no Kateikyoushi,2025,Light novel,Fantasy,12,42421,30842,Q2,0.7216,0.3474,0.0015,0.8265,0.3379,Остальные,Дебют
50590,Koukyuu no Karasu,2022,Light novel,Fantasy,13,116713,74429,Q3,0.6373,0.4384,0.0069,0.8363,0.5598,Нишевые любимчики,Дебют
60083,Kowloon Generic Romance,2025,Manga,Mystery,13,136761,84526,Q3,0.6174,0.3147,0.0036,0.7554,0.3006,Остальные,Дебют
51815,Kubo-san wa Mob wo Yurusanai,2023,Manga,Comedy,12,241202,164480,Q3,0.6817,0.4669,0.007,0.8508,0.6434,Нишевые любимчики,Дебют
40974,Kuma Kuma Kuma Bear,2020,Light novel,Adventure,12,182054,143736,Q3,0.7893,0.6471,0.0057,0.8915,0.7993,Надёжный просмотр,Дебют
45486,Kuma Kuma Kuma Bear Punch!,2023,Light novel,Adventure,12,91477,60685,Q3,0.6633,0.5394,0.0049,0.8988,0.6019,Остальные,Продолжение
49776,Kumichou Musume to Sewagakari,2022,Web manga,Slice of Life,12,252749,187802,Q4 крупные,0.7428,0.5293,0.0047,0.8709,0.6576,Надёжный просмотр,Дебют
37984,"Kumo desu ga, Nani ka?",2021,Light novel,Action,24,491279,410290,Q4 крупные,0.8351,0.6479,0.0095,0.9158,0.8952,Флагманы,Дебют
50338,Kunoichi Tsubaki no Mune no Uchi,2022,Manga,Action,13,65688,43654,Q2,0.6645,0.4265,0.0041,0.7884,0.4799,Остальные,Дебют
51064,Kuro no Shoukanshi,2022,Light novel,Action,12,279031,241721,Q4 крупные,0.8662,0.7223,0.0041,0.929,0.7956,Надёжный просмотр,Дебют
58853,Kuroiwa Medaka ni Watashi no Kawaii ga Tsuujinai,2025,Manga,Comedy,12,110672,78602,Q3,0.7102,0.4498,0.0037,0.8016,0.5226,Остальные,Дебют
55855,Kuroshitsuji: Kishuku Gakkou-hen,2024,Manga,Action,11,103041,60746,Q3,0.5892,0.4557,0.0072,0.8766,0.5244,Нишевые любимчики,Продолжение
59228,Kuroshitsuji: Midori no Majo-hen,2025,Manga,Action,13,62524,34458,Q2,0.5508,0.3814,0.0078,0.881,0.446,Нишевые любимчики,Продолжение
54492,Kusuriya no Hitorigoto,2023,Light novel,Drama,24,723707,585424,Q4 крупные,0.8086,0.6377,0.0325,0.9371,0.9195,Флагманы,Дебют
58514,Kusuriya no Hitorigoto 2nd Season,2025,Light novel,Drama,24,399935,305777,Q4 крупные,0.7638,0.4691,0.0147,0.8986,0.7772,Флагманы,Продолжение
39531,Kuutei Dragons,2020,Manga,Adventure,12,50765,28986,Q2,0.5709,0.4152,0.0022,0.8001,0.2531,Остальные,Дебют
39017,Kyokou Suiri,2020,Manga,Mystery,12,520853,374399,Q4 крупные,0.7188,0.5338,0.0028,0.8886,0.5265,Надёжный просмотр,Дебют
44204,Kyokou Suiri Season 2,2023,Manga,Mystery,12,181091,97671,Q3,0.5393,0.3996,0.0033,0.8661,0.2791,Остальные,Продолжение
48466,Kyoukai Senki,2021,Original,Action,13,35809,24279,Q2,0.678,0.3747,0.0038,0.7803,0.4363,Остальные,Дебют
50678,Kyoukai Senki Part 2,2022,Original,Action,12,15708,11038,Q1 малые,0.7027,0.5041,0.0048,0.8836,0.6128,Остальные,Продолжение
54617,Kyuujitsu no Warumono-san,2024,Web manga,Fantasy,12,100988,63221,Q3,0.6258,0.3439,0.0054,0.7609,0.4251,Остальные,Дебют
41833,Kyuuketsuki Sugu Shinu,2021,Manga,Comedy,12,99735,65459,Q3,0.6562,0.4237,0.0064,0.7968,0.5634,Нишевые любимчики,Дебют
50287,Kyuuketsuki Sugu Shinu 2,2023,Manga,Comedy,12,37770,23633,Q2,0.6256,0.4789,0.0034,0.8801,0.4263,Остальные,Продолжение
44276,Kyuukyoku Shinka shita Full Dive RPG ga Genjitsu yori mo Kusoge Dattara,2021,Light novel,Action,12,270513,211064,Q4 крупные,0.7801,0.5813,0.0043,0.8913,0.6994,Надёжный просмотр,Дебют
37587,Lapis Re:LiGHTs,2020,Mixed media,Fantasy,12,50423,30886,Q2,0.6125,0.3845,0.0028,0.7977,0.2976,Остальные,Дебют
56038,Lazarus,2025,Original,Action,13,223585,119583,Q3,0.5346,0.2863,0.0067,0.7694,0.346,Нишевые любимчики,Дебют
48239,Leadale no Daichi nite,2022,Light novel,Adventure,12,182215,148914,Q3,0.8172,0.657,0.0053,0.9129,0.8056,Надёжный просмотр,Дебют
51764,Level 1 dakedo Unique Skill de Saikyou desu,2023,Light novel,Adventure,12,148042,124532,Q3,0.841,0.6471,0.0023,0.8987,0.6506,Надёжный просмотр,Дебют
48633,Liar Liar,2023,Light novel,Suspense,12,171695,122163,Q3,0.7115,0.4423,0.0041,0.8473,0.5368,Остальные,Дебют
40165,Listeners,2020,Original,Action,12,66665,43837,Q2,0.6576,0.2921,0.0008,0.6831,0.2249,Остальные,Дебют
41109,Log Horizon: Entaku Houkai,2021,Light novel,Action,12,262308,165088,Q3,0.6292,0.4586,0.0025,0.8595,0.3624,Остальные,Продолжение
56352,"Loop 7-kaime no Akuyaku Reijou wa, Moto Tekikoku de Jiyuu Kimama na Hanayome Seikatsu wo Mankitsu suru",2024,Light novel,Romance,12,213359,173283,Q4 крупные,0.8118,0.6448,0.0081,0.922,0.8683,Флагманы,Дебют
49556,Love All Play,2022,Novel,Sports,24,43128,27378,Q2,0.6348,0.3089,0.0063,0.7932,0.4399,Нишевые любимчики,Дебют
40879,Love Live! Nijigasaki Gakuen School Idol Doukoukai,2020,Other,Slice of Life,13,84093,54717,Q2,0.6506,0.4804,0.0133,0.8944,0.6706,Нишевые любимчики,Дебют
48916,Love Live! Nijigasaki Gakuen School Idol Doukoukai 2nd Season,2022,Other,Slice of Life,13,43071,27067,Q2,0.6283,0.4841,0.0104,0.9049,0.6303,Нишевые любимчики,Продолжение
41169,Love Live! Superstar!!,2021,Other,Slice of Life,12,76995,46622,Q2,0.6054,0.4546,0.0148,0.8921,0.5976,Нишевые любимчики,Дебют
50203,Love Live! Superstar!! 2nd Season,2022,Other,Slice of Life,12,37676,24842,Q2,0.6593,0.5294,0.0083,0.9224,0.6806,Нишевые любимчики,Продолжение
53287,Love Live! Superstar!! 3rd Season,2024,Other,Slice of Life,12,20762,11306,Q1 малые,0.5445,0.4177,0.007,0.8827,0.4581,Нишевые любимчики,Продолжение
49040,Lupin III: Part 6,2021,Manga,Action,24,24843,12174,Q1 малые,0.4899,0.3006,0.0057,0.8416,0.3037,Нишевые любимчики,Дебют
51458,Lv1 Maou to One Room Yuusha,2023,Web manga,Comedy,12,90989,67385,Q3,0.7403,0.5284,0.0024,0.8405,0.5244,Надёжный просмотр,Дебют
56923,Lv2 kara Cheat datta Motoyuusha Kouho no Mattari Isekai Life,2024,Light novel,Adventure,12,226977,194828,Q4 крупные,0.8582,0.6791,0.0043,0.9198,0.7947,Надёжный просмотр,Дебют
50709,Lycoris Recoil,2022,Original,Action,13,569135,425689,Q4 крупные,0.7477,0.575,0.0167,0.8982,0.8344,Флагманы,Дебют
42745,Machikado Mazoku: 2-choume,2022,4-koma manga,Comedy,12,75311,45883,Q2,0.6092,0.4585,0.0045,0.8835,0.4599,Остальные,Продолжение
41084,Made in Abyss: Retsujitsu no Ougonkyou,2022,Web manga,Adventure,12,515227,359200,Q4 крупные,0.697,0.5868,0.0131,0.9356,0.7841,Флагманы,Продолжение
56449,Madougushi Dahliya wa Utsumukanai,2024,Light novel,Fantasy,12,76753,55503,Q2,0.7228,0.4788,0.0025,0.8249,0.4844,Остальные,Дебют
59744,Maebashi Witches,2025,Original,Drama,12,11939,6275,Q1 малые,0.5253,0.2635,0.0039,0.6826,0.2134,Остальные,Дебют
40085,Maesetsu!,2020,Original,Comedy,12,12821,7560,Q1 малые,0.5897,0.3107,0.0005,0.6816,0.1462,Остальные,Дебют
37599,Magatsu Wahrheit: Zuerst,2020,Game,Action,12,39097,24036,Q2,0.6147,0.3787,0.0017,0.7748,0.2504,Остальные,Дебют
38256,Magia Record: Mahou Shoujo Madoka☆Magica Gaiden,2020,Game,Drama,13,173528,105273,Q3,0.6066,0.4093,0.0054,0.8343,0.4563,Остальные,Дебют
41530,Magia Record: Mahou Shoujo Madoka☆Magica Gaiden 2nd Season - Kakusei Zenya,2021,Game,Drama,8,72143,36193,Q2,0.5016,0.4028,0.0062,0.9003,0.4039,Нишевые любимчики,Продолжение
59265,Magic Maker: Isekai Mahou no Tsukurikata,2025,Light novel,Fantasy,12,69814,57323,Q2,0.8207,0.6011,0.0019,0.8638,0.6025,Надёжный просмотр,Дебют
48981,Mahou Shoujo Magical Destroyers,2023,Original,Action,12,82770,47858,Q2,0.5781,0.2752,0.0029,0.7152,0.1862,Остальные,Дебют
54722,Mahou Shoujo ni Akogarete,2024,Web manga,Action,13,189880,143266,Q3,0.7544,0.5327,0.0116,0.8602,0.7969,Флагманы,Дебют
50713,Mahouka Koukou no Rettousei 3rd Season,2024,Light novel,Action,13,149204,95502,Q3,0.64,0.4467,0.0032,0.858,0.4136,Остальные,Продолжение
40497,Mahouka Koukou no Rettousei: Raihousha-hen,2020,Light novel,Action,13,387344,295731,Q4 крупные,0.7634,0.6221,0.0032,0.9181,0.6473,Надёжный просмотр,Продолжение
45572,Mahouka Koukou no Yuutousei,2021,Manga,Fantasy,13,142512,86394,Q3,0.6062,0.4265,0.0052,0.8355,0.4596,Остальные,Дебют
58173,Mahoutsukai ni Narenakatta Onnanoko no Hanashi,2024,Novel,Fantasy,12,16778,10445,Q1 малые,0.6225,0.3281,0.0012,0.7303,0.2035,Остальные,Дебют
57152,Mahoutsukai no Yakusoku,2025,Game,Fantasy,12,25101,13968,Q1 малые,0.5562,0.1816,0.0034,0.5577,0.1756,Остальные,Дебют
52955,Mahoutsukai no Yome Season 2,2023,Manga,Drama,12,209336,123095,Q3,0.5878,0.4465,0.0051,0.8789,0.4535,Остальные,Продолжение
55742,Mahoutsukai no Yome Season 2 Part 2,2023,Manga,Drama,12,115692,75962,Q3,0.6563,0.5539,0.0028,0.9126,0.4823,Остальные,Продолжение
54717,Mahoutsukai Precure!! Mirai Days,2025,Original,Action,12,5089,2192,Q1 малые,0.4301,0.2592,0.0047,0.8155,0.2307,Остальные,Продолжение
48842,Mahoutsukai Reimeiki,2022,Light novel,Action,12,178485,128375,Q3,0.7191,0.4392,0.0043,0.808,0.5525,Остальные,Дебют
41556,Maiko-san Chi no Makanai-san,2021,Manga,Gourmet,12,20744,10448,Q1 малые,0.5036,0.2274,0.0034,0.6812,0.162,Остальные,Дебют
41402,Mairimashita! Iruma-kun 2nd Season,2021,Manga,Comedy,21,358536,293571,Q4 крупные,0.8187,0.66,0.0069,0.9451,0.8586,Флагманы,Продолжение
49784,Mairimashita! Iruma-kun 3rd Season,2022,Manga,Comedy,21,235809,184856,Q4 крупные,0.7836,0.6037,0.0056,0.9318,0.7732,Надёжный просмотр,Продолжение
40571,Majo no Tabitabi,2020,Light novel,Adventure,12,442897,315675,Q4 крупные,0.7127,0.5424,0.0096,0.9024,0.7554,Флагманы,Дебют
52816,Majo to Yajuu,2024,Manga,Action,12,177959,116113,Q3,0.6521,0.4279,0.0061,0.8019,0.5522,Нишевые любимчики,Дебют
40504,Major 2nd 2nd Season,2020,Manga,Sports,25,24078,17745,Q1 малые,0.7369,0.559,0.0028,0.9075,0.5619,Надёжный просмотр,Продолжение
37576,Majutsushi Orphen Hagure Tabi,2020,Light novel,Action,13,76667,52754,Q2,0.6881,0.4009,0.0009,0.7662,0.3403,Остальные,Дебют
41573,Majutsushi Orphen Hagure Tabi: Kimluck-hen,2021,Light novel,Action,11,32531,19200,Q2,0.5901,0.3995,0.0027,0.8233,0.2755,Остальные,Продолжение
54738,Majutsushi Orphen Hagure Tabi: Seiiki-hen,2023,Light novel,Action,12,12705,5924,Q1 малые,0.4662,0.2999,0.0029,0.7803,0.148,Остальные,Продолжение
53162,Majutsushi Orphen Hagure Tabi: Urbanrama-hen,2023,Light novel,Action,12,18691,8829,Q1 малые,0.4723,0.2881,0.0032,0.7456,0.1641,Остальные,Продолжение
57524,Make Heroine ga Oosugiru!,2024,Light novel,Comedy,12,297203,226437,Q4 крупные,0.7613,0.5911,0.0109,0.9032,0.8356,Флагманы,Дебют
49470,Mamahaha no Tsurego ga Motokano datta,2022,Light novel,Comedy,12,326849,257423,Q4 крупные,0.7875,0.574,0.0049,0.8839,0.7284,Надёжный просмотр,Дебют
54853,Maou 2099,2024,Light novel,Action,12,126810,90813,Q3,0.7155,0.524,0.0031,0.8682,0.538,Надёжный просмотр,Дебют
48417,"Maou Gakuin no Futekigousha II: Shijou Saikyou no Maou no Shiso, Tensei shite Shison-tachi no Gakkou e Kayou",2023,Light novel,Action,12,391735,254540,Q4 крупные,0.6497,0.3692,0.0102,0.8213,0.5631,Нишевые любимчики,Дебют
48418,"Maou Gakuin no Futekigousha II: Shijou Saikyou no Maou no Shiso, Tensei shite Shison-tachi no Gakkou e Kayou Part 2",2024,Light novel,Action,12,195169,97658,Q3,0.5002,0.3284,0.0042,0.8407,0.2601,Остальные,Продолжение
40496,"Maou Gakuin no Futekigousha: Shijou Saikyou no Maou no Shiso, Tensei shite Shison-tachi no Gakkou e Kayou",2020,Light novel,Action,13,877912,772128,Q4 крупные,0.8794,0.7737,0.0066,0.9459,0.9104,Флагманы,Дебют
53434,"Maou no Ore ga Dorei Elf wo Yome ni Shitanda ga, Dou Medereba Ii?",2024,Light novel,Action,12,192095,155057,Q3,0.8068,0.6336,0.004,0.9116,0.7233,Надёжный просмотр,Дебют
56400,"Maou-sama, Retry! R",2024,Web manga,Action,12,48821,35024,Q2,0.717,0.4873,0.0022,0.7964,0.4665,Остальные,Продолжение
57876,Maougun Saikyou no Majutsushi wa Ningen datta,2024,Manga,Action,12,142086,113832,Q3,0.801,0.5114,0.0029,0.8397,0.5864,Надёжный просмотр,Дебют
40397,Maoujou de Oyasumi,2020,Manga,Comedy,12,239578,172249,Q4 крупные,0.7189,0.5524,0.0104,0.8809,0.776,Флагманы,Дебют
41265,Mars Red,2021,Other,Action,13,131579,73877,Q3,0.5614,0.3081,0.0046,0.7789,0.2955,Остальные,Дебют
51498,Masamune-kun no Revenge R,2023,Manga,Comedy,12,243993,162809,Q3,0.6671,0.5069,0.0055,0.8683,0.6119,Остальные,Продолжение
42590,Mashiro no Oto,2021,Manga,Drama,12,157666,102381,Q3,0.6493,0.4729,0.0051,0.8794,0.5492,Остальные,Дебют
52211,Mashle,2023,Manga,Action,12,737645,639116,Q4 крупные,0.8663,0.7126,0.0063,0.931,0.8856,Флагманы,Дебют
55813,Mashle: Shinkakusha Kouho Senbatsu Shiken-hen,2024,Manga,Action,12,469556,403359,Q4 крупные,0.8586,0.7023,0.0044,0.9369,0.8032,Надёжный просмотр,Продолжение
50392,Mato Seihei no Slave,2024,Manga,Action,12,237808,163261,Q3,0.6863,0.4725,0.0073,0.8328,0.6591,Нишевые любимчики,Дебют
59632,Mattaku Saikin no Tantei to Kitara,2025,Manga,Comedy,12,39071,24813,Q2,0.6315,0.2754,0.0028,0.7287,0.2419,Остальные,Дебют
57947,Mayonaka Punch,2024,Original,Comedy,12,56402,34222,Q2,0.6064,0.3692,0.0043,0.8027,0.3745,Остальные,Дебют
48391,Mazica Party,2021,Original,Fantasy,51,2099,1249,Q1 малые,0.595,0.0958,0.0052,0.4274,0.2955,Остальные,Дебют
53033,Mecha-ude (TV),2024,Original,Action,12,56332,34638,Q2,0.6147,0.3428,0.0028,0.7877,0.2607,Остальные,Дебют
55318,Medalist,2025,Manga,Drama,13,71709,45082,Q2,0.6279,0.454,0.0065,0.8638,0.555,Нишевые любимчики,Дебют
52973,Megami no Café Terrace,2023,Manga,Comedy,12,154846,112599,Q3,0.7268,0.5542,0.0046,0.8634,0.6555,Надёжный просмотр,Дебют
55749,Megami no Café Terrace 2nd Season,2024,Manga,Comedy,12,77487,52614,Q2,0.6786,0.5134,0.0051,0.8821,0.6128,Остальные,Продолжение
41812,Megami-ryou no Ryoubo-kun.,2021,Manga,Comedy,10,218342,157260,Q3,0.7202,0.5128,0.006,0.8579,0.683,Флагманы,Дебют
33737,Megaton-kyuu Musashi,2021,Mixed media,Action,13,17351,7737,Q1 малые,0.4458,0.1954,0.0037,0.6461,0.1544,Остальные,Дебют
50559,Megaton-kyuu Musashi 2nd Season,2022,Mixed media,Action,15,5066,2723,Q1 малые,0.5374,0.3241,0.0032,0.7725,0.2053,Остальные,Продолжение
53848,Megumi no Daigo: Kyuukoku no Orange,2023,Manga,Action,23,30168,19297,Q2,0.6395,0.2756,0.0025,0.7457,0.2377,Остальные,Дебют
57502,Meiji Gekken: 1874,2024,Original,Action,10,15879,9803,Q1 малые,0.6171,0.338,0.0028,0.7218,0.2616,Остальные,Дебют
42340,Meikyuu Black Company,2021,Web manga,Comedy,12,248270,191822,Q4 крупные,0.7726,0.5724,0.0035,0.8777,0.6452,Надёжный просмотр,Дебют
50010,Meitantei Conan: Hannin no Hanzawa-san,2022,Manga,Comedy,12,15363,11155,Q1 малые,0.726,0.5633,0.0029,0.8769,0.5655,Надёжный просмотр,Дебют
50012,Meitantei Conan: Zero no Tea Time,2022,Manga,Mystery,6,16391,11951,Q1 малые,0.729,0.5668,0.004,0.8893,0.6367,Надёжный просмотр,Дебют
57315,"Meitou ""Isekai no Yu"" Kaitakuki: Around 40 Onsen Mania no Tensei Saki wa, Nonbiri Onsen Tengoku deshita",2024,Light novel,Fantasy,12,41538,24796,Q2,0.5966,0.3473,0.0037,0.7808,0.3076,Остальные,Дебют
54794,Metallic Rouge,2024,Original,Action,13,112778,67221,Q3,0.5959,0.2842,0.0035,0.7359,0.2474,Остальные,Дебют
40327,Mewkledreamy,2020,Other,Adventure,48,9165,4418,Q1 малые,0.482,0.184,0.0033,0.6948,0.1332,Остальные,Дебют
44273,Mewkledreamy Mix!,2021,Other,Adventure,50,2847,1540,Q1 малые,0.5409,0.2596,0.0056,0.7092,0.3043,Остальные,Продолжение
50695,MF Ghost,2023,Manga,Drama,12,81528,57708,Q2,0.7076,0.5621,0.0085,0.8886,0.7523,Флагманы,Дебют
57559,MF Ghost 2nd Season,2024,Manga,Drama,12,42431,31784,Q2,0.7487,0.6205,0.005,0.922,0.7315,Надёжный просмотр,Продолжение
48483,Mieruko-chan,2021,Web manga,Comedy,12,540951,402809,Q4 крупные,0.7445,0.5465,0.0063,0.8784,0.7366,Флагманы,Дебют
50586,Migi to Dali,2023,Manga,Comedy,13,98294,65225,Q3,0.6633,0.4645,0.0064,0.8294,0.6091,Нишевые любимчики,Дебют
59207,"Mikadono Sanshimai wa Angai, Choroi.",2025,Manga,Comedy,12,71537,47106,Q2,0.6543,0.3703,0.0041,0.867,0.4217,Остальные,Дебют
55727,Miru: Watashi no Mirai,2025,Original,Sci-Fi,5,4805,1434,Q1 малые,0.2975,0.1193,0.0017,0.5357,0.0279,Остальные,Дебют
52614,"Mix: Meisei Story 2nd Season - Nidome no Natsu, Sora no Mukou e",2023,Manga,Drama,24,8727,4883,Q1 малые,0.5595,0.3352,0.0021,0.7907,0.1695,Остальные,Продолжение
60732,Mizu Zokusei no Mahoutsukai,2025,Light novel,Adventure,12,127379,96596,Q3,0.7528,0.3473,0.0038,0.8785,0.4805,Остальные,Дебют
57646,Mob kara Hajimaru Tansaku Eiyuutan,2024,Light novel,Action,12,78664,61908,Q3,0.7868,0.4968,0.002,0.8446,0.5213,Надёжный просмотр,Дебют
50172,Mob Psycho 100 III,2022,Web manga,Action,12,809607,615171,Q4 крупные,0.7595,0.6326,0.0148,0.9292,0.8686,Флагманы,Продолжение
58739,Momentary Lily,2025,Original,Action,13,24095,14014,Q1 малые,0.5817,0.2272,0.0025,0.616,0.1514,Остальные,Дебют
55998,Momochi-san Chi no Ayakashi Ouji,2024,Manga,Romance,12,55139,36245,Q2,0.6571,0.3524,0.0043,0.7208,0.4211,Остальные,Дебют
58492,Mono,2025,4-koma manga,Comedy,12,43113,26604,Q2,0.6171,0.3798,0.0057,0.8095,0.455,Остальные,Дебют
50384,Mononogatari,2023,Manga,Action,12,78611,48336,Q2,0.6147,0.4486,0.0033,0.8348,0.3857,Остальные,Дебют
54883,Mononogatari 2nd Season,2023,Manga,Action,12,41868,29011,Q2,0.6928,0.5627,0.0027,0.9072,0.5129,Надёжный просмотр,Продолжение
40708,Monster Musume no Oishasan,2020,Light novel,Comedy,12,241828,188156,Q4 крупные,0.7779,0.5881,0.0019,0.8502,0.5683,Надёжный просмотр,Дебют
49376,Mou Ippon!,2023,Manga,Sports,13,26062,15494,Q1 малые,0.5945,0.3658,0.0021,0.7764,0.2286,Остальные,Дебют
60130,"Muchuu sa, Kimi ni.",2025,Manga,Slice of Life,5,12272,5273,Q1 малые,0.4272,0.26,0.0036,0.781,0.1692,Остальные,Дебют
39948,Muhyo to Rouji no Mahouritsu Soudan Jimusho 2nd Season,2020,Manga,Mystery,12,28250,14367,Q1 малые,0.5085,0.3637,0.0015,0.8405,0.1541,Остальные,Продолжение
41619,Munou na Nana,2020,Manga,Suspense,13,366905,271649,Q4 крупные,0.7403,0.5841,0.0047,0.9072,0.6906,Надёжный просмотр,Дебют
40483,Murenase! Seton Gakuen,2020,Web manga,Comedy,12,214093,165817,Q3,0.7744,0.6255,0.0025,0.9,0.6122,Надёжный просмотр,Дебют
35335,Musashino!,2022,Original,Comedy,12,11048,4400,Q1 малые,0.3982,0.2005,0.0013,0.7397,0.0369,Остальные,Дебют
50923,Mushikaburi-hime,2022,Light novel,Drama,12,85926,57852,Q2,0.6729,0.4269,0.0057,0.8602,0.5668,Нишевые любимчики,Дебют
51179,Mushoku Tensei II: Isekai Ittara Honki Dasu,2023,Light novel,Adventure,12,705226,592921,Q4 крупные,0.8406,0.746,0.0108,0.9574,0.9394,Флагманы,Дебют
55888,Mushoku Tensei II: Isekai Ittara Honki Dasu Part 2,2024,Light novel,Adventure,12,522101,437849,Q4 крупные,0.8383,0.7235,0.0084,0.9461,0.9125,Флагманы,Продолжение
39535,Mushoku Tensei: Isekai Ittara Honki Dasu,2021,Light novel,Adventure,11,1504797,1307876,Q4 крупные,0.8691,0.7701,0.0253,0.9594,0.9855,Флагманы,Дебют
45576,Mushoku Tensei: Isekai Ittara Honki Dasu Part 2,2021,Light novel,Adventure,12,1068408,955386,Q4 крупные,0.8939,0.8084,0.0179,0.9662,0.9855,Флагманы,Продолжение
39893,Muteking the Dancing Hero,2021,Original,Action,12,7052,4881,Q1 малые,0.6921,0.3547,0.0031,0.6678,0.3875,Остальные,Дебют
40608,Muv-Luv Alternative,2021,Visual novel,Action,12,45961,27549,Q2,0.5993,0.3437,0.004,0.7459,0.3221,Остальные,Дебют
50638,Muv-Luv Alternative 2nd Season,2022,Visual novel,Action,12,20088,12245,Q1 малые,0.6094,0.419,0.0033,0.843,0.3545,Остальные,Продолжение
52092,My Home Hero,2023,Manga,Drama,12,142997,93519,Q3,0.6538,0.4019,0.0033,0.8055,0.3984,Остальные,Дебют
57099,Na Nare Hana Nare,2024,Original,Drama,12,32487,18539,Q1 малые,0.5706,0.2754,0.0024,0.6967,0.1586,Остальные,Дебют
58172,Nageki no Bourei wa Intai shitai,2024,Light novel,Action,13,136220,107648,Q3,0.7903,0.5712,0.0031,0.8676,0.627,Надёжный просмотр,Дебют
40513,Nami yo Kiitekure,2020,Manga,Comedy,12,90590,53762,Q2,0.5934,0.3968,0.0023,0.812,0.2592,Остальные,Дебют
52814,Nanashi Kaidan,2022,Original,Horror,10,5699,1141,Q1 малые,0.2001,0.0679,0.0089,,0.2879,Нишевые любимчики,Дебют
50582,Nanatsu no Maken ga Shihai suru,2023,Light novel,Action,15,179399,132646,Q3,0.7392,0.4498,0.0045,0.8374,0.5919,Остальные,Дебют
41491,Nanatsu no Taizai: Funnu no Shinpan,2021,Manga,Action,24,465313,374158,Q4 крупные,0.8041,0.5796,0.0034,0.9209,0.6591,Надёжный просмотр,Продолжение
51794,Nanatsu no Taizai: Mokushiroku no Yonkishi,2023,Manga,Action,24,88454,50281,Q2,0.5681,0.3856,0.0048,0.846,0.3733,Остальные,Продолжение
58511,Nanatsu no Taizai: Mokushiroku no Yonkishi 2nd Season,2024,Manga,Action,12,39207,22431,Q2,0.5718,0.4395,0.0034,0.8584,0.3382,Остальные,Продолжение
55823,Natsume Yuujinchou Shichi,2024,Manga,Slice of Life,12,53317,26542,Q2,0.4977,0.3564,0.0093,0.8371,0.4133,Нишевые любимчики,Продолжение
40738,Natsunagu!,2020,Original,Drama,12,25455,14123,Q1 малые,0.5548,0.3615,0.0007,0.8053,0.1653,Остальные,Дебют
56062,Naze Boku no Sekai wo Daremo Oboeteinai no ka?,2024,Light novel,Action,12,130169,98935,Q3,0.7599,0.4432,0.0029,0.8384,0.5092,Остальные,Дебют
60377,Nazotoki wa Dinner no Ato de,2025,Novel,Comedy,12,27897,16474,Q1 малые,0.5903,0.2914,0.0027,0.725,0.1907,Остальные,Дебют
60505,Necronomico no Cosmic Horror Show,2025,Original,Suspense,12,10330,6238,Q1 малые,0.6012,0.2201,0.0018,0.6028,0.1438,Остальные,Дебют
58082,NEET Kunoichi to Nazeka Dousei Hajimemashita,2025,Web manga,Comedy,24,50696,29543,Q2,0.5823,0.2222,0.0029,0.691,0.1708,Остальные,Дебют
59425,NegaPosi Angler,2024,Original,Slice of Life,12,65788,40627,Q2,0.6174,0.3988,0.0044,0.8037,0.4133,Остальные,Дебют
58395,Neko ni Tensei shita Ojisan,2024,Web manga,Comedy,48,2895,1465,Q1 малые,0.5062,0.0622,0.0052,0.6784,0.2307,Остальные,Дебют
38924,Nekopara,2020,Visual novel,Slice of Life,12,185306,119169,Q3,0.643,0.4291,0.0046,0.8182,0.4787,Остальные,Дебют
52293,New Panty & Stocking with Garterbelt,2025,Original,Action,13,71734,27706,Q2,0.3861,0.1107,0.0048,0.7323,0.1962,Остальные,Дебют
46422,Niehime to Kemono no Ou,2023,Manga,Fantasy,24,95436,59142,Q2,0.6196,0.3762,0.0072,0.8096,0.4962,Нишевые любимчики,Дебют
51105,NieR:Automata Ver1.1a,2023,Game,Action,12,326177,189634,Q4 крупные,0.5812,0.2784,0.0073,0.7214,0.3854,Нишевые любимчики,Дебют
56063,NieR:Automata Ver1.1a Part 2,2024,Game,Action,12,103158,56587,Q2,0.5483,0.4105,0.0052,0.8713,0.3993,Остальные,Продолжение
54724,Nige Jouzu no Wakagimi,2024,Manga,Adventure,12,190194,133445,Q3,0.7012,0.4602,0.0043,0.8313,0.5586,Остальные,Дебют
43767,Night Head 2041,2021,Other,Drama,12,47286,21964,Q2,0.4645,0.242,0.0066,0.7339,0.3,Нишевые любимчики,Дебют
57648,Nihon e Youkoso Elf-san.,2025,Light novel,Comedy,12,83745,57008,Q2,0.6805,0.4571,0.0031,0.8459,0.4614,Остальные,Дебют
53077,Nijiyon Animation,2023,4-koma manga,Comedy,12,13824,9108,Q1 малые,0.6586,0.4881,0.0032,0.861,0.4672,Остальные,Дебют
57623,Nijiyon Animation 2,2024,4-koma manga,Comedy,12,6826,4668,Q1 малые,0.6835,0.5404,0.0013,0.907,0.4481,Остальные,Продолжение
49612,Ningen Fushin no Boukensha-tachi ga Sekai wo Sukuu you desu,2023,Light novel,Action,12,198281,157171,Q3,0.7925,0.5069,0.0036,0.8553,0.6252,Надёжный просмотр,Дебют
42260,Ninja Collection,2020,Original,Horror,13,18076,9924,Q1 малые,0.549,0.2653,0.0014,0.7347,0.109,Остальные,Дебют
56285,Ninja Kamui,2024,Original,Action,13,190118,143313,Q3,0.7537,0.393,0.0058,0.8276,0.6131,Нишевые любимчики,Дебют
58725,Ninja to Koroshiya no Futarigurashi,2025,Manga,Slice of Life,12,50251,33604,Q2,0.6687,0.4242,0.0038,0.8198,0.465,Остальные,Дебют
40529,No Guns Life 2nd Season,2020,Manga,Action,12,85997,54805,Q2,0.6372,0.5003,0.001,0.8977,0.36,Остальные,Продолжение
41345,Noblesse,2020,Web manga,Action,13,319811,232181,Q4 крупные,0.7259,0.5281,0.004,0.8415,0.6064,Надёжный просмотр,Дебют
52274,Nokemono-tachi no Yoru,2023,Manga,Action,13,49862,32147,Q2,0.6446,0.3409,0.0026,0.7597,0.2879,Остальные,Дебют
40729,Nomad: Megalo Box 2,2021,Original,Sci-Fi,13,226139,147962,Q3,0.6542,0.5207,0.0098,0.9048,0.6842,Нишевые любимчики,Дебют
39808,Non Non Biyori Nonstop,2021,Manga,Slice of Life,12,135779,79454,Q3,0.5851,0.4696,0.0072,0.9155,0.5338,Нишевые любимчики,Продолжение
51128,Noumin Kanren no Skill bakka Agetetara Nazeka Tsuyoku Natta.,2022,Light novel,Action,12,162002,130697,Q3,0.8066,0.526,0.003,0.843,0.6043,Надёжный просмотр,Дебют
51648,Nozomanu Fushi no Boukensha,2024,Light novel,Action,12,205207,171746,Q4 крупные,0.8368,0.7045,0.0042,0.9294,0.7814,Надёжный просмотр,Дебют
57969,Nukitashi the Animation,2025,Visual novel,Comedy,11,39943,23880,Q2,0.5972,0.1414,0.0061,0.6777,0.3339,Нишевые любимчики,Дебют
39583,number24,2020,Original,Sports,12,67078,40679,Q2,0.6064,0.4067,0.0041,0.796,0.3878,Остальные,Дебют
58197,Nyaight of the Living Cat,2025,Manga,Action,12,27227,14450,Q1 малые,0.5307,0.1342,0.0032,0.598,0.1429,Остальные,Дебют
39609,Ochikobore Fruit Tart,2020,4-koma manga,Slice of Life,12,42472,21995,Q2,0.5179,0.3403,0.002,0.8053,0.149,Остальные,Дебют
40136,Oda Cinnamon Nobunaga,2020,Manga,Comedy,12,22868,15647,Q1 малые,0.6842,0.3762,0.0017,0.7346,0.3342,Остальные,Дебют
46102,Odd Taxi,2021,Original,Award Winning,13,489086,331527,Q4 крупные,0.6778,0.5529,0.0183,0.9137,0.762,Нишевые любимчики,Дебют
53300,Ojou to Banken-kun,2023,Manga,Romance,13,84376,56846,Q2,0.6737,0.3771,0.0061,0.752,0.5386,Нишевые любимчики,Дебют
52611,Okashi na Tensei,2023,Light novel,Fantasy,12,104506,88322,Q3,0.845,0.6846,0.0024,0.9062,0.67,Надёжный просмотр,Дебют
55842,Okinawa de Suki ni Natta Ko ga Hougen Sugite Tsurasugiru,2025,Web manga,Comedy,12,65209,41623,Q2,0.6375,0.3704,0.0027,0.7494,0.3097,Остальные,Дебют
50285,On Air Dekinai!,2022,Manga,Comedy,12,2960,1102,Q1 малые,0.3723,0.1037,0.0037,0.6096,0.1356,Остальные,Дебют
60108,One Piece: Gyojin Tou-hen,2024,Manga,Action,21,37520,24692,Q2,0.658,0.3569,0.0042,0.7989,0.4211,Остальные,Дебют
56838,"One Room, Hiatari Futsuu, Tenshi-tsuki.",2024,Manga,Comedy,12,83018,58885,Q2,0.7088,0.4806,0.0046,0.8346,0.5919,Остальные,Дебют
41364,One Room: Third Season,2020,Original,Slice of Life,12,38081,22893,Q2,0.6011,0.4978,0.0016,0.914,0.3276,Остальные,Продолжение
51678,Oniichan wa Oshimai!,2023,Manga,Comedy,12,177521,131069,Q3,0.7381,0.5371,0.0144,0.8507,0.8005,Флагманы,Дебют
50955,Onipan!,2022,Original,Comedy,60,17114,9198,Q1 малые,0.5373,0.2705,0.0025,0.7833,0.1353,Остальные,Дебют
61150,Onmyou Kaiten Re:Birth,2025,Original,Action,12,23278,15569,Q1 малые,0.666,0.2658,0.0015,0.7252,0.2361,Остальные,Дебют
55194,Ooi! Tonbo,2024,Manga,Drama,13,14077,9033,Q1 малые,0.6412,0.3927,0.0029,0.77,0.3476,Остальные,Дебют
59175,Ooi! Tonbo 2nd Season,2024,Manga,Drama,13,5957,4343,Q1 малые,0.7292,0.5712,0.0027,0.8801,0.5528,Надёжный просмотр,Продолжение
51122,Ookami to Koushinryou: Merchant Meets the Wise Wolf,2024,Light novel,Adventure,25,246627,157250,Q3,0.6374,0.3101,0.0081,0.7873,0.4802,Нишевые любимчики,Дебют
50864,Ooyukiumi no Kaina,2023,Original,Adventure,11,53532,29065,Q2,0.5429,0.3392,0.0032,0.7913,0.2243,Остальные,Дебют
51415,Opus.COLORs,2023,Original,Sci-Fi,12,10224,4744,Q1 малые,0.464,0.2005,0.0043,0.6125,0.1956,Остальные,Дебют
41899,Ore dake Haireru Kakushi Dungeon,2021,Light novel,Action,12,426283,357114,Q4 крупные,0.8377,0.6662,0.0042,0.9045,0.7708,Надёжный просмотр,Дебют
52299,Ore dake Level Up na Ken,2024,Web manga,Action,12,1032903,905412,Q4 крупные,0.8762,0.7486,0.0185,0.9521,0.9803,Флагманы,Дебют
58567,Ore dake Level Up na Ken Season 2: Arise from the Shadow,2025,Web manga,Action,13,669433,600663,Q4 крупные,0.8961,0.703,0.0159,0.9586,0.967,Флагманы,Продолжение
60154,Ore wa Seikan Kokka no Akutoku Ryoushu!,2025,Light novel,Action,12,77585,57474,Q2,0.7408,0.5343,0.0035,0.8679,0.5928,Надёжный просмотр,Дебют
57058,"Ore wa Subete wo ""Parry"" suru: Gyaku Kanchigai no Sekai Saikyou wa Boukensha ni Naritai",2024,Light novel,Action,12,196453,166200,Q3,0.8458,0.6308,0.0034,0.9137,0.7094,Надёжный просмотр,Дебют
48252,"Ore, Tsushima",2021,Manga,Comedy,12,20277,13845,Q1 малые,0.6827,0.4462,0.0085,0.8599,0.6509,Нишевые любимчики,Дебют
45560,Orient,2022,Manga,Action,12,125838,88946,Q3,0.7065,0.444,0.0042,0.7685,0.5368,Остальные,Дебют
51368,Orient: Awajishima Gekitou-hen,2022,Manga,Action,12,62575,45108,Q2,0.7206,0.5543,0.0042,0.9025,0.6343,Надёжный просмотр,Продолжение
55129,Oroka na Tenshi wa Akuma to Odoru,2024,Manga,Comedy,12,138121,96230,Q3,0.6962,0.4575,0.0032,0.7893,0.4781,Остальные,Дебют
43007,Osananajimi ga Zettai ni Makenai Love Comedy,2021,Light novel,Comedy,12,286536,210562,Q4 крупные,0.7348,0.4875,0.0058,0.8631,0.6788,Флагманы,Дебют
37890,Oshi ga Budoukan Ittekuretara Shinu,2020,Manga,Comedy,12,49532,31954,Q2,0.645,0.4885,0.007,0.8599,0.614,Нишевые любимчики,Дебют
42391,Osomatsu-san 3rd Season,2020,Manga,Comedy,25,24987,15654,Q1 малые,0.6264,0.4115,0.0048,0.8756,0.4559,Остальные,Продолжение
38555,Otome Game no Hametsu Flag shika Nai Akuyaku Reijou ni Tensei shiteshimatta...,2020,Light novel,Comedy,12,495999,399240,Q4 крупные,0.8048,0.6747,0.0064,0.9311,0.8435,Флагманы,Дебют
42282,Otome Game no Hametsu Flag shika Nai Akuyaku Reijou ni Tensei shiteshimatta... X,2021,Light novel,Comedy,12,266215,195596,Q4 крупные,0.7347,0.5644,0.0042,0.8968,0.65,Надёжный просмотр,Продолжение
50461,Otome Game Sekai wa Mob ni Kibishii Sekai desu,2022,Light novel,Action,12,362851,304413,Q4 крупные,0.839,0.7059,0.0064,0.9267,0.8738,Флагманы,Дебют
51705,Otonari ni Ginga,2023,Manga,Romance,12,173586,118049,Q3,0.6798,0.4542,0.0037,0.8351,0.4974,Остальные,Дебют
50739,Otonari no Tenshi-sama ni Itsunomanika Dame Ningen ni Sareteita Ken,2023,Light novel,Romance,12,398920,315178,Q4 крупные,0.7898,0.6591,0.0167,0.9196,0.9046,Флагманы,Дебют
40834,Ousama Ranking,2021,Web manga,Adventure,23,726992,571401,Q4 крупные,0.7859,0.5806,0.0186,0.9313,0.8668,Флагманы,Дебют
52657,Ousama Ranking: Yuuki no Takarabako,2023,Web manga,Adventure,10,156316,86399,Q3,0.5526,0.3454,0.0041,0.7658,0.2925,Остальные,Продолжение
48895,Overlord IV,2022,Light novel,Action,13,608619,479377,Q4 крупные,0.7875,0.6866,0.0121,0.951,0.9001,Флагманы,Продолжение
54301,Overtake!,2023,Original,Drama,12,70700,44339,Q2,0.627,0.4052,0.0067,0.8236,0.5192,Нишевые любимчики,Дебют
51956,Paradox Live the Animation,2023,Mixed media,Drama,12,42289,19856,Q2,0.4693,0.2417,0.0103,0.7223,0.3485,Нишевые любимчики,Дебют
50380,Paripi Koumei,2022,Web manga,Comedy,12,322820,236623,Q4 крупные,0.733,0.5505,0.0081,0.8993,0.7657,Флагманы,Дебют
57944,"Party kara Tsuihou sareta Sono Chiyushi, Jitsu wa Saikyou ni Tsuki",2024,Light novel,Action,12,86298,69682,Q3,0.807,0.537,0.0016,0.8638,0.5507,Надёжный просмотр,Дебют
42627,Peach Boy Riverside,2021,Manga,Action,12,197829,140759,Q3,0.7114,0.439,0.0035,0.8385,0.4971,Остальные,Дебют
37522,Pet,2020,Manga,Mystery,13,98486,58439,Q2,0.5933,0.3085,0.0027,0.7296,0.208,Остальные,Дебют
40436,Peter Grill to Kenja no Jikan,2020,Manga,Comedy,12,218339,166326,Q4 крупные,0.7617,0.5162,0.0036,0.8325,0.6094,Надёжный просмотр,Дебют
50348,Peter Grill to Kenja no Jikan: Super Extra,2022,Manga,Comedy,12,68746,46694,Q2,0.6791,0.4681,0.003,0.8763,0.4656,Остальные,Продолжение
44961,Platinum End,2021,Manga,Drama,24,410661,280406,Q4 крупные,0.6827,0.3079,0.0062,0.8343,0.4956,Нишевые любимчики,Дебют
37345,Plunderer,2020,Manga,Action,24,477218,364566,Q4 крупные,0.7638,0.5044,0.0034,0.8571,0.5898,Надёжный просмотр,Дебют
53874,Pokemon: Mezase Pokemon Master,2023,Game,Action,11,28535,20890,Q2,0.7318,0.6231,0.0047,0.9162,0.703,Надёжный просмотр,Продолжение
55397,Pon no Michi,2024,Original,Slice of Life,12,35341,18442,Q1 малые,0.5216,0.2451,0.004,0.6782,0.211,Остальные,Дебют
50663,Poputepipikku 2nd Season,2022,4-koma manga,Comedy,11,48786,30054,Q2,0.616,0.4382,0.0032,0.8575,0.3706,Остальные,Продолжение
54616,Potion-danomi de Ikinobimasu!,2023,Light novel,Adventure,12,55094,46323,Q2,0.8407,0.6603,0.0014,0.8887,0.6276,Надёжный просмотр,Дебют
50917,Prima Doll,2022,Mixed media,Sci-Fi,12,37962,20785,Q2,0.5475,0.3084,0.0052,0.7366,0.3182,Остальные,Дебют
39292,Princess Connect! Re:Dive,2020,Game,Adventure,13,310117,222911,Q4 крупные,0.7187,0.4983,0.0034,0.8665,0.5462,Остальные,Дебют
42670,Princess Connect! Re:Dive Season 2,2022,Game,Adventure,12,138586,87492,Q3,0.6312,0.4644,0.006,0.8854,0.5525,Нишевые любимчики,Продолжение
42825,Project Scard: Praeter no Kizu,2021,Mixed media,Action,13,36625,19756,Q2,0.5394,0.2398,0.004,0.6506,0.2156,Остальные,Дебют
44235,Pui Pui Molcar,2021,Other,Comedy,12,18991,15692,Q1 малые,0.8261,0.679,0.0157,0.9449,0.9319,Флагманы,Дебют
51986,Pui Pui Molcar: Driving School,2022,Original,Comedy,12,5882,4092,Q1 малые,0.6958,0.5615,0.0051,0.9102,0.6564,Надёжный просмотр,Продолжение
57517,Puniru wa Kawaii Slime,2024,Manga,Comedy,12,13782,8752,Q1 малые,0.6341,0.347,0.0035,0.7235,0.3345,Остальные,Дебют
60603,Puniru wa Kawaii Slime 2nd Season,2025,Manga,Comedy,12,4734,2823,Q1 малые,0.5959,0.3264,0.0019,0.8047,0.1883,Остальные,Продолжение
44274,Puraore! Pride of Orange,2021,Mixed media,Sports,12,29187,16840,Q1 малые,0.5769,0.3393,0.0033,0.7436,0.2522,Остальные,Дебют
51297,Ragna Crimson,2023,Manga,Action,24,260151,184644,Q4 крупные,0.7096,0.4354,0.006,0.8413,0.6134,Нишевые любимчики,Дебют
40958,Rail Romanesque,2020,Visual novel,Slice of Life,12,31681,20422,Q2,0.6446,0.3876,0.0008,0.7627,0.2776,Остальные,Дебют
44583,Rail Romanesque 2,2023,Visual novel,Slice of Life,13,7471,2202,Q1 малые,0.2947,0.1434,0.0013,0.7211,0.0239,Остальные,Продолжение
56964,Raise wa Tanin ga Ii,2024,Manga,Romance,12,138354,98321,Q3,0.7106,0.4787,0.0052,0.8336,0.624,Остальные,Дебют
57325,Ramen Akaneko,2024,Manga,Comedy,12,16958,11026,Q1 малые,0.65,0.401,0.0055,0.7483,0.5086,Остальные,Дебют
59145,Ranma ½ (2024),2024,Manga,Action,12,145159,110475,Q3,0.7611,0.5616,0.0074,0.8815,0.7863,Флагманы,Дебют
48406,Re-Main,2021,Original,Sports,12,146678,96750,Q3,0.6596,0.4588,0.006,0.8552,0.5843,Нишевые любимчики,Дебют
56690,Re:Monster,2024,Light novel,Action,12,173775,152099,Q3,0.8746,0.6568,0.003,0.9133,0.7133,Надёжный просмотр,Дебют
39587,Re:Zero kara Hajimeru Isekai Seikatsu 2nd Season,2020,Light novel,Drama,13,1231794,1034315,Q4 крупные,0.8395,0.7336,0.01,0.9549,0.9304,Флагманы,Продолжение
42203,Re:Zero kara Hajimeru Isekai Seikatsu 2nd Season Part 2,2021,Light novel,Drama,12,1019999,863961,Q4 крупные,0.847,0.7279,0.013,0.9551,0.95,Флагманы,Продолжение
54857,Re:Zero kara Hajimeru Isekai Seikatsu 3rd Season,2024,Light novel,Drama,16,440843,295124,Q4 крупные,0.6689,0.4328,0.0138,0.8864,0.657,Нишевые любимчики,Продолжение
40129,Rebirth,2020,Card game,Comedy,48,5068,2807,Q1 малые,0.5539,0.1342,0.0006,0.5934,0.0639,Остальные,Дебют
49179,Reiwa no Di Gi Charat,2022,Original,Comedy,16,5778,2918,Q1 малые,0.505,0.2674,0.0031,0.7305,0.1602,Остальные,Дебют
56228,Rekishi ni Nokoru Akujo ni Naru zo,2024,Light novel,Comedy,13,121190,95396,Q3,0.7862,0.6276,0.0052,0.899,0.7714,Надёжный просмотр,Дебют
51403,Renai Flops,2022,Original,Comedy,12,172099,122575,Q3,0.7121,0.4616,0.0049,0.8513,0.5995,Остальные,Дебют
38006,Renmei Kuugun Koukuu Mahou Ongakutai Luminous Witches,2022,Original,Sci-Fi,12,25838,12625,Q1 малые,0.4885,0.2506,0.0027,0.7351,0.1172,Остальные,Дебют
53213,Revenger,2023,Original,Action,12,90666,59978,Q2,0.6613,0.3764,0.0032,0.7685,0.3824,Остальные,Дебют
38992,Rikei ga Koi ni Ochita no de Shoumei shitemita.,2020,Web manga,Comedy,12,383228,264707,Q4 крупные,0.6907,0.5039,0.0031,0.8521,0.502,Остальные,Дебют
43470,Rikei ga Koi ni Ochita no de Shoumei shitemita. Heart,2022,Web manga,Comedy,12,166143,101366,Q3,0.61,0.4358,0.0032,0.8564,0.3633,Остальные,Продолжение
54859,Rinkai!,2024,Mixed media,Sports,12,9729,4668,Q1 малые,0.4798,0.2137,0.0038,0.655,0.175,Остальные,Дебют
59360,Rock wa Lady no Tashinami deshite,2025,Manga,Comedy,13,68865,43251,Q2,0.6276,0.4019,0.0065,0.8061,0.5123,Нишевые любимчики,Дебют
54259,Rokudou no Onna-tachi,2023,Manga,Comedy,12,61260,44940,Q2,0.7334,0.4595,0.002,0.8047,0.4563,Остальные,Дебют
52461,Rougo ni Sonaete Isekai de 8-manmai no Kinka wo Tamemasu,2023,Light novel,Fantasy,12,112300,91832,Q3,0.8175,0.6395,0.0029,0.8761,0.6706,Надёжный просмотр,Дебют
48363,RPG Fudousan,2022,4-koma manga,Comedy,12,51600,34365,Q2,0.6659,0.3789,0.0024,0.7474,0.3418,Остальные,Дебют
40392,Runway de Waratte,2020,Manga,Drama,12,136972,87568,Q3,0.6392,0.495,0.0032,0.8774,0.4432,Остальные,Дебют
59791,Ruri no Houseki,2025,Manga,Slice of Life,13,59978,32897,Q2,0.5435,0.1402,0.004,0.7399,0.1986,Остальные,Дебют
50613,Rurouni Kenshin: Meiji Kenkaku Romantan (2023),2023,Manga,Action,24,146660,98998,Q3,0.6748,0.3681,0.0061,0.8214,0.5338,Нишевые любимчики,Дебют
57554,Rurouni Kenshin: Meiji Kenkaku Romantan - Kyoto Douran,2024,Manga,Action,23,56855,36398,Q2,0.6396,0.4317,0.0047,0.8728,0.4838,Остальные,Дебют
51381,RWBY: Hyousetsu Teikoku,2022,Other,Action,12,117590,73541,Q3,0.6252,0.3377,0.0057,0.8363,0.429,Нишевые любимчики,Дебют
50185,Ryman's Club,2022,Original,Sports,12,85256,57175,Q2,0.6706,0.4499,0.0063,0.8662,0.6001,Нишевые любимчики,Дебют
54760,Ryza no Atelier: Tokoyami no Joou to Himitsu no Kakurega,2023,Game,Adventure,12,75628,47043,Q2,0.6218,0.309,0.003,0.7254,0.264,Остальные,Дебют
58473,"S-Rank Monster no ""Behemoth"" dakedo, Neko to Machigawarete Elf Musume no Pet toshite Kurashitemasu",2025,Manga,Action,12,72063,50962,Q2,0.7067,0.4084,0.0035,0.8045,0.4656,Остальные,Дебют
39917,Sabiiro no Armor: Reimei,2022,Mixed media,Action,12,7483,4884,Q1 малые,0.6526,0.2107,0.0029,0.5029,0.2595,Остальные,Дебют
48414,Sabikui Bisco,2022,Light novel,Action,12,272111,191364,Q4 крупные,0.7032,0.472,0.0054,0.86,0.6176,Остальные,Дебют
48761,Saihate no Paladin,2021,Light novel,Action,12,342569,272399,Q4 крупные,0.7951,0.5862,0.0043,0.9007,0.7148,Надёжный просмотр,Дебют
50664,Saihate no Paladin: Tetsusabi no Yama no Ou,2023,Light novel,Action,12,138469,87478,Q3,0.6315,0.4707,0.0028,0.8411,0.3878,Остальные,Продолжение
53590,Saijaku Tamer wa Gomi Hiroi no Tabi wo Hajimemashita.,2024,Light novel,Adventure,12,129424,103060,Q3,0.7954,0.6289,0.0053,0.8856,0.7863,Надёжный просмотр,Дебют
51837,Saikin Yatotta Maid ga Ayashii,2022,Manga,Comedy,11,141552,93811,Q3,0.6626,0.3679,0.0037,0.7583,0.4069,Остальные,Дебют
60146,"Saikyou no Ousama, Nidome no Jinsei wa Nani wo Suru?",2025,Other,Fantasy,12,155817,120424,Q3,0.7726,0.481,0.0072,0.7948,0.736,Флагманы,Дебют
58714,"Saikyou no Shienshoku ""Wajutsushi"" de Aru Ore wa Sekai Saikyou Clan wo Shitagaeru",2024,Light novel,Action,12,134264,107533,Q3,0.8006,0.6313,0.0048,0.895,0.7645,Надёжный просмотр,Дебют
50932,Saikyou Onmyouji no Isekai Tenseiki,2023,Light novel,Action,13,261116,227418,Q4 крупные,0.8706,0.7259,0.0039,0.9349,0.7863,Надёжный просмотр,Дебют
56845,"Saikyou Tank no Meikyuu Kouryaku: Tairyoku 9999 no Rare Skill-mochi Tank, Yuusha Party wo Tsuihou sareru",2024,Manga,Action,12,95584,80502,Q3,0.8418,0.5543,0.0015,0.8431,0.5795,Надёжный просмотр,Дебют
45783,Saiyuuki Reload: Zeroin,2022,Manga,Action,13,14631,7758,Q1 малые,0.5301,0.2518,0.0051,0.6966,0.277,Остальные,Дебют
58939,Sakamoto Days,2025,Manga,Action,11,432896,330186,Q4 крупные,0.7619,0.493,0.0057,0.8577,0.6945,Надёжный просмотр,Дебют
60285,Sakamoto Days Part 2,2025,Manga,Action,11,182268,113239,Q3,0.618,0.3169,0.0035,0.8736,0.2916,Остальные,Продолжение
38192,Sakugan,2021,Novel,Action,12,106540,65280,Q3,0.6127,0.336,0.0026,0.7889,0.2416,Остальные,Дебют
59349,Salaryman ga Isekai ni Ittara Shitennou ni Natta Hanashi,2025,Web manga,Adventure,12,107261,85105,Q3,0.7934,0.5193,0.0022,0.8323,0.5516,Надёжный просмотр,Дебют
44387,Sankaku Mado no Sotogawa wa Yoru,2021,Manga,Boys Love,12,52630,33091,Q2,0.6285,0.3786,0.0068,0.7595,0.5014,Нишевые любимчики,Дебют
44055,Sasaki to Miyano,2022,Web manga,Boys Love,12,225464,163270,Q3,0.7239,0.5549,0.0243,0.8797,0.8141,Флагманы,Дебют
52482,Sasaki to Pii-chan,2024,Light novel,Adventure,12,112640,86527,Q3,0.7679,0.5386,0.0019,0.8658,0.5371,Надёжный просмотр,Дебют
54233,Sasayaku You ni Koi wo Utau,2024,Manga,Drama,12,92855,47501,Q2,0.5115,0.1868,0.0088,0.7584,0.3321,Нишевые любимчики,Дебют
42774,Sayonara Watashi no Cramer,2021,Manga,Drama,13,45139,29155,Q2,0.6458,0.3474,0.003,0.7415,0.3233,Остальные,Дебют
58445,"Sayounara Ryuusei, Konnichiwa Jinsei",2024,Light novel,Action,12,86401,67646,Q3,0.7823,0.5354,0.0021,0.8584,0.5501,Надёжный просмотр,Дебют
48492,Scarlet Nexus,2021,Game,Action,26,103938,66997,Q3,0.6445,0.2208,0.0049,0.7134,0.3609,Остальные,Дебют
53263,"Seija Musou: Salaryman, Isekai de Ikinokoru Tame ni Ayumu Michi",2023,Light novel,Adventure,12,138874,119767,Q3,0.8622,0.7215,0.0028,0.9098,0.7118,Надёжный просмотр,Дебют
42826,Seijo no Maryoku wa Bannou desu,2021,Light novel,Fantasy,12,235243,183238,Q4 крупные,0.7788,0.6165,0.0057,0.8822,0.779,Надёжный просмотр,Дебют
51215,Seijo no Maryoku wa Bannou desu Season 2,2023,Light novel,Fantasy,12,102393,72620,Q3,0.709,0.562,0.0035,0.8941,0.5876,Надёжный просмотр,Продолжение
49304,Seiken Densetsu: Legend of Mana - The Teardrop Crystal,2022,Game,Adventure,12,21984,13498,Q1 малые,0.6139,0.2599,0.0032,0.6605,0.2428,Остальные,Дебют
50184,Seiken Gakuin no Makentsukai,2023,Light novel,Action,12,168096,127122,Q3,0.7557,0.5229,0.0051,0.8767,0.687,Надёжный просмотр,Дебют
44203,Seirei Gensouki,2021,Light novel,Action,12,436607,363016,Q4 крупные,0.8314,0.7046,0.0079,0.9345,0.8962,Флагманы,Дебют
50306,Seirei Gensouki 2,2024,Light novel,Action,12,185694,106180,Q3,0.5718,0.4358,0.0068,0.8756,0.4853,Нишевые любимчики,Продолжение
57433,Seishun Buta Yarou wa Santa Claus no Yume wo Minai,2025,Light novel,Drama,13,163954,74553,Q3,0.454,0.132,0.0052,0.7382,0.2262,Остальные,Дебют
53912,Seiyuu Radio no Uraomote,2024,Light novel,Comedy,12,56683,34716,Q2,0.6122,0.3873,0.0031,0.8124,0.3215,Остальные,Дебют
47790,"Sekai Saikou no Ansatsusha, Isekai Kizoku ni Tensei suru",2021,Light novel,Action,12,610375,521910,Q4 крупные,0.855,0.7288,0.0072,0.9396,0.9068,Флагманы,Дебют
44275,Selection Project,2021,Mixed media,Не указан,13,47997,28690,Q2,0.5977,0.3924,0.0079,0.8277,0.4965,Нишевые любимчики,Дебют
58488,Sengoku Youko: Senma Konton-hen,2024,Manga,Action,22,27773,15510,Q1 малые,0.5584,0.3457,0.0034,0.8491,0.2516,Остальные,Дебют
56242,Sengoku Youko: Yonaoshi Kyoudai-hen,2024,Manga,Action,13,66780,38822,Q2,0.5811,0.3087,0.0029,0.7407,0.2119,Остальные,Дебют
42351,Senpai ga Uzai Kouhai no Hanashi,2021,Web manga,Comedy,12,366962,267964,Q4 крупные,0.73,0.5838,0.0047,0.9046,0.6851,Надёжный просмотр,Дебют
54855,Senpai wa Otokonoko,2024,Web manga,Drama,12,83080,50496,Q2,0.6075,0.3341,0.0054,0.7605,0.3933,Остальные,Дебют
53770,Sentai Daishikkaku,2024,Manga,Action,12,188615,128765,Q3,0.6825,0.4698,0.0044,0.8637,0.5553,Остальные,Дебют
59189,Sentai Daishikkaku 2nd Season,2025,Manga,Action,12,73713,42855,Q2,0.5812,0.4059,0.0037,0.864,0.3355,Остальные,Продолжение
59514,Sentai Red Isekai de Boukensha ni Naru,2025,Manga,Action,12,60038,43907,Q2,0.731,0.4205,0.0032,0.7751,0.4871,Остальные,Дебют
41456,"Sentouin, Haken shimasu!",2021,Light novel,Action,12,410219,315940,Q4 крупные,0.77,0.5817,0.0051,0.8769,0.7315,Надёжный просмотр,Дебют
41372,Senyoku no Sigrdrifa,2020,Original,Action,12,49005,29151,Q2,0.5949,0.3363,0.0015,0.7316,0.1847,Остальные,Дебют
47391,Seven Knights Revolution: Eiyuu no Keishousha,2021,Game,Action,12,62205,46704,Q2,0.7507,0.4747,0.003,0.7931,0.5304,Надёжный просмотр,Дебют
49160,Shachiku-san wa Youjo Yuurei ni Iyasaretai.,2022,Manga,Comedy,12,42792,27318,Q2,0.6383,0.3687,0.0036,0.7723,0.3685,Остальные,Дебют
40783,"Shachou, Battle no Jikan desu!",2020,Game,Action,12,43791,31640,Q2,0.7225,0.4449,0.0006,0.7454,0.4063,Остальные,Дебют
43439,Shadows House,2021,Manga,Fantasy,13,273902,175502,Q4 крупные,0.6405,0.4789,0.0082,0.8613,0.6237,Нишевые любимчики,Дебют
49782,Shadows House 2nd Season,2022,Manga,Fantasy,12,135477,89402,Q3,0.6597,0.5266,0.0053,0.9049,0.6073,Остальные,Продолжение
40506,Shadowverse,2020,Card game,Fantasy,48,17860,11905,Q1 малые,0.6666,0.205,0.002,0.6724,0.2286,Остальные,Дебют
50060,Shadowverse Flame,2022,Card game,Fantasy,50,7327,4663,Q1 малые,0.6364,0.215,0.0052,0.7068,0.3621,Остальные,Дебют
57614,Shadowverse Flame: Arc-hen,2024,Card game,Fantasy,23,2671,1362,Q1 малые,0.5099,0.2819,0.0037,0.7352,0.2083,Остальные,Продолжение
54854,Shadowverse Flame: Seven Shadows-hen,2023,Card game,Fantasy,25,3479,1900,Q1 малые,0.5463,0.3019,0.0032,,0.2001,Остальные,Продолжение
42395,Shakunetsu Kabaddi,2021,Web manga,Comedy,12,107436,74909,Q3,0.6972,0.459,0.007,0.8386,0.647,Нишевые любимчики,Дебют
42205,Shaman King (2021),2021,Manga,Action,52,278063,181778,Q4 крупные,0.6537,0.2291,0.0063,0.759,0.432,Нишевые любимчики,Дебют
51673,Shaman King: Flowers,2024,Manga,Action,13,35600,16027,Q1 малые,0.45,0.3048,0.0037,0.8267,0.1977,Остальные,Дебют
52347,"Shangri-La Frontier: Kusoge Hunter, Kamige ni Idoman to su",2023,Manga,Action,25,419992,351031,Q4 крупные,0.8356,0.6045,0.0086,0.9194,0.8686,Флагманы,Дебют
58572,"Shangri-La Frontier: Kusoge Hunter, Kamige ni Idoman to su 2nd Season",2024,Manga,Action,25,229584,182484,Q4 крупные,0.7937,0.5535,0.0062,0.912,0.772,Флагманы,Продолжение
42808,Shenmue the Animation,2022,Game,Action,13,24620,15417,Q1 малые,0.626,0.3509,0.0061,0.7933,0.4535,Нишевые любимчики,Дебют
48415,"Shijou Saikyou no Daimaou, Murabito A ni Tensei suru",2022,Light novel,Action,12,326712,276855,Q4 крупные,0.8473,0.637,0.0047,0.9067,0.7899,Надёжный просмотр,Дебют
58426,Shikanoko Nokonoko Koshitantan,2024,Manga,Comedy,12,261105,198604,Q4 крупные,0.7605,0.356,0.0064,0.7572,0.6064,Нишевые любимчики,Дебют
38440,Shikizakura,2021,Original,Action,12,18175,8701,Q1 малые,0.4787,0.2102,0.0028,0.6449,0.1041,Остальные,Дебют
47161,Shikkakumon no Saikyou Kenja,2022,Light novel,Action,12,286057,245496,Q4 крупные,0.858,0.6577,0.0042,0.8917,0.7796,Надёжный просмотр,Дебют
40957,Shin Chuuka Ichiban! 2nd Season,2021,Manga,Comedy,12,6328,3924,Q1 малые,0.62,0.4239,0.0019,0.8449,0.2961,Остальные,Продолжение
49342,Shin Ikkitousen,2022,Manga,Action,3,30047,14208,Q1 малые,0.4728,0.2839,0.0045,0.7446,0.2386,Остальные,Дебют
44037,"Shin no Nakama ja Nai to Yuusha no Party wo Oidasareta node, Henkyou de Slow Life suru Koto ni Shimashita",2021,Light novel,Fantasy,13,374140,304971,Q4 крупные,0.815,0.6565,0.0056,0.9153,0.815,Надёжный просмотр,Дебют
53488,"Shin no Nakama ja Nai to Yuusha no Party wo Oidasareta node, Henkyou de Slow Life suru Koto ni Shimashita 2nd",2024,Light novel,Fantasy,12,144782,105726,Q3,0.7299,0.5026,0.0027,0.8399,0.5114,Надёжный просмотр,Продолжение
40403,Shin Sakura Taisen the Animation,2020,Game,Action,12,21048,11483,Q1 малые,0.5455,0.2621,0.0011,0.646,0.0996,Остальные,Дебют
58812,Shin Samurai-den Yaiba,2025,Manga,Action,24,38128,23119,Q2,0.6055,0.1025,0.0032,0.702,0.1977,Остальные,Дебют
51495,Shin Shinka no Mi: Shiranai Uchi ni Kachigumi Jinsei,2023,Light novel,Adventure,12,123856,95776,Q3,0.773,0.5439,0.0048,0.8861,0.6982,Надёжный просмотр,Дебют
50099,Shin Tennis no Oujisama: U-17 World Cup,2022,Manga,Sports,13,17626,11531,Q1 малые,0.654,0.4484,0.0073,0.8425,0.6013,Нишевые любимчики,Продолжение
55570,Shin Tennis no Oujisama: U-17 World Cup Semifinal,2024,Manga,Sports,13,7691,4035,Q1 малые,0.5243,0.3671,0.0036,0.787,0.2691,Остальные,Продолжение
50221,Shine Post,2022,Mixed media,Drama,12,28809,15548,Q1 малые,0.5397,0.3445,0.0044,0.8098,0.3018,Остальные,Дебют
40028,Shingeki no Kyojin: The Final Season,2020,Manga,Action,16,2201893,2034604,Q4 крупные,0.924,0.7707,0.0243,0.9712,0.9912,Флагманы,Продолжение
48583,Shingeki no Kyojin: The Final Season Part 2,2022,Manga,Action,12,1481143,1270942,Q4 крупные,0.858,0.73,0.0214,0.9626,0.9728,Флагманы,Продолжение
47257,Shinigami Bocchan to Kuro Maid,2021,Web manga,Comedy,12,274335,184747,Q4 крупные,0.6734,0.4549,0.0064,0.8357,0.6113,Нишевые любимчики,Дебют
49858,Shinigami Bocchan to Kuro Maid 2nd Season,2023,Web manga,Comedy,12,97073,57532,Q2,0.5926,0.4566,0.0035,0.874,0.3803,Остальные,Продолжение
56738,Shinigami Bocchan to Kuro Maid 3rd Season,2024,Web manga,Comedy,12,65398,40364,Q2,0.6169,0.4955,0.0043,0.9004,0.4844,Остальные,Продолжение
46985,Shinka no Mi: Shiranai Uchi ni Kachigumi Jinsei,2021,Light novel,Adventure,12,232987,196552,Q4 крупные,0.8435,0.6603,0.0043,0.8971,0.7772,Надёжный просмотр,Дебют
57798,Shinkalion: Change the World,2024,Other,Action,39,7728,3214,Q1 малые,0.4159,0.0657,0.0049,0.4851,0.201,Остальные,Дебют
54913,"Shinmai Ossan Boukensha, Saikyou Party ni Shinu hodo Kitaerarete Muteki ni Naru.",2024,Light novel,Action,12,187278,161952,Q3,0.8643,0.6801,0.0036,0.9197,0.7557,Надёжный просмотр,Дебют
49849,Shinmai Renkinjutsushi no Tenpo Keiei,2022,Light novel,Adventure,12,78932,61752,Q3,0.782,0.535,0.0029,0.8713,0.5864,Надёжный просмотр,Дебют
51098,Shinobi no Ittoki,2022,Original,Action,12,185138,133523,Q3,0.7211,0.4128,0.0038,0.8128,0.5092,Остальные,Дебют
52082,Shiro Seijo to Kuro Bokushi,2023,4-koma manga,Fantasy,12,96175,61750,Q3,0.642,0.4373,0.0048,0.8147,0.4941,Остальные,Дебют
59322,Shirobuta Kizoku desu ga Zense no Kioku ga Haeta node Hiyoko na Otouto Sodatemasu,2025,Light novel,Fantasy,12,14015,10774,Q1 малые,0.7665,0.5439,0.0017,0.8493,0.5313,Надёжный просмотр,Дебют
46093,Shiroi Suna no Aquatope,2021,Original,Drama,24,179283,100670,Q3,0.5615,0.2887,0.008,0.8166,0.3881,Нишевые любимчики,Дебют
38843,Shironeko Project: Zero Chronicle,2020,Game,Action,12,108145,80989,Q3,0.7488,0.5548,0.002,0.845,0.5328,Надёжный просмотр,Дебют
58131,Shiunji-ke no Kodomotachi,2025,Manga,Comedy,12,100423,70684,Q3,0.7025,0.4899,0.0039,0.8525,0.555,Остальные,Дебют
47162,Shokei Shoujo no Virgin Road,2022,Light novel,Action,12,183351,124894,Q3,0.681,0.3799,0.0041,0.7834,0.4632,Остальные,Дебют
40902,Shokugeki no Souma: Gou no Sara,2020,Manga,Gourmet,13,573287,459607,Q4 крупные,0.8016,0.663,0.0025,0.9105,0.6437,Надёжный просмотр,Продолжение
50379,Shoot! Goal to the Future,2022,Manga,Sports,13,18224,12704,Q1 малые,0.6967,0.3671,0.0042,0.7064,0.4693,Остальные,Дебют
57810,Shoushimin Series,2024,Novel,Mystery,10,131369,78759,Q3,0.5993,0.3508,0.005,0.7782,0.3809,Остальные,Дебют
59828,Shoushimin Series 2nd Season,2025,Novel,Mystery,12,48002,30608,Q2,0.6373,0.487,0.006,0.8835,0.5767,Нишевые любимчики,Продолжение
40763,Show By Rock!! Mashumairesh!!,2020,Game,Comedy,12,17930,10247,Q1 малые,0.5715,0.3903,0.0041,0.8146,0.3424,Остальные,Продолжение
41520,Show by Rock!! Stars!!,2021,Game,Comedy,12,13718,7025,Q1 малые,0.5121,0.3659,0.0036,0.8518,0.264,Остальные,Продолжение
41946,Shuumatsu no Harem,2022,Manga,Sci-Fi,11,275128,196148,Q4 крупные,0.7129,0.4611,0.0075,0.8261,0.6791,Нишевые любимчики,Дебют
53356,Shuumatsu Train Doko e Iku?,2024,Original,Adventure,12,84796,53557,Q2,0.6314,0.4171,0.0034,0.8203,0.3803,Остальные,Дебют
53237,Shy,2023,Manga,Action,12,79363,51823,Q2,0.6528,0.3534,0.0027,0.7709,0.3173,Остальные,Дебют
57567,Shy 2nd Season,2024,Manga,Action,12,30425,17981,Q1 малые,0.5908,0.4131,0.0023,0.8521,0.2698,Остальные,Продолжение
40786,Skate-Leading☆Stars,2021,Original,Sports,12,44588,27323,Q2,0.6128,0.3514,0.0035,0.8189,0.3194,Остальные,Дебют
42923,SK∞,2021,Original,Sports,12,612865,477385,Q4 крупные,0.7789,0.6133,0.0224,0.9105,0.884,Флагманы,Дебют
50416,Skip to Loafer,2023,Manga,Drama,12,324681,229753,Q4 крупные,0.7074,0.5486,0.0117,0.9037,0.7678,Флагманы,Дебют
40586,"Slime Taoshite 300-nen, Shiranai Uchi ni Level Max ni Nattemashita",2021,Light novel,Comedy,12,433029,354383,Q4 крупные,0.8183,0.5873,0.0053,0.8878,0.7772,Надёжный просмотр,Дебют
50738,"Slime Taoshite 300-nen, Shiranai Uchi ni Level Max ni Nattemashita: Sono Ni",2025,Light novel,Comedy,12,116076,51442,Q2,0.443,0.2597,0.005,0.7931,0.2428,Остальные,Продолжение
45425,Slow Loop,2022,Manga,Gourmet,12,69240,42883,Q2,0.6193,0.407,0.0042,0.8411,0.4102,Остальные,Дебют
55636,Snack Basue,2024,Manga,Comedy,13,10311,6442,Q1 малые,0.6246,0.2939,0.0021,0.6472,0.2113,Остальные,Дебют
53730,"Sokushi Cheat ga Saikyou sugite, Isekai no Yatsura ga Marude Aite ni Naranai n desu ga.",2024,Light novel,Action,12,176638,145428,Q3,0.8233,0.615,0.0036,0.8842,0.7072,Надёжный просмотр,Дебют
39575,Somali to Mori no Kamisama,2020,Web manga,Adventure,12,311260,209222,Q4 крупные,0.6721,0.4727,0.0057,0.8369,0.6007,Остальные,Дебют
48849,Sonny Boy,2021,Original,Award Winning,12,358945,211923,Q4 крупные,0.5902,0.3815,0.0232,0.8439,0.5307,Нишевые любимчики,Дебют
48736,Sono Bisque Doll wa Koi wo Suru,2022,Manga,Romance,12,1241741,1087144,Q4 крупные,0.8755,0.7458,0.0182,0.9463,0.9788,Флагманы,Дебют
53065,Sono Bisque Doll wa Koi wo Suru Season 2,2025,Manga,Romance,12,362884,200148,Q4 крупные,0.5513,0.2615,0.0096,0.8462,0.3848,Нишевые любимчики,Продолжение
58066,Sorairo Utility (TV),2025,Original,Sports,12,20609,11757,Q1 малые,0.5701,0.3309,0.0025,0.761,0.191,Остальные,Дебют
42883,Sore dake ga Neck,2020,Original,Mystery,12,7012,5141,Q1 малые,0.7332,0.5191,0.0004,0.8416,0.4699,Надёжный просмотр,Дебют
45653,Soredemo Ayumu wa Yosetekuru,2022,Manga,Comedy,12,180185,107108,Q3,0.5943,0.3757,0.0038,0.8175,0.3312,Остальные,Дебют
36458,Soukou Musume Senki,2021,Game,Action,12,17167,10209,Q1 малые,0.5945,0.2991,0.0023,0.6776,0.1838,Остальные,Дебют
54769,Sousei no Aquarion: Myth of Emotions,2025,Original,Action,12,5109,2687,Q1 малые,0.5256,0.2232,0.0016,0.5923,0.0836,Остальные,Дебют
52991,Sousou no Frieren,2023,Manga,Adventure,28,1223219,1027684,Q4 крупные,0.8399,0.626,0.0624,0.9231,0.9349,Флагманы,Дебют
51252,Spy Kyoushitsu,2023,Light novel,Action,12,162293,97569,Q3,0.6011,0.2944,0.0044,0.726,0.3152,Остальные,Дебют
54947,Spy Kyoushitsu 2nd Season,2023,Light novel,Action,12,50110,30487,Q2,0.6082,0.4641,0.0021,0.876,0.3273,Остальные,Продолжение
50265,Spy x Family,2022,Manga,Action,12,1794468,1617362,Q4 крупные,0.9013,0.732,0.0226,0.9536,0.9846,Флагманы,Дебют
50602,Spy x Family Part 2,2022,Manga,Action,13,1072051,917470,Q4 крупные,0.8558,0.6759,0.0071,0.9401,0.8904,Флагманы,Продолжение
53887,Spy x Family Season 2,2023,Manga,Action,12,619770,471309,Q4 крупные,0.7603,0.6233,0.006,0.9193,0.7793,Флагманы,Продолжение
40870,SSSS.Dynazenon,2021,Original,Action,12,144345,79938,Q3,0.5537,0.3802,0.0063,0.8408,0.4187,Нишевые любимчики,Дебют
38005,Strike Witches: Road to Berlin,2020,Original,Action,12,30798,16136,Q1 малые,0.5238,0.3895,0.0032,0.8553,0.2604,Остальные,Продолжение
42307,Subarashiki Kono Sekai The Animation,2021,Game,Action,12,76186,45882,Q2,0.6022,0.3275,0.0044,0.7276,0.3348,Остальные,Дебют
49980,Sugar Apple Fairy Tale,2023,Light novel,Adventure,12,142796,100880,Q3,0.7065,0.5164,0.0074,0.8579,0.706,Нишевые любимчики,Дебют
54842,Sugar Apple Fairy Tale Part 2,2023,Light novel,Adventure,12,75194,55020,Q2,0.7315,0.5939,0.0049,0.9099,0.6969,Надёжный просмотр,Продолжение
54234,Suki na Ko ga Megane wo Wasureta,2023,Manga,Comedy,13,229008,156372,Q3,0.6826,0.4214,0.0067,0.7886,0.6016,Нишевые любимчики,Дебют
47194,Summertime Render,2022,Manga,Mystery,25,641809,432388,Q4 крупные,0.6736,0.4757,0.017,0.8986,0.7063,Нишевые любимчики,Дебют
40685,Super Cub,2021,Light novel,Slice of Life,12,127667,82394,Q3,0.6453,0.4313,0.0085,0.8588,0.5916,Нишевые любимчики,Дебют
55994,Sword Art Online Alternative: Gun Gale Online II,2024,Light novel,Action,12,111231,58634,Q2,0.5271,0.3599,0.0031,0.8224,0.2283,Остальные,Продолжение
40540,Sword Art Online: Alicization - War of Underworld 2nd Season,2020,Light novel,Action,11,668360,571850,Q4 крупные,0.8554,0.781,0.005,0.9656,0.8432,Надёжный просмотр,Продолжение
53026,Synduality: Noir,2023,Mixed media,Action,12,54770,29543,Q2,0.5392,0.3122,0.0035,0.7664,0.221,Остальные,Дебют
56731,Synduality: Noir Part 2,2024,Mixed media,Action,12,21626,13204,Q1 малые,0.6103,0.4503,0.0036,0.8599,0.4039,Остальные,Продолжение
56768,"Tadaima, Okaeri",2024,Manga,Boys Love,12,43683,28512,Q2,0.6524,0.4154,0.0086,0.7931,0.5898,Нишевые любимчики,Дебют
45055,Taishou Otome Otogibanashi,2021,Manga,Comedy,12,165823,111291,Q3,0.671,0.5115,0.0074,0.8845,0.6718,Нишевые любимчики,Дебют
42668,Taisou Zamurai,2020,Original,Sports,11,62414,36736,Q2,0.5886,0.395,0.0022,0.8104,0.2461,Остальные,Дебют
48556,Takt Op. Destiny,2021,Mixed media,Action,12,556461,396923,Q4 крупные,0.7132,0.4623,0.0086,0.8261,0.6954,Нишевые любимчики,Дебют
39966,Tamayomi,2020,Manga,Sports,12,35433,22643,Q2,0.639,0.3555,0.0013,0.723,0.2498,Остальные,Дебют
46471,"Tantei wa Mou, Shindeiru.",2021,Light novel,Comedy,12,400940,276717,Q4 крупные,0.69,0.3845,0.0081,0.7974,0.5992,Нишевые любимчики,Дебют
55844,Tasogare Out Focus,2024,Manga,Boys Love,12,54355,33708,Q2,0.6198,0.3856,0.0086,0.8179,0.5244,Нишевые любимчики,Дебют
59136,Tasokare Hotel,2025,Game,Fantasy,12,31912,18326,Q1 малые,0.574,0.3436,0.0035,0.7673,0.2695,Остальные,Дебют
57945,Tasuuketsu,2024,Web manga,Action,24,25008,17699,Q1 малые,0.7075,0.1858,0.0018,0.6094,0.2531,Остальные,Дебют
40356,Tate no Yuusha no Nariagari Season 2,2022,Light novel,Action,13,840166,551389,Q4 крупные,0.6562,0.4533,0.0147,0.8591,0.66,Нишевые любимчики,Продолжение
40357,Tate no Yuusha no Nariagari Season 3,2023,Light novel,Action,12,499878,248492,Q4 крупные,0.497,0.3989,0.0123,0.9124,0.4665,Нишевые любимчики,Продолжение
57907,Tate no Yuusha no Nariagari Season 4,2025,Light novel,Action,12,141361,68913,Q3,0.4868,0.2088,0.0036,0.8469,0.1592,Остальные,Продолжение
40594,Tatoeba Last Dungeon Mae no Mura no Shounen ga Joban no Machi de Kurasu Youna Monogatari,2021,Light novel,Adventure,12,312614,265797,Q4 крупные,0.8501,0.6361,0.0029,0.9121,0.6806,Надёжный просмотр,Дебют
52962,"Tearmoon Teikoku Monogatari: Dantoudai kara Hajimaru, Hime no Tensei Gyakuten Story",2023,Light novel,Comedy,12,91962,69222,Q3,0.7526,0.601,0.0038,0.8993,0.6612,Надёжный просмотр,Дебют
50284,Technoroid: Overmind,2023,Mixed media,Mystery,12,16698,8635,Q1 малые,0.517,0.2275,0.005,0.615,0.2558,Остальные,Дебют
54275,Temple,2023,Web manga,Comedy,12,117962,83650,Q3,0.7088,0.4984,0.0037,0.8462,0.5574,Остальные,Дебют
41762,Tenchi Souzou Design-bu,2021,Manga,Comedy,12,85400,60315,Q2,0.7062,0.4554,0.0037,0.8043,0.5192,Остальные,Дебют
53393,Tengoku Daimakyou,2023,Manga,Adventure,13,592394,420940,Q4 крупные,0.7103,0.5506,0.0123,0.891,0.7757,Флагманы,Дебют
47159,Tensai Ouji no Akaji Kokka Saisei Jutsu,2022,Light novel,Comedy,12,321092,249322,Q4 крупные,0.7763,0.599,0.0053,0.8965,0.7545,Надёжный просмотр,Дебют
47163,"Tensei Kenja no Isekai Life: Dai-2 no Shokugyou wo Ete, Sekai Saikyou ni Narimashita",2022,Light novel,Action,12,242542,194401,Q4 крупные,0.8013,0.5749,0.0058,0.8676,0.7796,Флагманы,Дебют
52608,Tensei Kizoku no Isekai Boukenroku: Jichou wo Shiranai Kamigami no Shito,2023,Light novel,Action,12,212617,183131,Q4 крупные,0.8613,0.7155,0.005,0.9054,0.8356,Надёжный просмотр,Дебют
55265,"Tensei Kizoku, Kantei Skill de Nariagaru",2024,Light novel,Adventure,12,179496,150040,Q3,0.8355,0.6698,0.0024,0.9167,0.6594,Надёжный просмотр,Дебют
59131,"Tensei Kizoku, Kantei Skill de Nariagaru 2nd Season",2024,Light novel,Adventure,12,114064,90010,Q3,0.7886,0.6177,0.0027,0.8953,0.6213,Надёжный просмотр,Продолжение
52736,Tensei Oujo to Tensai Reijou no Mahou Kakumei,2023,Light novel,Fantasy,12,219238,168981,Q4 крупные,0.7707,0.5777,0.0078,0.8911,0.8047,Флагманы,Дебют
53516,"Tensei shitara Dainana Ouji Datta node, Kimama ni Majutsu wo Kiwamemasu",2024,Light novel,Adventure,12,238124,202619,Q4 крупные,0.85,0.7031,0.0048,0.9132,0.8183,Надёжный просмотр,Дебют
59095,"Tensei shitara Dainana Ouji Datta node, Kimama ni Majutsu wo Kiwamemasu 2nd Season",2025,Light novel,Adventure,12,99574,65270,Q3,0.6549,0.3472,0.0033,0.891,0.356,Остальные,Продолжение
49891,Tensei shitara Ken deshita,2022,Light novel,Action,12,321409,264844,Q4 крупные,0.8238,0.6598,0.0058,0.9102,0.8308,Флагманы,Дебют
39551,Tensei shitara Slime Datta Ken 2nd Season,2021,Manga,Action,12,1071127,923229,Q4 крупные,0.8618,0.7761,0.0102,0.9632,0.9503,Флагманы,Продолжение
41487,Tensei shitara Slime Datta Ken 2nd Season Part 2,2021,Manga,Action,12,871158,758098,Q4 крупные,0.8701,0.7856,0.0127,0.9664,0.9664,Флагманы,Продолжение
53580,Tensei shitara Slime Datta Ken 3rd Season,2024,Manga,Action,24,438480,327394,Q4 крупные,0.7464,0.514,0.0098,0.9106,0.7678,Флагманы,Продолжение
58357,Tensui no Sakuna-hime,2024,Game,Action,13,19920,13386,Q1 малые,0.6718,0.3608,0.0015,0.7436,0.3021,Остальные,Дебют
41488,Tensura Nikki: Tensei shitara Slime Datta Ken,2021,Manga,Comedy,12,371728,281682,Q4 крупные,0.7577,0.6024,0.0057,0.9006,0.7587,Флагманы,Дебют
58614,Teogonia,2025,Light novel,Action,12,34519,24480,Q2,0.7086,0.4925,0.0027,0.8444,0.4865,Остальные,Дебют
50760,Teppen!!!!!!!!!!!!!!!,2022,Manga,Comedy,12,21357,13381,Q1 малые,0.6264,0.3128,0.0021,0.6763,0.2249,Остальные,Дебют
48680,Tesla Note,2021,Manga,Action,13,25709,14270,Q1 малые,0.555,0.19,0.0036,0.5413,0.1901,Остальные,Дебют
55911,The Fable,2024,Manga,Comedy,25,95534,60581,Q3,0.6337,0.3968,0.0076,0.8183,0.5359,Нишевые любимчики,Дебют
41353,The God of High School,2020,Web manga,Action,13,978261,831579,Q4 крупные,0.85,0.6859,0.0044,0.9308,0.7953,Надёжный просмотр,Дебют
51536,The iDOLM@STER Cinderella Girls: U149,2023,Web manga,Slice of Life,12,18227,12257,Q1 малые,0.6725,0.4613,0.0099,0.8416,0.667,Нишевые любимчики,Дебют
42385,The iDOLM@STER Million Live!,2023,Game,Не указан,12,11498,5473,Q1 малые,0.476,0.321,0.0046,0.8072,0.2649,Остальные,Продолжение
54758,The iDOLM@STER Shiny Colors,2024,Game,Slice of Life,12,10534,4947,Q1 малые,0.4694,0.2513,0.0057,0.7791,0.2767,Остальные,Продолжение
58302,The iDOLM@STER Shiny Colors 2nd Season,2024,Game,Slice of Life,12,5074,2442,Q1 малые,0.481,0.3248,0.0043,0.8194,0.2558,Остальные,Продолжение
48441,The Legend of Heroes: Sen no Kiseki - Northern War,2023,Game,Action,12,40426,24064,Q2,0.5951,0.259,0.003,0.662,0.2053,Остальные,Дебют
53587,The Marginal Service,2023,Original,Action,12,23702,13974,Q1 малые,0.5895,0.2375,0.0027,0.6122,0.1701,Остальные,Дебют
57100,The New Gate,2024,Light novel,Action,12,139602,112222,Q3,0.8037,0.622,0.0029,0.9005,0.6458,Надёжный просмотр,Дебют
38481,Toaru Kagaku no Railgun T,2020,Manga,Action,25,260691,169313,Q4 крупные,0.6494,0.51,0.0127,0.9208,0.6851,Нишевые любимчики,Продолжение
54431,Toaru Ossan no VRMMO Katsudouki,2023,Light novel,Action,12,97913,80237,Q3,0.819,0.6076,0.0023,0.8614,0.6225,Надёжный просмотр,Дебют
54744,Tokidoki Bosotto Russia-go de Dereru Tonari no Alya-san,2024,Light novel,Comedy,12,448741,361981,Q4 крупные,0.8062,0.6014,0.012,0.9116,0.8738,Флагманы,Дебют
50204,Tokyo 24-ku,2022,Original,Mystery,12,72581,45847,Q2,0.6316,0.3363,0.0029,0.7936,0.2797,Остальные,Дебют
41589,Tokyo Mew Mew New ♡,2022,Manga,Romance,12,47761,24392,Q2,0.5106,0.276,0.0072,0.7696,0.3427,Нишевые любимчики,Дебют
53097,Tokyo Mew Mew New ♡ 2nd Season,2023,Manga,Romance,12,16695,8731,Q1 малые,0.5228,0.3746,0.0034,0.8564,0.257,Остальные,Продолжение
42249,Tokyo Revengers,2021,Manga,Action,24,1365553,1151178,Q4 крупные,0.843,0.6122,0.0185,0.9316,0.9186,Флагманы,Дебют
50608,Tokyo Revengers: Seiya Kessen-hen,2023,Manga,Action,13,410670,299876,Q4 крупные,0.7302,0.5752,0.0063,0.8957,0.7405,Флагманы,Продолжение
54918,Tokyo Revengers: Tenjiku-hen,2023,Manga,Action,13,254313,188085,Q4 крупные,0.7392,0.6235,0.0063,0.9169,0.7717,Флагманы,Продолжение
41062,Tomica Kizuna Gattai: Earth Granner,2020,Other,Action,51,1951,1138,Q1 малые,0.5836,0.1415,0.0005,0.56,0.0851,Остальные,Дебют
52305,Tomo-chan wa Onnanoko!,2023,Web manga,Comedy,13,478379,383234,Q4 крупные,0.8009,0.6498,0.0066,0.9111,0.8377,Флагманы,Дебют
50273,Tomodachi Game,2022,Manga,Suspense,12,467416,370490,Q4 крупные,0.7925,0.6541,0.0093,0.9156,0.8713,Флагманы,Дебют
51461,Tonari no Youkai-san,2024,Web manga,Drama,13,24381,14816,Q1 малые,0.6076,0.3441,0.0031,0.7593,0.2804,Остальные,Дебют
53446,Tondemo Skill de Isekai Hourou Meshi,2023,Light novel,Adventure,12,298946,253801,Q4 крупные,0.8487,0.7136,0.0075,0.9311,0.9046,Флагманы,Дебют
41389,Tonikaku Kawaii,2020,Manga,Comedy,12,811269,658618,Q4 крупные,0.8117,0.6759,0.0128,0.9251,0.9125,Флагманы,Дебют
50307,Tonikaku Kawaii 2nd Season,2023,Manga,Comedy,12,281138,168752,Q4 крупные,0.6002,0.4278,0.0089,0.8577,0.5374,Нишевые любимчики,Продолжение
57924,Tono to Inu,2024,Web manga,Slice of Life,24,4765,1130,Q1 малые,0.2371,0.0837,0.0046,0.5647,0.1792,Остальные,Дебют
57796,Touhai: Ura Rate Mahjong Touhairoku,2024,Manga,Drama,25,20916,9386,Q1 малые,0.4486,0.1549,0.0035,0.6671,0.1365,Остальные,Дебют
51859,Touken Ranbu Kai: Kyoden Moyuru Honnouji,2024,Other,Action,8,14075,5735,Q1 малые,0.4073,0.1802,0.0038,0.5974,0.1523,Остальные,Дебют
54040,Tousouchuu: Great Mission,2023,Other,Sci-Fi,97,6577,3222,Q1 малые,0.4897,0.042,0.0044,0.5,0.1883,Остальные,Дебют
49969,Tribe Nine,2022,Mixed media,Sci-Fi,12,49918,29570,Q2,0.5923,0.3016,0.0047,0.7306,0.3197,Остальные,Дебют
52093,Trigun Stampede,2023,Manga,Action,12,218496,140169,Q3,0.6414,0.4306,0.0113,0.8278,0.6079,Нишевые любимчики,Дебют
56662,Trillion Game,2024,Manga,Drama,26,30440,19920,Q2,0.6542,0.3498,0.0034,0.8047,0.3633,Остальные,Дебют
44191,Tropical-Rouge! Precure,2021,Original,Action,46,15102,9405,Q1 малые,0.6226,0.306,0.0099,0.8255,0.4747,Нишевые любимчики,Дебют
58059,Tsue to Tsurugi no Wistoria,2024,Manga,Action,12,322282,269602,Q4 крупные,0.8359,0.648,0.0055,0.9087,0.822,Надёжный просмотр,Дебют
39469,Tsugu Tsugumomo,2020,Manga,Action,12,122417,77675,Q3,0.6344,0.4908,0.0031,0.8741,0.4317,Остальные,Дебют
60523,Tsuihousha Shokudou e Youkoso!,2025,Light novel,Fantasy,12,49229,35438,Q2,0.719,0.3916,0.002,0.8506,0.3857,Остальные,Дебют
43523,Tsuki ga Michibiku Isekai Douchuu,2021,Light novel,Action,12,529719,444796,Q4 крупные,0.8395,0.7349,0.0088,0.9377,0.9201,Флагманы,Дебют
49889,Tsuki ga Michibiku Isekai Douchuu 2nd Season,2024,Light novel,Action,25,309113,237253,Q4 крупные,0.7673,0.6009,0.0075,0.9353,0.8126,Флагманы,Продолжение
48471,Tsuki to Laika to Nosferatu,2021,Light novel,Fantasy,12,170067,104956,Q3,0.6171,0.4079,0.0047,0.8346,0.4342,Остальные,Дебют
37008,Tsukipro The Animation 2,2021,Mixed media,Не указан,13,8277,3022,Q1 малые,0.3652,0.2054,0.0059,0.7805,0.2576,Нишевые любимчики,Продолжение
38669,Tsukiuta. The Animation 2,2020,Music,Не указан,13,8594,4329,Q1 малые,0.5037,0.3333,0.0036,0.8124,0.2268,Остальные,Продолжение
54726,"Tsuma, Shougakusei ni Naru.",2024,Manga,Comedy,12,63958,38378,Q2,0.5998,0.3888,0.0032,0.7958,0.3103,Остальные,Дебют
50652,Tsundere Akuyaku Reijou Liselotte to Jikkyou no Endou-kun to Kaisetsu no Kobayashi-san,2023,Light novel,Comedy,12,107408,71837,Q3,0.6687,0.4564,0.0046,0.8284,0.5335,Остальные,Дебют
52826,Tsurune: Tsunagari no Issha,2023,Light novel,Sports,13,65970,35575,Q2,0.5391,0.3919,0.0071,0.8386,0.4326,Нишевые любимчики,Дебют
53397,Tsuyokute New Saga,2025,Light novel,Adventure,12,62682,39387,Q2,0.6243,0.3187,0.0022,0.8326,0.2307,Остальные,Дебют
54028,Turkey!,2025,Original,Sports,12,17904,9781,Q1 малые,0.5448,0.1973,0.0024,0.6805,0.1147,Остальные,Дебют
41401,TV Yarou Nanaana: Kaibutsu Kraken wo Oe!,2020,Original,Adventure,24,1747,1090,Q1 малые,0.6239,0.2639,0.0011,0.7277,0.1714,Остальные,Продолжение
53379,Uchi no Kaisha no Chiisai Senpai no Hanashi,2023,Web manga,Comedy,12,134475,90851,Q3,0.6754,0.4512,0.0035,0.7947,0.4738,Остальные,Дебют
49533,Uchi no Shishou wa Shippo ga Nai,2022,Manga,Slice of Life,13,27392,16571,Q1 малые,0.6049,0.2999,0.0022,0.7053,0.1919,Остальные,Дебют
39942,Uchi Tama?! Uchi no Tama Shirimasen ka?,2020,Original,Slice of Life,11,25791,14928,Q1 малые,0.5788,0.3355,0.0031,0.737,0.2355,Остальные,Дебют
60401,Uchuujin MuuMuu,2025,Manga,Comedy,24,11138,5556,Q1 малые,0.4987,0.139,0.0014,0.6318,0.046,Остальные,Дебют
59636,Uma Musume: Cinderella Gray,2025,Manga,Drama,13,60508,39986,Q2,0.6575,0.4866,0.012,0.8815,0.6791,Нишевые любимчики,Дебют
42941,Uma Musume: Pretty Derby Season 2,2021,Game,Sports,13,86201,63917,Q3,0.7403,0.5958,0.0163,0.9125,0.8377,Флагманы,Продолжение
53526,Uma Musume: Pretty Derby Season 3,2023,Game,Sports,13,45042,32429,Q2,0.7179,0.5792,0.0035,0.9062,0.5964,Надёжный просмотр,Продолжение
38835,Umayon,2020,4-koma manga,Comedy,12,21851,16093,Q1 малые,0.7355,0.5815,0.0008,0.9077,0.5123,Надёжный просмотр,Дебют
54790,Undead Girl Murder Farce,2023,Novel,Fantasy,13,176576,120990,Q3,0.6851,0.5027,0.0051,0.8742,0.6104,Остальные,Дебют
52741,Undead Unluck,2023,Manga,Action,24,326655,225066,Q4 крупные,0.6889,0.3665,0.0056,0.834,0.5259,Остальные,Дебют
49766,Under Ninja,2023,Manga,Action,12,76282,46083,Q2,0.604,0.3823,0.0044,0.7837,0.386,Остальные,Дебют
53132,UniteUp!,2023,Music,Slice of Life,12,11825,7018,Q1 малые,0.5934,0.3303,0.0083,0.7735,0.4414,Нишевые любимчики,Дебют
56135,UniteUp! Uni:Birth,2025,Music,Slice of Life,12,4562,2091,Q1 малые,0.4581,0.2414,0.0066,0.7425,0.2973,Нишевые любимчики,Продолжение
53835,Unnamed Memory,2024,Light novel,Adventure,12,148587,101719,Q3,0.6843,0.4118,0.0047,0.8242,0.5229,Остальные,Дебют
59142,Unnamed Memory Act.2,2025,Light novel,Adventure,12,56180,32909,Q2,0.5852,0.3913,0.0055,0.8264,0.4202,Остальные,Продолжение
40620,Uramichi Oniisan,2021,Web manga,Comedy,13,260765,177623,Q4 крупные,0.6809,0.441,0.0101,0.8317,0.6579,Нишевые любимчики,Дебют
41392,Urasekai Picnic,2021,Novel,Adventure,12,131475,77754,Q3,0.5913,0.3496,0.0044,0.782,0.3418,Остальные,Дебют
50710,Urusei Yatsura (2022),2022,Manga,Comedy,23,198084,114776,Q3,0.5794,0.2432,0.0063,0.7605,0.3464,Нишевые любимчики,Дебют
54829,Urusei Yatsura (2022) 2nd Season,2024,Manga,Comedy,23,54881,29761,Q2,0.5421,0.361,0.0044,0.8724,0.3161,Остальные,Продолжение
55689,Utagoe wa Mille-Feuille,2025,Music,Slice of Life,10,6138,2089,Q1 малые,0.3382,0.147,0.0024,0.6463,0.0621,Остальные,Дебют
40590,Utawarerumono: Futari no Hakuoro,2022,Visual novel,Action,28,41495,18853,Q2,0.4543,0.2444,0.0046,0.7649,0.2231,Остальные,Продолжение
41226,Uzaki-chan wa Asobitai!,2020,Web manga,Comedy,12,515598,421813,Q4 крупные,0.818,0.6623,0.0035,0.9077,0.71,Надёжный просмотр,Дебют
42962,Uzaki-chan wa Asobitai! Double,2022,Web manga,Comedy,13,243652,159114,Q3,0.6529,0.5087,0.0039,0.9085,0.5162,Остальные,Продолжение
40333,Uzumaki,2024,Manga,Avant Garde,4,237511,113793,Q3,0.479,0.3176,0.0052,0.7506,0.2916,Остальные,Дебют
57031,Vampire Dormitory,2024,Manga,Romance,12,51492,34215,Q2,0.6643,0.4093,0.0049,0.7766,0.508,Остальные,Дебют
48580,Vanitas no Karte,2021,Manga,Action,12,603666,421368,Q4 крупные,0.698,0.4961,0.0135,0.8651,0.7327,Нишевые любимчики,Дебют
49114,Vanitas no Karte Part 2,2022,Manga,Action,12,331717,241487,Q4 крупные,0.728,0.5978,0.0087,0.9223,0.7908,Флагманы,Продолжение
43771,Vazzrock The Animation,2022,Music,Не указан,13,7458,3433,Q1 малые,0.4602,0.1626,0.004,0.5692,0.1677,Остальные,Дебют
60593,Vigilante: Boku no Hero Academia Illegals,2025,Manga,Action,13,143477,96265,Q3,0.6709,0.4465,0.0031,0.8537,0.4457,Остальные,Дебют
49387,Vinland Saga Season 2,2023,Manga,Action,24,784755,623099,Q4 крупные,0.7939,0.6409,0.0241,0.9429,0.9095,Флагманы,Продолжение
48567,Visual Prison,2021,Original,Supernatural,12,44144,21763,Q2,0.493,0.2574,0.0116,0.6786,0.3651,Нишевые любимчики,Дебют
46095,Vivy: Fluorite Eye's Song,2021,Original,Action,13,589480,391259,Q4 крупные,0.6637,0.5009,0.0192,0.8931,0.7154,Нишевые любимчики,Дебют
54284,VTuber Nandaga Haishin Kiri Wasuretara Densetsu ni Natteta,2024,Light novel,Comedy,12,71514,48809,Q2,0.6823,0.3348,0.0033,0.7229,0.373,Остальные,Дебют
49285,Waccha PriMagi!,2021,Original,Не указан,51,6385,3315,Q1 малые,0.5189,0.1763,0.0091,0.6612,0.3355,Нишевые любимчики,Дебют
51923,Warau Arsnotoria Sun!,2022,Game,Action,12,31377,19573,Q2,0.6237,0.2829,0.0016,0.671,0.1892,Остальные,Дебют
60326,"Watashi ga Koibito ni Nareru Wake Nai jan, Muri Muri! (※Muri ja Nakatta!?)",2025,Light novel,Comedy,12,70993,39897,Q2,0.5606,0.2421,0.0074,0.7751,0.3597,Нишевые любимчики,Дебют
53833,Watashi no Oshi wa Akuyaku Reijou.,2023,Light novel,Comedy,12,140633,105730,Q3,0.7516,0.5671,0.0093,0.8903,0.8011,Флагманы,Дебют
51552,Watashi no Shiawase na Kekkon,2023,Novel,Drama,12,360396,286883,Q4 крупные,0.7957,0.6176,0.0091,0.926,0.8571,Флагманы,Дебют
56701,Watashi no Shiawase na Kekkon 2nd Season,2025,Novel,Drama,13,136797,82527,Q3,0.6028,0.3532,0.0046,0.8235,0.3706,Остальные,Продолжение
51817,Watashi no Yuri wa Oshigoto desu!,2023,Manga,Comedy,12,61832,38504,Q2,0.6227,0.3963,0.0051,0.7741,0.4481,Остальные,Дебют
46118,Wave!! Surfing Yappe!! (TV),2021,Mixed media,Sports,12,51911,31440,Q2,0.6057,0.279,0.0039,0.7604,0.2837,Остальные,Дебют
54900,Wind Breaker,2024,Web manga,Action,13,421734,344765,Q4 крупные,0.8173,0.6204,0.0082,0.8995,0.8616,Флагманы,Дебют
59160,Wind Breaker Season 2,2025,Web manga,Action,12,194911,142324,Q3,0.7298,0.5069,0.0054,0.8837,0.6688,Надёжный просмотр,Продолжение
41521,WIXOSS Diva(A)Live,2021,Card game,Не указан,12,11696,6769,Q1 малые,0.5787,0.3198,0.0016,0.7271,0.1599,Остальные,Дебют
43299,Wonder Egg Priority,2021,Original,Drama,12,813165,569786,Q4 крупные,0.7006,0.4994,0.0115,0.8762,0.7278,Нишевые любимчики,Дебют
57390,Wonderful Precure!,2024,Original,Action,50,8741,5855,Q1 малые,0.6696,0.2575,0.013,0.8139,0.5295,Нишевые любимчики,Дебют
53698,World Dai Star,2023,Mixed media,Не указан,12,16937,9960,Q1 малые,0.588,0.3691,0.0053,0.7772,0.3972,Остальные,Дебют
40907,World Trigger 2nd Season,2021,Manga,Action,12,169919,110291,Q3,0.6489,0.5455,0.0049,0.9227,0.5886,Остальные,Продолжение
44940,World Trigger 3rd Season,2021,Manga,Action,14,135223,88025,Q3,0.6509,0.5465,0.0093,0.9286,0.6912,Нишевые любимчики,Продолжение
42506,World Witches Hasshin Shimasu!,2021,Original,Comedy,12,13240,6775,Q1 малые,0.5116,0.3415,0.0014,0.802,0.1296,Остальные,Дебют
39547,Yahari Ore no Seishun Love Comedy wa Machigatteiru. Kan,2020,Light novel,Comedy,12,795682,626035,Q4 крупные,0.7868,0.6859,0.0185,0.9382,0.9149,Флагманы,Продолжение
42568,Yaku nara Mug Cup mo,2021,Manga,Slice of Life,12,49905,30224,Q2,0.6056,0.3541,0.0028,0.7911,0.2616,Остальные,Дебют
49263,Yaku nara Mug Cup mo: Niban Gama,2021,Manga,Slice of Life,12,20363,12998,Q1 малые,0.6383,0.4932,0.0023,0.8993,0.3918,Остальные,Продолжение
39617,Yakusoku no Neverland 2nd Season,2021,Manga,Mystery,11,979961,778684,Q4 крупные,0.7945,0.5194,0.0046,0.8863,0.6879,Надёжный просмотр,Продолжение
48491,Yama no Susume: Next Summit,2022,Manga,Adventure,12,27905,13806,Q1 малые,0.4947,0.3258,0.0042,0.8412,0.2537,Остальные,Продолжение
53126,Yamada-kun to Lv999 no Koi wo Suru,2023,Web manga,Romance,13,509975,416730,Q4 крупные,0.8172,0.6452,0.0098,0.9126,0.8877,Флагманы,Дебют
50599,Yami Shibai 10,2022,Original,Avant Garde,13,11868,7847,Q1 малые,0.6611,0.5048,0.0029,0.9147,0.4678,Остальные,Продолжение
55166,Yami Shibai 11,2023,Original,Avant Garde,13,8240,5084,Q1 малые,0.6168,0.4766,0.0034,0.9005,0.4166,Остальные,Продолжение
57180,Yami Shibai 12,2024,Original,Avant Garde,13,6575,3895,Q1 малые,0.5923,0.4602,0.0026,0.8896,0.3246,Остальные,Продолжение
59010,Yami Shibai 13,2024,Original,Avant Garde,13,4785,3177,Q1 малые,0.6635,0.5092,0.0031,0.8715,0.4841,Остальные,Продолжение
60410,Yami Shibai 14,2025,Original,Avant Garde,13,4162,2528,Q1 малые,0.6068,0.4417,0.0034,0.8676,0.3748,Остальные,Продолжение
44208,Yami Shibai 8,2021,Original,Avant Garde,13,17258,11460,Q1 малые,0.664,0.5312,0.0013,0.9263,0.4181,Остальные,Продолжение
49110,Yami Shibai 9,2021,Original,Avant Garde,13,13912,8906,Q1 малые,0.6401,0.5225,0.0029,0.9196,0.4414,Остальные,Продолжение
55150,Yarinaoshi Reijou wa Ryuutei Heika wo Kouryakuchuu,2024,Light novel,Comedy,12,96181,69948,Q3,0.7273,0.5283,0.0041,0.8809,0.6131,Надёжный просмотр,Дебют
39960,Yatogame-chan Kansatsu Nikki Nisatsume,2020,4-koma manga,Comedy,12,20915,14931,Q1 малые,0.7139,0.5821,0.0002,0.919,0.4896,Надёжный просмотр,Продолжение
42959,Yatogame-chan Kansatsu Nikki Sansatsume,2021,4-koma manga,Comedy,12,15733,9993,Q1 малые,0.6352,0.5083,0.001,0.9108,0.3618,Остальные,Продолжение
50438,Yatogame-chan Kansatsu Nikki Yonsatsume,2022,4-koma manga,Comedy,10,10366,6612,Q1 малые,0.6379,0.4828,0.0018,0.8992,0.3654,Остальные,Продолжение
39710,Yesterday wo Utatte,2020,Manga,Drama,12,328330,226455,Q4 крупные,0.6897,0.5238,0.0042,0.8913,0.5825,Остальные,Дебют
50346,Yofukashi no Uta,2022,Manga,Romance,13,720810,527917,Q4 крупные,0.7322,0.5316,0.0137,0.8789,0.7884,Флагманы,Дебют
58390,Yofukashi no Uta Season 2,2025,Manga,Romance,12,186312,96032,Q3,0.5145,0.2416,0.006,0.7809,0.2973,Нишевые любимчики,Продолжение
54839,Yoru no Kurage wa Oyogenai,2024,Original,Drama,12,126670,78166,Q3,0.6169,0.4065,0.0074,0.8293,0.5216,Нишевые любимчики,Дебют
51692,Yoru wa Neko to Issho,2022,Web manga,Comedy,30,16014,8908,Q1 малые,0.5563,0.339,0.0067,0.8719,0.3942,Нишевые любимчики,Дебют
57533,Youkai Gakkou no Sensei Hajimemashita!,2024,Manga,Comedy,24,42378,28014,Q2,0.6608,0.2932,0.0061,0.7375,0.4569,Нишевые любимчики,Дебют
48365,Youkai Watch ♪,2021,Game,Comedy,98,3064,1821,Q1 малые,0.5943,0.1762,0.0095,,0.3881,Нишевые любимчики,Дебют
51096,Youkoso Jitsuryoku Shijou Shugi no Kyoushitsu e 2nd Season,2022,Light novel,Drama,13,754145,659512,Q4 крупные,0.8745,0.7436,0.0111,0.9417,0.9573,Флагманы,Продолжение
51180,Youkoso Jitsuryoku Shijou Shugi no Kyoushitsu e 3rd Season,2024,Light novel,Drama,13,487973,374291,Q4 крупные,0.7668,0.6356,0.009,0.9282,0.8456,Флагманы,Продолжение
55995,Your Forma,2025,Light novel,Mystery,13,40105,19852,Q2,0.4951,0.1849,0.0027,0.6207,0.0999,Остальные,Дебют
50552,Yowamushi Pedal: Limit Break,2022,Manga,Sports,25,29137,18816,Q2,0.6457,0.4379,0.0051,0.8805,0.5126,Остальные,Продолжение
53865,Yozakura-san Chi no Daisakusen,2024,Manga,Action,27,144748,93465,Q3,0.6453,0.3113,0.005,0.8034,0.4099,Остальные,Дебют
50607,Yu☆Gi☆Oh! Go Rush!!,2022,Card game,Action,151,7566,4133,Q1 малые,0.5461,0.0996,0.0077,0.6022,0.3236,Нишевые любимчики,Продолжение
40145,Yu☆Gi☆Oh! Sevens,2020,Card game,Action,92,19901,11336,Q1 малые,0.5696,0.172,0.0044,0.7195,0.2437,Остальные,Дебют
55866,Yubisaki to Renren,2024,Manga,Romance,12,315688,230083,Q4 крупные,0.7284,0.5357,0.0134,0.8639,0.7872,Флагманы,Дебют
53632,Yumemiru Danshi wa Genjitsushugisha,2023,Light novel,Comedy,12,205247,160693,Q3,0.7828,0.5983,0.0055,0.8741,0.7675,Надёжный просмотр,Дебют
38474,Yuru Camp△ Season 2,2021,Manga,Slice of Life,13,247035,160393,Q3,0.6492,0.5166,0.0128,0.9217,0.6885,Нишевые любимчики,Продолжение
53410,Yuru Camp△ Season 3,2024,Manga,Slice of Life,12,97428,55984,Q2,0.5745,0.4146,0.0057,0.8677,0.4408,Нишевые любимчики,Продолжение
55528,Yuuki Bakuhatsu Bang Bravern,2024,Original,Action,12,34722,19527,Q2,0.5621,0.35,0.0069,0.7909,0.4117,Нишевые любимчики,Дебют
42071,Yuuki Yuuna wa Yuusha de Aru Churutto!,2021,Game,Comedy,12,7864,3497,Q1 малые,0.4447,0.2917,0.0028,0.8442,0.1308,Остальные,Продолжение
42587,Yuuki Yuuna wa Yuusha de Aru: Dai Mankai no Shou,2021,Original,Drama,12,27000,13696,Q1 малые,0.5073,0.3601,0.0058,0.8554,0.3609,Нишевые любимчики,Продолжение
40911,Yuukoku no Moriarty,2020,Manga,Mystery,11,489759,325332,Q4 крупные,0.6642,0.5349,0.0166,0.901,0.7333,Нишевые любимчики,Дебют
43325,Yuukoku no Moriarty Part 2,2021,Manga,Mystery,13,281822,202380,Q4 крупные,0.718,0.5852,0.0116,0.934,0.7972,Флагманы,Продолжение
51092,Yuurei Deco,2022,Original,Sci-Fi,12,20671,13451,Q1 малые,0.6506,0.3224,0.0021,0.729,0.261,Остальные,Дебют
51706,Yuusha ga Shinda!,2023,Web manga,Action,12,148098,112312,Q3,0.7581,0.4845,0.0028,0.8033,0.5277,Надёжный просмотр,Дебют
52046,"Yuusha Party wo Tsuihou sareta Beast Tamer, Saikyoushu no Nekomimi Shoujo to Deau",2022,Web manga,Action,13,231529,198120,Q4 крупные,0.8554,0.6757,0.0049,0.9202,0.818,Надёжный просмотр,Дебют
59424,"Yuusha Party wo Tsuihou sareta Shiromadoushi, S-Rank Boukensha ni Hirowareru: Kono Shiromadoushi ga Kikakugai Sugiru",2025,Manga,Adventure,12,59877,44297,Q2,0.7341,0.3948,0.0021,0.8689,0.4045,Остальные,Дебют
50175,"Yuusha, Yamemasu",2022,Light novel,Action,12,341256,280233,Q4 крупные,0.821,0.6398,0.0051,0.8973,0.7953,Надёжный просмотр,Дебют
55153,Yuzuki-san Chi no Yonkyoudai.,2023,Manga,Slice of Life,12,69808,44540,Q2,0.6378,0.4504,0.0055,0.8249,0.5325,Остальные,Дебют
55514,Zatsu Tabi: That's Journey,2025,Manga,Adventure,12,35389,21168,Q2,0.5975,0.3023,0.0029,0.7403,0.2201,Остальные,Дебют
58502,Zenshuu.,2025,Original,Action,12,149997,102164,Q3,0.6806,0.4464,0.0058,0.8159,0.5928,Нишевые любимчики,Дебют
54112,Zom 100: Zombie ni Naru made ni Shitai 100 no Koto,2023,Manga,Comedy,12,644312,527104,Q4 крупные,0.8179,0.5101,0.0065,0.8874,0.7702,Флагманы,Дебют
40174,Zombieland Saga Revenge,2021,Original,Comedy,12,232624,147382,Q3,0.6334,0.4933,0.007,0.8936,0.601,Нишевые любимчики,Продолжение
59421,Zutaboro Reijou wa Ane no Moto Konyakusha ni Dekiai sareru,2025,Light novel,Drama,12,46157,30716,Q2,0.6613,0.3736,0.0039,0.8407,0.4236,Остальные,Дебют
