mal_id,episode,retention,title,segment,source,title_type
32455,1,0.9082,Gekidol: Actidol Project,Остальные,Original,Дебют
35252,1,0.9058,Hatena☆Illusion,Остальные,Light novel,Дебют
35335,1,0.8685,Musashino!,Остальные,Original,Дебют
36458,1,0.8746,Soukou Musume Senki,Остальные,Game,Дебют
37587,1,0.9178,Lapis Re:LiGHTs,Остальные,Mixed media,Дебют
37599,1,0.9169,Magatsu Wahrheit: Zuerst,Остальные,Game,Дебют
37890,1,0.9337,Oshi ga Budoukan Ittekuretara Shinu,Нишевые любимчики,Manga,Дебют
38005,1,0.9021,Strike Witches: Road to Berlin,Остальные,Original,Продолжение
38006,1,0.8923,Renmei Kuugun Koukuu Mahou Ongakutai Luminous Witches,Остальные,Original,Дебют
38192,1,0.9208,Sakugan,Остальные,Novel,Дебют
38302,1,0.9145,Boku no Tonari ni Ankoku Hakaishin ga Imasu.,Остальные,Manga,Дебют
38337,1,0.9318,Gochuumon wa Usagi desu ka? Bloom,Нишевые любимчики,4-koma manga,Продолжение
38440,1,0.8686,Shikizakura,Остальные,Original,Дебют
38476,1,0.9654,Heya Camp△,Надёжный просмотр,Manga,Дебют
38555,1,0.9615,Otome Game no Hametsu Flag shika Nai Akuyaku Reijou ni Tensei shiteshimatta...,Флагманы,Light novel,Дебют
38668,1,0.956,Dorohedoro,Флагманы,Manga,Дебют
38790,1,0.9626,Itai no wa Iya nanode Bougyoryoku ni Kyokufuri Shitai to Omoimasu.,Флагманы,Light novel,Дебют
38830,1,0.9572,"Hachi-nan tte, Sore wa Nai deshou!",Надёжный просмотр,Light novel,Дебют
38835,1,0.9542,Umayon,Надёжный просмотр,4-koma manga,Дебют
38843,1,0.9267,Shironeko Project: Zero Chronicle,Надёжный просмотр,Game,Дебют
38853,1,0.8599,Ex-Arm,Остальные,Manga,Дебют
38924,1,0.9326,Nekopara,Остальные,Visual novel,Дебют
38992,1,0.9324,Rikei ga Koi ni Ochita no de Shoumei shitemita.,Остальные,Web manga,Дебют
39017,1,0.9396,Kyokou Suiri,Надёжный просмотр,Manga,Дебют
39184,1,0.914,A3! Season Spring & Summer,Нишевые любимчики,Game,Дебют
39247,1,0.9676,Kobayashi-san Chi no Maid Dragon S,Флагманы,Manga,Продолжение
39388,1,0.9331,Koisuru Asteroid,Остальные,4-koma manga,Дебют
39469,1,0.9128,Tsugu Tsugumomo,Остальные,Manga,Дебют
39531,1,0.9018,Kuutei Dragons,Остальные,Manga,Дебют
39534,1,0.9512,Jibaku Shounen Hanako-kun,Флагманы,Manga,Дебют
39547,1,0.9663,Yahari Ore no Seishun Love Comedy wa Machigatteiru. Kan,Флагманы,Light novel,Продолжение
39551,1,0.9771,Tensei shitara Slime Datta Ken 2nd Season,Флагманы,Manga,Продолжение
39575,1,0.9328,Somali to Mori no Kamisama,Остальные,Web manga,Дебют
39582,1,0.9181,Kitsutsuki Tanteidokoro,Остальные,Novel,Дебют
39583,1,0.9175,number24,Остальные,Original,Дебют
39609,1,0.9108,Ochikobore Fruit Tart,Остальные,4-koma manga,Дебют
39710,1,0.9462,Yesterday wo Utatte,Остальные,Manga,Дебют
39725,1,0.903,I★Chu: Halfway Through the Idol,Нишевые любимчики,Game,Дебют
39730,1,0.9343,Houkago Teibou Nisshi,Остальные,Manga,Дебют
39783,1,0.9761,5-toubun no Hanayome ∬,Флагманы,Manga,Продолжение
39790,1,0.9419,Adachi to Shimamura,Нишевые любимчики,Light novel,Дебют
39792,1,0.9392,Eizouken ni wa Te wo Dasu na!,Нишевые любимчики,Manga,Дебют
39808,1,0.945,Non Non Biyori Nonstop,Нишевые любимчики,Manga,Продолжение
39893,1,0.8962,Muteking the Dancing Hero,Остальные,Original,Дебют
39917,1,0.8178,Sabiiro no Armor: Reimei,Остальные,Mixed media,Дебют
39948,1,0.8875,Muhyo to Rouji no Mahouritsu Soudan Jimusho 2nd Season,Остальные,Manga,Продолжение
39960,1,0.9483,Yatogame-chan Kansatsu Nikki Nisatsume,Надёжный просмотр,4-koma manga,Продолжение
39966,1,0.9128,Tamayomi,Остальные,Manga,Дебют
39988,1,0.9751,Isekai Quartet 2,Надёжный просмотр,Original,Продолжение
40010,1,0.9479,Ishuzoku Reviewers,Флагманы,Web manga,Дебют
40056,1,0.9468,Deca-Dence,Надёжный просмотр,Original,Дебют
40059,1,0.96,Golden Kamuy 3rd Season,Флагманы,Manga,Продолжение
40060,1,0.9623,BNA,Флагманы,Original,Дебют
40074,1,0.8944,Gibiate,Остальные,Original,Дебют
40075,1,0.9109,Koi to Producer: EVOLxLOVE,Остальные,Game,Дебют
40085,1,0.895,Maesetsu!,Остальные,Original,Дебют
40128,1,0.9443,Arte,Остальные,Manga,Дебют
40136,1,0.9244,Oda Cinnamon Nobunaga,Остальные,Manga,Дебют
40148,1,0.9255,22/7,Остальные,Other,Дебют
40165,1,0.9149,Listeners,Остальные,Original,Дебют
40174,1,0.9495,Zombieland Saga Revenge,Нишевые любимчики,Original,Продолжение
40230,1,0.9296,Housekishou Richard-shi no Nazo Kantei,Остальные,Novel,Дебют
40272,1,0.923,A3! Season Autumn & Winter,Нишевые любимчики,Game,Дебют
40357,1,0.9402,Tate no Yuusha no Nariagari Season 3,Нишевые любимчики,Light novel,Продолжение
40358,1,0.901,Gal to Kyouryuu,Остальные,Manga,Дебют
40359,1,0.9252,Ikebukuro West Gate Park,Остальные,Novel,Дебют
40392,1,0.9358,Runway de Waratte,Остальные,Manga,Дебют
40397,1,0.9446,Maoujou de Oyasumi,Флагманы,Manga,Дебют
40403,1,0.8612,Shin Sakura Taisen the Animation,Остальные,Game,Дебют
40436,1,0.9291,Peter Grill to Kenja no Jikan,Надёжный просмотр,Manga,Дебют
40454,1,0.9674,Dungeon ni Deai wo Motomeru no wa Machigatteiru Darou ka III,Надёжный просмотр,Light novel,Продолжение
40483,1,0.9486,Murenase! Seton Gakuen,Надёжный просмотр,Web manga,Дебют
40488,1,0.9179,Futsal Boys!!!!!,Нишевые любимчики,Mixed media,Дебют
40507,1,0.9608,Arifureta Shokugyou de Sekai Saikyou 2nd Season,Флагманы,Light novel,Продолжение
40513,1,0.9269,Nami yo Kiitekure,Остальные,Manga,Дебют
40526,1,0.9116,"Dragon, Ie wo Kau.",Остальные,Manga,Дебют
40529,1,0.9399,No Guns Life 2nd Season,Остальные,Manga,Продолжение
40530,1,0.9534,Jaku-Chara Tomozaki-kun,Надёжный просмотр,Light novel,Дебют
40550,1,0.9242,Assault Lily: Bouquet,Остальные,Mixed media,Дебют
40571,1,0.948,Majo no Tabitabi,Флагманы,Light novel,Дебют
40586,1,0.955,"Slime Taoshite 300-nen, Shiranai Uchi ni Level Max ni Nattemashita",Надёжный просмотр,Light novel,Дебют
40591,1,0.9795,Kaguya-sama wa Kokurasetai? Tensai-tachi no Renai Zunousen,Флагманы,Manga,Продолжение
40594,1,0.9526,Tatoeba Last Dungeon Mae no Mura no Shounen ga Joban no Machi de Kurasu Youna Monogatari,Надёжный просмотр,Light novel,Дебют
40595,1,0.9389,"Kimi to Boku no Saigo no Senjou, Aruiwa Sekai ga Hajimaru Seisen",Надёжный просмотр,Light novel,Дебют
40608,1,0.8853,Muv-Luv Alternative,Остальные,Visual novel,Дебют
40623,1,0.9162,Dokyuu Hentai HxEros,Остальные,Manga,Дебют
40679,1,0.9468,2.43: Seiin Koukou Danshi Volley-bu,Остальные,Novel,Дебют
40685,1,0.9392,Super Cub,Нишевые любимчики,Light novel,Дебют
40708,1,0.9404,Monster Musume no Oishasan,Надёжный просмотр,Light novel,Дебют
40716,1,0.9438,Kakushigoto,Нишевые любимчики,Manga,Дебют
40738,1,0.9417,Natsunagu!,Остальные,Original,Дебют
40750,1,0.9603,Kaifuku Jutsushi no Yarinaoshi,Флагманы,Light novel,Дебют
40752,1,0.9302,Bishounen Tanteidan,Остальные,Novel,Дебют
40763,1,0.9003,Show By Rock!! Mashumairesh!!,Остальные,Game,Продолжение
40776,1,0.9813,Haikyuu!! To the Top Part 2,Флагманы,Manga,Продолжение
40783,1,0.9094,"Shachou, Battle no Jikan desu!",Остальные,Game,Дебют
40786,1,0.9346,Skate-Leading☆Stars,Остальные,Original,Дебют
40815,1,0.9703,Honzuki no Gekokujou: Shisho ni Naru Tame ni wa Shudan wo Erandeiraremasen 2nd Season,Надёжный просмотр,Light novel,Продолжение
40839,1,0.9699,"Kanojo, Okarishimasu",Флагманы,Manga,Дебют
40842,1,0.8924,Idoly Pride,Нишевые любимчики,Mixed media,Дебют
40870,1,0.9254,SSSS.Dynazenon,Нишевые любимчики,Original,Дебют
40904,1,0.9462,Bokutachi no Remake,Флагманы,Light novel,Дебют
40907,1,0.9416,World Trigger 2nd Season,Остальные,Manga,Продолжение
40908,1,0.9478,Kemono Jihen,Надёжный просмотр,Manga,Дебют
40930,1,0.933,Azur Lane: Bisoku Zenshin!,Остальные,4-koma manga,Продолжение
40935,1,0.9665,Beastars 2nd Season,Надёжный просмотр,Manga,Продолжение
40957,1,0.8767,Shin Chuuka Ichiban! 2nd Season,Остальные,Manga,Продолжение
40958,1,0.9247,Rail Romanesque,Остальные,Visual novel,Дебют
40960,1,0.9276,Cheat Kusushi no Slow Life: Isekai ni Tsukurou Drugstore,Остальные,Light novel,Дебют
40961,1,0.8916,Hortensia Saga,Остальные,Game,Дебют
40974,1,0.9513,Kuma Kuma Kuma Bear,Надёжный просмотр,Light novel,Дебют
40995,1,0.9245,Hentatsu (TV),Остальные,Original,Дебют
41084,1,0.9623,Made in Abyss: Retsujitsu no Ougonkyou,Флагманы,Web manga,Продолжение
41103,1,0.9438,Koi to Yobu ni wa Kimochi Warui,Флагманы,Web manga,Дебют
41109,1,0.9302,Log Horizon: Entaku Houkai,Остальные,Light novel,Продолжение
41169,1,0.9403,Love Live! Superstar!!,Нишевые любимчики,Other,Дебют
41226,1,0.9586,Uzaki-chan wa Asobitai!,Надёжный просмотр,Web manga,Дебют
41312,1,0.9568,Kami-tachi ni Hirowareta Otoko,Надёжный просмотр,Light novel,Дебют
41364,1,0.9353,One Room: Third Season,Остальные,Original,Продолжение
41372,1,0.893,Senyoku no Sigrdrifa,Остальные,Original,Дебют
41380,1,0.95,100-man no Inochi no Ue ni Ore wa Tatteiru,Надёжный просмотр,Manga,Дебют
41389,1,0.9634,Tonikaku Kawaii,Флагманы,Manga,Дебют
41392,1,0.9162,Urasekai Picnic,Остальные,Novel,Дебют
41433,1,0.9544,Akudama Drive,Флагманы,Original,Дебют
41456,1,0.9481,"Sentouin, Haken shimasu!",Надёжный просмотр,Light novel,Дебют
41461,1,0.9481,Date A Live IV,Нишевые любимчики,Light novel,Продолжение
41487,1,0.9783,Tensei shitara Slime Datta Ken 2nd Season Part 2,Флагманы,Manga,Продолжение
41488,1,0.9549,Tensura Nikki: Tensei shitara Slime Datta Ken,Флагманы,Manga,Дебют
41514,1,0.9416,Itai no wa Iya nanode Bougyoryoku ni Kyokufuri Shitai to Omoimasu. 2,Остальные,Light novel,Продолжение
41520,1,0.8864,Show by Rock!! Stars!!,Остальные,Game,Продолжение
41521,1,0.8955,WIXOSS Diva(A)Live,Остальные,Card game,Дебют
41556,1,0.8773,Maiko-san Chi no Makanai-san,Остальные,Manga,Дебют
41574,1,0.9108,Guraburu!,Остальные,4-koma manga,Дебют
41589,1,0.9274,Tokyo Mew Mew New ♡,Нишевые любимчики,Manga,Дебют
41762,1,0.9348,Tenchi Souzou Design-bu,Остальные,Manga,Дебют
41783,1,0.9301,Iwa Kakeru! Sport Climbing Girls,Остальные,Web manga,Дебют
41833,1,0.9268,Kyuuketsuki Sugu Shinu,Нишевые любимчики,Manga,Дебют
41899,1,0.9524,Ore dake Haireru Kakushi Dungeon,Надёжный просмотр,Light novel,Дебют
41930,1,0.9456,Kamisama ni Natta Hi,Нишевые любимчики,Original,Дебют
42071,1,0.8868,Yuuki Yuuna wa Yuusha de Aru Churutto!,Остальные,Game,Продолжение
42072,1,0.9347,Kenja no Deshi wo Nanoru Kenja,Надёжный просмотр,Light novel,Дебют
42203,1,0.9717,Re:Zero kara Hajimeru Isekai Seikatsu 2nd Season Part 2,Флагманы,Light novel,Продолжение
42238,1,0.9589,Ani ni Tsukeru Kusuri wa Nai! 4,Надёжный просмотр,Web manga,Продолжение
42250,1,0.9581,Bungou Stray Dogs Wan!,Флагманы,Web manga,Продолжение
42282,1,0.9492,Otome Game no Hametsu Flag shika Nai Akuyaku Reijou ni Tensei shiteshimatta... X,Надёжный просмотр,Light novel,Продолжение
42307,1,0.9263,Subarashiki Kono Sekai The Animation,Остальные,Game,Дебют
42321,1,0.8828,Battle Athletess Daiundoukai ReSTART!,Остальные,Original,Дебют
42340,1,0.943,Meikyuu Black Company,Надёжный просмотр,Web manga,Дебют
42351,1,0.9503,Senpai ga Uzai Kouhai no Hanashi,Надёжный просмотр,Web manga,Дебют
42361,1,0.9645,"Ijiranaide, Nagatoro-san",Флагманы,Web manga,Дебют
42385,1,0.8951,The iDOLM@STER Million Live!,Остальные,Game,Продолжение
42395,1,0.9486,Shakunetsu Kabaddi,Нишевые любимчики,Web manga,Дебют
42506,1,0.8656,World Witches Hasshin Shimasu!,Остальные,Original,Дебют
42516,1,0.8819,Cardfight!! Vanguard: overDress,Остальные,Original,Дебют
42544,1,0.9181,Kaizoku Oujo,Нишевые любимчики,Original,Дебют
42568,1,0.9273,Yaku nara Mug Cup mo,Остальные,Manga,Дебют
42571,1,0.9281,Dogeza de Tanondemita,Остальные,Web manga,Дебют
42587,1,0.9088,Yuuki Yuuna wa Yuusha de Aru: Dai Mankai no Shou,Нишевые любимчики,Original,Продолжение
42590,1,0.9453,Mashiro no Oto,Остальные,Manga,Дебют
42627,1,0.9219,Peach Boy Riverside,Остальные,Manga,Дебют
42657,1,0.841,Himitsukessha Taka no Tsume: Golden Spell,Остальные,Original,Дебют
42670,1,0.9373,Princess Connect! Re:Dive Season 2,Нишевые любимчики,Game,Продолжение
42745,1,0.9369,Machikado Mazoku: 2-choume,Остальные,4-koma manga,Продолжение
42822,1,0.927,Kai Byoui Ramune,Остальные,Manga,Дебют
42826,1,0.9458,Seijo no Maryoku wa Bannou desu,Надёжный просмотр,Light novel,Дебют
42883,1,0.948,Sore dake ga Neck,Надёжный просмотр,Original,Дебют
42923,1,0.9584,SK∞,Флагманы,Original,Дебют
42959,1,0.9346,Yatogame-chan Kansatsu Nikki Sansatsume,Остальные,4-koma manga,Продолжение
42963,1,0.9457,"Kanojo, Okarishimasu 2nd Season",Нишевые любимчики,Manga,Продолжение
42994,1,0.9154,Jashin-chan Dropkick X,Остальные,Web manga,Продолжение
43007,1,0.936,Osananajimi ga Zettai ni Makenai Love Comedy,Флагманы,Light novel,Дебют
43299,1,0.9468,Wonder Egg Priority,Нишевые любимчики,Original,Дебют
43470,1,0.9263,Rikei ga Koi ni Ochita no de Shoumei shitemita. Heart,Остальные,Web manga,Продолжение
43523,1,0.9623,Tsuki ga Michibiku Isekai Douchuu,Флагманы,Light novel,Дебют
43756,1,0.9485,Bakuten!!,Нишевые любимчики,Original,Дебют
43767,1,0.8945,Night Head 2041,Нишевые любимчики,Other,Дебют
43814,1,0.9467,Deatte 5-byou de Battle,Надёжный просмотр,Web manga,Дебют
43969,1,0.9433,Kanojo mo Kanojo,Флагманы,Manga,Дебют
44040,1,0.9351,Abciee Shuugyou Nikki,Надёжный просмотр,Other,Дебют
44055,1,0.9546,Sasaki to Miyano,Флагманы,Web manga,Дебют
44081,1,0.8026,B-Project: Netsuretsu*Love Call,Остальные,Mixed media,Дебют
44203,1,0.9586,Seirei Gensouki,Флагманы,Light novel,Дебют
44204,1,0.9239,Kyokou Suiri Season 2,Остальные,Manga,Продолжение
44235,1,0.9709,Pui Pui Molcar,Флагманы,Other,Дебют
44274,1,0.9186,Puraore! Pride of Orange,Остальные,Mixed media,Дебют
44276,1,0.945,Kyuukyoku Shinka shita Full Dive RPG ga Genjitsu yori mo Kusoge Dattara,Надёжный просмотр,Light novel,Дебют
44387,1,0.9208,Sankaku Mado no Sotogawa wa Yoru,Нишевые любимчики,Manga,Дебют
44511,1,0.9774,Chainsaw Man,Флагманы,Manga,Дебют
44516,1,0.931,Koroshi Ai,Остальные,Manga,Дебют
44524,1,0.9448,Isekai Meikyuu de Harem wo,Флагманы,Light novel,Дебют
44881,1,0.9549,100-man no Inochi no Ue ni Ore wa Tatteiru 2nd Season,Надёжный просмотр,Manga,Продолжение
45055,1,0.935,Taishou Otome Otogibanashi,Нишевые любимчики,Manga,Дебют
45425,1,0.9354,Slow Loop,Остальные,Manga,Дебют
45486,1,0.9477,Kuma Kuma Kuma Bear Punch!,Остальные,Light novel,Продолжение
45560,1,0.9231,Orient,Остальные,Manga,Дебют
45576,1,0.9791,Mushoku Tensei: Isekai Ittara Honki Dasu Part 2,Флагманы,Light novel,Продолжение
45587,1,0.9549,Itazuraguma no Gloomy,Надёжный просмотр,Other,Дебют
45613,1,0.9423,Kawaii dake ja Nai Shikimori-san,Флагманы,Web manga,Дебют
45653,1,0.92,Soredemo Ayumu wa Yosetekuru,Остальные,Manga,Дебют
45665,1,0.8794,Fairy Ranmaru: Anata no Kokoro Otasuke Shimasu,Нишевые любимчики,Original,Дебют
46118,1,0.9263,Wave!! Surfing Yappe!! (TV),Остальные,Mixed media,Дебют
46352,1,0.9511,Blue Period,Флагманы,Manga,Дебют
46471,1,0.9248,"Tantei wa Mou, Shindeiru.",Нишевые любимчики,Light novel,Дебют
46604,1,0.8851,Dolls' Frontline,Остальные,Game,Дебют
46985,1,0.9464,Shinka no Mi: Shiranai Uchi ni Kachigumi Jinsei,Надёжный просмотр,Light novel,Дебют
47159,1,0.9474,Tensai Ouji no Akaji Kokka Saisei Jutsu,Надёжный просмотр,Light novel,Дебют
47160,1,0.9402,Goblin Slayer II,Нишевые любимчики,Light novel,Продолжение
47161,1,0.9507,Shikkakumon no Saikyou Kenja,Надёжный просмотр,Light novel,Дебют
47162,1,0.9124,Shokei Shoujo no Virgin Road,Остальные,Light novel,Дебют
47163,1,0.9397,"Tensei Kenja no Isekai Life: Dai-2 no Shokugyou wo Ete, Sekai Saikyou ni Narimashita",Флагманы,Light novel,Дебют
47250,1,0.9234,Jouran: The Princess of Snow and Blood,Остальные,Original,Дебют
47257,1,0.9276,Shinigami Bocchan to Kuro Maid,Нишевые любимчики,Web manga,Дебют
47391,1,0.9243,Seven Knights Revolution: Eiyuu no Keishousha,Надёжный просмотр,Game,Дебют
47790,1,0.9652,"Sekai Saikou no Ansatsusha, Isekai Kizoku ni Tensei suru",Флагманы,Light novel,Дебют
47917,1,0.9673,Bocchi the Rock!,Флагманы,4-koma manga,Дебют
48239,1,0.953,Leadale no Daichi nite,Надёжный просмотр,Light novel,Дебют
48252,1,0.9554,"Ore, Tsushima",Нишевые любимчики,Manga,Дебют
48363,1,0.91,RPG Fudousan,Остальные,4-koma manga,Дебют
48406,1,0.9377,Re-Main,Нишевые любимчики,Original,Дебют
48413,1,0.9373,Hataraku Maou-sama!!,Нишевые любимчики,Light novel,Продолжение
48414,1,0.9398,Sabikui Bisco,Остальные,Light novel,Дебют
48415,1,0.9519,"Shijou Saikyou no Daimaou, Murabito A ni Tensei suru",Надёжный просмотр,Light novel,Дебют
48417,1,0.9225,"Maou Gakuin no Futekigousha II: Shijou Saikyou no Maou no Shiso, Tensei shite Shison-tachi no Gakkou e Kayou",Нишевые любимчики,Light novel,Дебют
48418,1,0.8979,"Maou Gakuin no Futekigousha II: Shijou Saikyou no Maou no Shiso, Tensei shite Shison-tachi no Gakkou e Kayou Part 2",Остальные,Light novel,Продолжение
48441,1,0.8828,The Legend of Heroes: Sen no Kiseki - Northern War,Остальные,Game,Дебют
48471,1,0.9137,Tsuki to Laika to Nosferatu,Остальные,Light novel,Дебют
48483,1,0.9522,Mieruko-chan,Флагманы,Web manga,Дебют
48491,1,0.8991,Yama no Susume: Next Summit,Остальные,Manga,Продолжение
48542,1,0.9381,Do It Yourself!!,Остальные,Original,Дебют
48553,1,0.9299,Akebi-chan no Sailor-fuku,Нишевые любимчики,Web manga,Дебют
48556,1,0.9332,Takt Op. Destiny,Нишевые любимчики,Mixed media,Дебют
48567,1,0.8866,Visual Prison,Нишевые любимчики,Original,Дебют
48569,1,0.9669,86 Part 2,Флагманы,Light novel,Продолжение
48580,1,0.9404,Vanitas no Karte,Нишевые любимчики,Manga,Дебют
48583,1,0.9765,Shingeki no Kyojin: The Final Season Part 2,Флагманы,Manga,Продолжение
48633,1,0.9329,Liar Liar,Остальные,Light novel,Дебют
48643,1,0.9323,Koi wa Sekai Seifuku no Ato de,Надёжный просмотр,Manga,Дебют
48644,1,0.9075,Gyakuten Sekai no Denchi Shoujo,Остальные,Original,Дебют
48649,1,0.8885,Fuuto Tantei,Нишевые любимчики,Manga,Дебют
48736,1,0.9729,Sono Bisque Doll wa Koi wo Suru,Флагманы,Manga,Дебют
48742,1,0.9118,"Kono Healer, Mendokusai",Остальные,Web manga,Дебют
48760,1,0.9593,"Gaikotsu Kishi-sama, Tadaima Isekai e Odekakechuu",Надёжный просмотр,Light novel,Дебют
48761,1,0.9483,Saihate no Paladin,Надёжный просмотр,Light novel,Дебют
48775,1,0.9162,Kaginado,Остальные,Original,Дебют
48776,1,0.8908,Build Divide: Code Black,Остальные,Mixed media,Дебют
48777,1,0.8886,Build Divide: Code White,Остальные,Mixed media,Дебют
48779,1,0.9456,Deaimon,Надёжный просмотр,Manga,Дебют
48804,1,0.946,Isekai Shokudou 2,Надёжный просмотр,Light novel,Продолжение
48842,1,0.9145,Mahoutsukai Reimeiki,Остальные,Light novel,Дебют
48849,1,0.93,Sonny Boy,Нишевые любимчики,Original,Дебют
48857,1,0.9107,Healer Girl,Остальные,Original,Дебют
48858,1,0.9247,180-byou de Kimi no Mimi wo Shiawase ni Dekiru ka?,Остальные,Original,Дебют
48926,1,0.9629,"Komi-san wa, Comyushou desu.",Флагманы,Manga,Дебют
48981,1,0.9036,Mahou Shoujo Magical Destroyers,Остальные,Original,Дебют
48997,1,0.9409,Fantasy Bishoujo Juniku Ojisan to,Надёжный просмотр,Web manga,Дебют
49109,1,0.9518,Kami-tachi ni Hirowareta Otoko 2nd Season,Надёжный просмотр,Light novel,Продолжение
49114,1,0.9532,Vanitas no Karte Part 2,Флагманы,Manga,Продолжение
49154,1,0.9177,High Card,Остальные,Mixed media,Дебют
49160,1,0.9109,Shachiku-san wa Youjo Yuurei ni Iyasaretai.,Остальные,Manga,Дебют
49263,1,0.9346,Yaku nara Mug Cup mo: Niban Gama,Остальные,Manga,Продолжение
49292,1,0.8975,Deep Insanity: The Lost Child,Остальные,Mixed media,Дебют
49304,1,0.8824,Seiken Densetsu: Legend of Mana - The Teardrop Crystal,Остальные,Game,Дебют
49385,1,0.9019,Kaijin Kaihatsu-bu no Kuroitsu-san,Остальные,Web manga,Дебют
49438,1,0.9586,Isekai Yakkyoku,Надёжный просмотр,Light novel,Дебют
49470,1,0.9482,Mamahaha no Tsurego ga Motokano datta,Надёжный просмотр,Light novel,Дебют
49505,1,0.9443,Deji Meets Girl,Остальные,Original,Дебют
49514,1,0.8471,Gensou Sangokushi: Tengen Reishinki,Остальные,Game,Дебют
49520,1,0.9484,Aharen-san wa Hakarenai,Флагманы,Manga,Дебют
49551,1,0.9265,Hanabi-chan wa Okuregachi,Надёжный просмотр,Manga,Дебют
49612,1,0.9338,Ningen Fushin no Boukensha-tachi ga Sekai wo Sukuu you desu,Надёжный просмотр,Light novel,Дебют
49692,1,0.9265,Heroine Tarumono! Kiraware Heroine to Naisho no Oshigoto,Остальные,Music,Дебют
49721,1,0.9481,Karakai Jouzu no Takagi-san 3,Флагманы,Manga,Продолжение
49766,1,0.9228,Under Ninja,Остальные,Manga,Дебют
49776,1,0.9415,Kumichou Musume to Sewagakari,Надёжный просмотр,Web manga,Дебют
49782,1,0.9487,Shadows House 2nd Season,Остальные,Manga,Продолжение
49820,1,0.844,Cardfight!! Vanguard: will+Dress Season 2,Остальные,Original,Продолжение
49828,1,0.9467,Kidou Senshi Gundam: Suisei no Majo,Флагманы,Original,Дебют
49831,1,0.8694,Black★★Rock Shooter: Dawn Fall,Нишевые любимчики,Other,Дебют
49849,1,0.9363,Shinmai Renkinjutsushi no Tenpo Keiei,Надёжный просмотр,Light novel,Дебют
49858,1,0.9308,Shinigami Bocchan to Kuro Maid 2nd Season,Остальные,Web manga,Продолжение
49891,1,0.9554,Tensei shitara Ken deshita,Флагманы,Light novel,Дебют
49894,1,0.9279,Eiyuu Kyoushitsu,Надёжный просмотр,Light novel,Дебют
49969,1,0.9124,Tribe Nine,Остальные,Mixed media,Дебют
49979,1,0.9529,Akuyaku Reijou nanode Last Boss wo Kattemimashita,Надёжный просмотр,Light novel,Дебют
49980,1,0.9297,Sugar Apple Fairy Tale,Нишевые любимчики,Light novel,Дебют
49981,1,0.8449,"Kimi to Boku no Saigo no Senjou, Aruiwa Sekai ga Hajimaru Seisen Season II",Остальные,Light novel,Продолжение
50010,1,0.9355,Meitantei Conan: Hannin no Hanzawa-san,Надёжный просмотр,Manga,Дебют
50172,1,0.9653,Mob Psycho 100 III,Флагманы,Web manga,Продолжение
50175,1,0.952,"Yuusha, Yamemasu",Надёжный просмотр,Light novel,Дебют
50184,1,0.9326,Seiken Gakuin no Makentsukai,Надёжный просмотр,Light novel,Дебют
50185,1,0.9398,Ryman's Club,Нишевые любимчики,Original,Дебют
50197,1,0.9543,"Ijiranaide, Nagatoro-san 2nd Attack",Нишевые любимчики,Web manga,Продолжение
50203,1,0.949,Love Live! Superstar!! 2nd Season,Нишевые любимчики,Other,Продолжение
50204,1,0.9185,Tokyo 24-ku,Остальные,Original,Дебют
50220,1,0.9268,Isekai Shoukan wa Nidome desu,Надёжный просмотр,Light novel,Дебют
50221,1,0.892,Shine Post,Остальные,Mixed media,Дебют
50265,1,0.9743,Spy x Family,Флагманы,Manga,Дебют
50273,1,0.9607,Tomodachi Game,Флагманы,Manga,Дебют
50284,1,0.8589,Technoroid: Overmind,Остальные,Mixed media,Дебют
50285,1,0.6738,On Air Dekinai!,Остальные,Manga,Дебют
50287,1,0.9313,Kyuuketsuki Sugu Shinu 2,Остальные,Manga,Продолжение
50306,1,0.9403,Seirei Gensouki 2,Нишевые любимчики,Light novel,Продолжение
50307,1,0.9359,Tonikaku Kawaii 2nd Season,Нишевые любимчики,Manga,Продолжение
50348,1,0.922,Peter Grill to Kenja no Jikan: Super Extra,Остальные,Manga,Продолжение
50380,1,0.9468,Paripi Koumei,Флагманы,Web manga,Дебют
50384,1,0.919,Mononogatari,Остальные,Manga,Дебют
50392,1,0.9287,Mato Seihei no Slave,Нишевые любимчики,Manga,Дебют
50416,1,0.9467,Skip to Loafer,Флагманы,Manga,Дебют
50425,1,0.9549,"Fuufu Ijou, Koibito Miman.",Флагманы,Manga,Дебют
50461,1,0.9562,Otome Game Sekai wa Mob ni Kibishii Sekai desu,Флагманы,Light novel,Дебют
50481,1,0.9457,"Eiyuuou, Bu wo Kiwameru Tame Tenseisu: Soshite, Sekai Saikyou no Minarai Kishi♀",Надёжный просмотр,Light novel,Дебют
50583,1,0.9146,Buta no Liver wa Kanetsu Shiro,Остальные,Light novel,Дебют
50606,1,0.8828,Ayakashi Triangle,Остальные,Manga,Дебют
50631,1,0.9594,"Komi-san wa, Comyushou desu. 2nd Season",Флагманы,Manga,Продолжение
50638,1,0.8844,Muv-Luv Alternative 2nd Season,Остальные,Visual novel,Продолжение
50652,1,0.9277,Tsundere Akuyaku Reijou Liselotte to Jikkyou no Endou-kun to Kaisetsu no Kobayashi-san,Остальные,Light novel,Дебют
50664,1,0.9267,Saihate no Paladin: Tetsusabi no Yama no Ou,Остальные,Light novel,Продолжение
50678,1,0.9139,Kyoukai Senki Part 2,Остальные,Original,Продолжение
50685,1,0.8827,Kaginado Season 2,Остальные,Original,Продолжение
50695,1,0.9423,MF Ghost,Флагманы,Manga,Дебют
50738,1,0.9048,"Slime Taoshite 300-nen, Shiranai Uchi ni Level Max ni Nattemashita: Sono Ni",Остальные,Light novel,Продолжение
50739,1,0.9565,Otonari no Tenshi-sama ni Itsunomanika Dame Ningen ni Sareteita Ken,Флагманы,Light novel,Дебют
50760,1,0.8969,Teppen!!!!!!!!!!!!!!!,Остальные,Manga,Дебют
50854,1,0.943,"Benriya Saitou-san, Isekai ni Iku",Надёжный просмотр,Web manga,Дебют
50862,1,0.8639,Estab-Life: Great Escape,Остальные,Mixed media,Дебют
50871,1,0.8696,Alice Gear Aegis Expansion,Остальные,Game,Дебют
50917,1,0.889,Prima Doll,Остальные,Mixed media,Дебют
50923,1,0.9345,Mushikaburi-hime,Нишевые любимчики,Light novel,Дебют
50985,1,0.8625,Chimimo,Нишевые любимчики,Original,Дебют
50999,1,0.8988,Extreme Hearts,Остальные,Original,Дебют
51064,1,0.9574,Kuro no Shoukanshi,Надёжный просмотр,Light novel,Дебют
51092,1,0.9215,Yuurei Deco,Остальные,Original,Дебют
51098,1,0.9269,Shinobi no Ittoki,Остальные,Original,Дебют
51105,1,0.9033,NieR:Automata Ver1.1a,Нишевые любимчики,Game,Дебют
51128,1,0.9312,Noumin Kanren no Skill bakka Agetetara Nazeka Tsuyoku Natta.,Надёжный просмотр,Light novel,Дебют
51139,1,0.8527,Kizuna no Allele,Остальные,Original,Дебют
51179,1,0.9728,Mushoku Tensei II: Isekai Ittara Honki Dasu,Флагманы,Light novel,Дебют
51212,1,0.918,Futoku no Guild,Остальные,Manga,Дебют
51213,1,0.9378,Kinsou no Vermeil: Gakeppuchi Majutsushi wa Saikyou no Yakusai to Mahou Sekai wo Tsukisusumu,Флагманы,Manga,Дебют
51215,1,0.9422,Seijo no Maryoku wa Bannou desu Season 2,Надёжный просмотр,Light novel,Продолжение
51219,1,0.9179,Isekai One Turn Kill Neesan: Ane Douhan no Isekai Seikatsu Hajimemashita,Остальные,Manga,Дебют
51252,1,0.9039,Spy Kyoushitsu,Остальные,Light novel,Дебют
51265,1,0.929,Inu ni Nattara Suki na Hito ni Hirowareta.,Остальные,Web manga,Дебют
51368,1,0.9275,Orient: Awajishima Gekitou-hen,Надёжный просмотр,Manga,Продолжение
51371,1,0.9043,Bucchigire!,Остальные,Original,Дебют
51381,1,0.9023,RWBY: Hyousetsu Teikoku,Нишевые любимчики,Other,Дебют
51403,1,0.9225,Renai Flops,Остальные,Original,Дебют
51415,1,0.8614,Opus.COLORs,Остальные,Original,Дебют
51458,1,0.9241,Lv1 Maou to One Room Yuusha,Надёжный просмотр,Web manga,Дебют
51462,1,0.9518,Isekai Nonbiri Nouka,Флагманы,Light novel,Дебют
51495,1,0.9296,Shin Shinka no Mi: Shiranai Uchi ni Kachigumi Jinsei,Надёжный просмотр,Light novel,Дебют
51498,1,0.9361,Masamune-kun no Revenge R,Остальные,Manga,Продолжение
51536,1,0.9116,The iDOLM@STER Cinderella Girls: U149,Нишевые любимчики,Web manga,Дебют
51552,1,0.9527,Watashi no Shiawase na Kekkon,Флагманы,Novel,Дебют
51586,1,0.9188,D4DJ All Mix,Нишевые любимчики,Mixed media,Дебют
51632,1,0.9314,Isekai wa Smartphone to Tomo ni. 2,Флагманы,Light novel,Продолжение
51648,1,0.9532,Nozomanu Fushi no Boukensha,Надёжный просмотр,Light novel,Дебют
51678,1,0.9419,Oniichan wa Oshimai!,Флагманы,Manga,Дебют
51693,1,0.9309,Kaminaki Sekai no Kamisama Katsudou,Надёжный просмотр,Manga,Дебют
51705,1,0.9308,Otonari ni Ginga,Остальные,Manga,Дебют
51706,1,0.9272,Yuusha ga Shinda!,Надёжный просмотр,Web manga,Дебют
51711,1,0.9491,Hyouken no Majutsushi ga Sekai wo Suberu,Надёжный просмотр,Light novel,Дебют
51764,1,0.9471,Level 1 dakedo Unique Skill de Saikyou desu,Надёжный просмотр,Light novel,Дебют
51815,1,0.9296,Kubo-san wa Mob wo Yurusanai,Нишевые любимчики,Manga,Дебют
51817,1,0.9249,Watashi no Yuri wa Oshigoto desu!,Остальные,Manga,Дебют
51818,1,0.9267,Enen no Shouboutai: San no Shou,Нишевые любимчики,Manga,Продолжение
51923,1,0.8913,Warau Arsnotoria Sun!,Остальные,Game,Дебют
51956,1,0.8949,Paradox Live the Animation,Нишевые любимчики,Mixed media,Дебют
51958,1,0.9409,Kono Subarashii Sekai ni Bakuen wo!,Остальные,Light novel,Дебют
51986,1,0.9477,Pui Pui Molcar: Driving School,Надёжный просмотр,Original,Продолжение
52081,1,0.9143,Edomae Elf,Остальные,Manga,Дебют
52082,1,0.9189,Shiro Seijo to Kuro Bokushi,Остальные,4-koma manga,Дебют
52092,1,0.9297,My Home Hero,Остальные,Manga,Дебют
52093,1,0.9255,Trigun Stampede,Нишевые любимчики,Manga,Дебют
52173,1,0.9345,Koori Zokusei Danshi to Cool na Douryou Joshi,Остальные,Web manga,Дебют
52193,1,0.9349,Akiba Meido Sensou,Нишевые любимчики,Original,Дебют
52196,1,0.9292,Date A Live V,Нишевые любимчики,Light novel,Продолжение
52211,1,0.9679,Mashle,Флагманы,Manga,Дебют
52229,1,0.9439,Birdie Wing: Golf Girls' Story Season 2,Остальные,Original,Продолжение
52299,1,0.9744,Ore dake Level Up na Ken,Флагманы,Web manga,Дебют
52308,1,0.9482,Kanojo ga Koushaku-tei ni Itta Riyuu,Флагманы,Web manga,Дебют
52359,1,0.9376,Isekai de Mofumofu Nadenade suru Tame ni Ganbattemasu.,Надёжный просмотр,Light novel,Дебют
52367,1,0.9337,Isekai Shikkaku,Надёжный просмотр,Web manga,Дебют
52381,1,0.9167,Aru Asa Dummy Head Mic ni Natteita Ore-kun no Jinsei,Остальные,Original,Дебют
52405,1,0.8729,Highspeed Etoile,Остальные,Original,Дебют
52446,1,0.9478,Kaiko sareta Ankoku Heishi (30-dai) no Slow na Second Life,Надёжный просмотр,Light novel,Дебют
52461,1,0.9495,Rougo ni Sonaete Isekai de 8-manmai no Kinka wo Tamemasu,Надёжный просмотр,Light novel,Дебют
52481,1,0.9311,Gimai Seikatsu,Нишевые любимчики,Light novel,Дебют
52482,1,0.9334,Sasaki to Pii-chan,Надёжный просмотр,Light novel,Дебют
52578,1,0.9503,Boku no Kokoro no Yabai Yatsu,Флагманы,Manga,Дебют
52588,1,0.9681,Kaijuu 8-gou,Флагманы,Manga,Дебют
52608,1,0.9534,Tensei Kizoku no Isekai Boukenroku: Jichou wo Shiranai Kamigami no Shito,Надёжный просмотр,Light novel,Дебют
52611,1,0.9472,Okashi na Tensei,Надёжный просмотр,Light novel,Дебют
52619,1,0.9484,Jidou Hanbaiki ni Umarekawatta Ore wa Meikyuu wo Samayou,Надёжный просмотр,Light novel,Дебют
52709,1,0.9156,"Danjo no Yuujou wa Seiritsu suru? (Iya, Shinai!!)",Остальные,Light novel,Дебют
52736,1,0.9424,Tensei Oujo to Tensai Reijou no Mahou Kakumei,Флагманы,Light novel,Дебют
52816,1,0.9176,Majo to Yajuu,Нишевые любимчики,Manga,Дебют
52934,1,0.9287,"Konyaku Haki sareta Reijou wo Hirotta Ore ga, Ikenai Koto wo Oshiekomu",Остальные,Light novel,Дебют
52955,1,0.92,Mahoutsukai no Yome Season 2,Остальные,Manga,Продолжение
52962,1,0.947,"Tearmoon Teikoku Monogatari: Dantoudai kara Hajimaru, Hime no Tensei Gyakuten Story",Надёжный просмотр,Light novel,Дебют
52969,1,0.9499,"Jitsu wa Ore, Saikyou deshita?",Надёжный просмотр,Light novel,Дебют
52973,1,0.9281,Megami no Café Terrace,Надёжный просмотр,Manga,Дебют
52985,1,0.9022,Dekoboko Majo no Oyako Jijou,Остальные,4-koma manga,Дебют
52990,1,0.9365,"Keikenzumi na Kimi to, Keiken Zero na Ore ga, Otsukiai suru Hanashi.",Флагманы,Light novel,Дебют
53012,1,0.9115,Human Bug Daigaku,Остальные,Web manga,Дебют
53026,1,0.8719,Synduality: Noir,Остальные,Mixed media,Дебют
53033,1,0.9016,Mecha-ude (TV),Остальные,Original,Дебют
53040,1,0.9382,Kanojo mo Kanojo Season 2,Надёжный просмотр,Manga,Продолжение
53050,1,0.9436,"Kanojo, Okarishimasu 3rd Season",Надёжный просмотр,Manga,Продолжение
53065,1,0.9228,Sono Bisque Doll wa Koi wo Suru Season 2,Нишевые любимчики,Manga,Продолжение
53077,1,0.9339,Nijiyon Animation,Остальные,4-koma manga,Дебют
53097,1,0.9138,Tokyo Mew Mew New ♡ 2nd Season,Остальные,Manga,Продолжение
53132,1,0.8938,UniteUp!,Нишевые любимчики,Music,Дебют
53162,1,0.8035,Majutsushi Orphen Hagure Tabi: Urbanrama-hen,Остальные,Light novel,Продолжение
53163,1,0.9159,Kawaisugi Crisis,Остальные,Manga,Дебют
53179,1,0.9076,Ars no Kyojuu,Остальные,Original,Дебют
53199,1,0.9622,Kidou Senshi Gundam: Suisei no Majo Season 2,Флагманы,Original,Продолжение
53200,1,0.9171,Hataraku Maou-sama!! 2nd Season,Остальные,Light novel,Продолжение
53213,1,0.9154,Revenger,Остальные,Original,Дебют
53237,1,0.9135,Shy,Остальные,Manga,Дебют
53262,1,0.9098,Hoshikuzu Telepath,Нишевые любимчики,4-koma manga,Дебют
53263,1,0.9533,"Seija Musou: Salaryman, Isekai de Ikinokoru Tame ni Ayumu Michi",Надёжный просмотр,Light novel,Дебют
53287,1,0.9265,Love Live! Superstar!! 3rd Season,Нишевые любимчики,Other,Продолжение
53356,1,0.9125,Shuumatsu Train Doko e Iku?,Остальные,Original,Дебют
53379,1,0.9164,Uchi no Kaisha no Chiisai Senpai no Hanashi,Остальные,Web manga,Дебют
53397,1,0.919,Tsuyokute New Saga,Остальные,Light novel,Дебют
53407,1,0.9296,Bartender: Kami no Glass,Остальные,Manga,Дебют
53410,1,0.9325,Yuru Camp△ Season 3,Нишевые любимчики,Manga,Продолжение
53411,1,0.9504,Buddy Daddies,Флагманы,Original,Дебют
53421,1,0.9416,Dosanko Gal wa Namara Menkoi,Надёжный просмотр,Manga,Дебют
53426,1,0.8994,Hyakushou Kizoku,Остальные,Manga,Дебют
53428,1,0.9038,Ayaka,Остальные,Original,Дебют
53434,1,0.9464,"Maou no Ore ga Dorei Elf wo Yome ni Shitanda ga, Dou Medereba Ii?",Надёжный просмотр,Light novel,Дебют
53438,1,0.9444,Higeki no Genkyou to Naru Saikyou Gedou Last Boss Joou wa Tami no Tame ni Tsukushimasu.,Надёжный просмотр,Light novel,Дебют
53439,1,0.9536,Boushoku no Berserk,Надёжный просмотр,Light novel,Дебют
53446,1,0.9594,Tondemo Skill de Isekai Hourou Meshi,Флагманы,Light novel,Дебют
53488,1,0.9296,"Shin no Nakama ja Nai to Yuusha no Party wo Oidasareta node, Henkyou de Slow Life suru Koto ni Shimashita 2nd",Надёжный просмотр,Light novel,Продолжение
53516,1,0.9555,"Tensei shitara Dainana Ouji Datta node, Kimama ni Majutsu wo Kiwamemasu",Надёжный просмотр,Light novel,Дебют
53587,1,0.9009,The Marginal Service,Остальные,Original,Дебют
53590,1,0.9472,Saijaku Tamer wa Gomi Hiroi no Tabi wo Hajimemashita.,Надёжный просмотр,Light novel,Дебют
53613,1,0.9381,Dead Mount Death Play,Надёжный просмотр,Manga,Дебют
53632,1,0.9417,Yumemiru Danshi wa Genjitsushugisha,Надёжный просмотр,Light novel,Дебют
53633,1,0.8999,Bullbuster,Остальные,Mixed media,Дебют
53698,1,0.8938,World Dai Star,Остальные,Mixed media,Дебют
53723,1,0.9201,Acro Trip,Остальные,Manga,Дебют
53730,1,0.9449,"Sokushi Cheat ga Saikyou sugite, Isekai no Yatsura ga Marude Aite ni Naranai n desu ga.",Надёжный просмотр,Light novel,Дебют
53770,1,0.926,Sentai Daishikkaku,Остальные,Manga,Дебют
53787,1,0.9188,AI no Idenshi,Остальные,Manga,Дебют
53833,1,0.9478,Watashi no Oshi wa Akuyaku Reijou.,Флагманы,Light novel,Дебют
53835,1,0.9176,Unnamed Memory,Остальные,Light novel,Дебют
53887,1,0.9589,Spy x Family Season 2,Флагманы,Manga,Продолжение
53889,1,0.9167,Ao no Exorcist: Shimane Illuminati-hen,Остальные,Manga,Продолжение
53912,1,0.9219,Seiyuu Radio no Uraomote,Остальные,Light novel,Дебют
53924,1,0.8979,Jibaku Shounen Hanako-kun 2,Нишевые любимчики,Manga,Продолжение
54028,1,0.8868,Turkey!,Остальные,Original,Дебют
54103,1,0.9246,Hikikomari Kyuuketsuki no Monmon,Нишевые любимчики,Light novel,Дебют
54112,1,0.9461,Zom 100: Zombie ni Naru made ni Shitai 100 no Koto,Флагманы,Manga,Дебют
54199,1,0.9028,Kaii to Otome to Kamikakushi,Остальные,Web manga,Дебют
54233,1,0.8904,Sasayaku You ni Koi wo Utau,Нишевые любимчики,Manga,Дебют
54259,1,0.9157,Rokudou no Onna-tachi,Остальные,Manga,Дебют
54265,1,0.9207,Kekkon Yubiwa Monogatari,Надёжный просмотр,Manga,Дебют
54275,1,0.9231,Temple,Остальные,Web manga,Дебют
54284,1,0.9119,VTuber Nandaga Haishin Kiri Wasuretara Densetsu ni Natteta,Остальные,Light novel,Дебют
54301,1,0.9368,Overtake!,Нишевые любимчики,Original,Дебют
54309,1,0.9101,Blue Archive the Animation,Нишевые любимчики,Game,Дебют
54362,1,0.9285,Hametsu no Oukoku,Остальные,Manga,Дебют
54431,1,0.9381,Toaru Ossan no VRMMO Katsudouki,Надёжный просмотр,Light novel,Дебют
54449,1,0.8966,Ishura,Остальные,Light novel,Дебют
54595,1,0.962,Kage no Jitsuryokusha ni Naritakute! 2nd Season,Флагманы,Light novel,Продолжение
54616,1,0.9457,Potion-danomi de Ikinobimasu!,Надёжный просмотр,Light novel,Дебют
54617,1,0.9116,Kyuujitsu no Warumono-san,Остальные,Web manga,Дебют
54632,1,0.9512,Gekai Elise,Надёжный просмотр,Web manga,Дебют
54638,1,0.8741,Kawagoe Boys Sing,Остальные,Original,Дебют
54714,1,0.9463,Kimi no Koto ga Daidaidaidaidaisuki na 100-nin no Kanojo,Флагманы,Manga,Дебют
54716,1,0.8647,Kibou no Chikara: Otona Precure '23,Остальные,Original,Дебют
54717,1,0.8718,Mahoutsukai Precure!! Mirai Days,Остальные,Original,Продолжение
54724,1,0.9231,Nige Jouzu no Wakagimi,Остальные,Manga,Дебют
54726,1,0.9036,"Tsuma, Shougakusei ni Naru.",Остальные,Manga,Дебют
54738,1,0.8149,Majutsushi Orphen Hagure Tabi: Seiiki-hen,Остальные,Light novel,Продолжение
54743,1,0.9458,Dead Mount Death Play Part 2,Надёжный просмотр,Manga,Продолжение
54744,1,0.9554,Tokidoki Bosotto Russia-go de Dereru Tonari no Alya-san,Флагманы,Light novel,Дебют
54758,1,0.8761,The iDOLM@STER Shiny Colors,Остальные,Game,Продолжение
54760,1,0.8944,Ryza no Atelier: Tokoyami no Joou to Himitsu no Kakurega,Остальные,Game,Дебют
54769,1,0.8321,Sousei no Aquarion: Myth of Emotions,Остальные,Original,Дебют
54798,1,0.8681,Kamierabi,Остальные,Original,Дебют
54837,1,0.9603,Akuyaku Reijou Level 99: Watashi wa Ura-Boss desu ga Maou dewa Arimasen,Надёжный просмотр,Light novel,Дебют
54839,1,0.913,Yoru no Kurage wa Oyogenai,Нишевые любимчики,Original,Дебют
54842,1,0.9421,Sugar Apple Fairy Tale Part 2,Надёжный просмотр,Light novel,Продолжение
54852,1,0.9476,Kikansha no Mahou wa Tokubetsu desu,Надёжный просмотр,Web manga,Дебют
54853,1,0.9348,Maou 2099,Надёжный просмотр,Light novel,Дебют
54855,1,0.9049,Senpai wa Otokonoko,Остальные,Web manga,Дебют
54859,1,0.8553,Rinkai!,Остальные,Mixed media,Дебют
54869,1,0.9216,High Card Season 2,Остальные,Mixed media,Продолжение
54883,1,0.9337,Mononogatari 2nd Season,Надёжный просмотр,Manga,Продолжение
54913,1,0.9547,"Shinmai Ossan Boukensha, Saikyou Party ni Shinu hodo Kitaerarete Muteki ni Naru.",Надёжный просмотр,Light novel,Дебют
54914,1,0.7524,Bikkurimen,Остальные,Other,Дебют
54947,1,0.9181,Spy Kyoushitsu 2nd Season,Остальные,Light novel,Продолжение
54968,1,0.9192,Giji Harem,Нишевые любимчики,Web manga,Дебют
55129,1,0.92,Oroka na Tenshi wa Akuma to Odoru,Остальные,Manga,Дебют
55150,1,0.932,Yarinaoshi Reijou wa Ryuutei Heika wo Kouryakuchuu,Надёжный просмотр,Light novel,Дебют
55153,1,0.9181,Yuzuki-san Chi no Yonkyoudai.,Остальные,Manga,Дебют
55265,1,0.9518,"Tensei Kizoku, Kantei Skill de Nariagaru",Надёжный просмотр,Light novel,Дебют
55310,1,0.9292,Atarashii Joushi wa Do Tennen,Нишевые любимчики,Web manga,Дебют
55358,1,0.9308,Bucchigiri?!,Остальные,Original,Дебют
55397,1,0.8731,Pon no Michi,Остальные,Original,Дебют
55514,1,0.8962,Zatsu Tabi: That's Journey,Остальные,Manga,Дебют
55528,1,0.8842,Yuuki Bakuhatsu Bang Bravern,Нишевые любимчики,Original,Дебют
55597,1,0.925,Hananoi-kun to Koi no Yamai,Остальные,Manga,Дебют
55710,1,0.7075,Hana-Doll*: Reinterpretation of Flowering,Остальные,Mixed media,Дебют
55717,1,0.9101,Dekisokonai to Yobareta Motoeiyuu wa Jikka kara Tsuihou sareta node Sukikatte ni Ikiru Koto ni Shita,Остальные,Light novel,Дебют
55742,1,0.9342,Mahoutsukai no Yome Season 2 Part 2,Остальные,Manga,Продолжение
55749,1,0.9314,Megami no Café Terrace 2nd Season,Остальные,Manga,Продолжение
55774,1,0.9071,"Himesama ""Goumon"" no Jikan desu",Остальные,Manga,Дебют
55775,1,0.8543,Kizuna no Allele Season 2,Остальные,Original,Продолжение
55813,1,0.9641,Mashle: Shinkakusha Kouho Senbatsu Shiken-hen,Надёжный просмотр,Manga,Продолжение
55823,1,0.8973,Natsume Yuujinchou Shichi,Нишевые любимчики,Manga,Продолжение
55842,1,0.8976,Okinawa de Suki ni Natta Ko ga Hougen Sugite Tsurasugiru,Остальные,Web manga,Дебют
55844,1,0.9236,Tasogare Out Focus,Нишевые любимчики,Manga,Дебют
55866,1,0.9392,Yubisaki to Renren,Флагманы,Manga,Дебют
55877,1,0.928,Henjin no Salad Bowl,Остальные,Light novel,Дебют
55887,1,0.9292,"Kekkon suru tte, Hontou desu ka",Остальные,Manga,Дебют
55888,1,0.9684,Mushoku Tensei II: Isekai Ittara Honki Dasu Part 2,Флагманы,Light novel,Продолжение
55894,1,0.8795,Bokura no Ame-iro Protocol,Остальные,Original,Дебют
55973,1,0.9427,30-sai made Doutei dato Mahoutsukai ni Nareru Rashii,Флагманы,Manga,Дебют
55994,1,0.9064,Sword Art Online Alternative: Gun Gale Online II,Остальные,Light novel,Продолжение
55996,1,0.9001,Koi wa Futago de Warikirenai,Остальные,Light novel,Дебют
55997,1,0.9369,"Guild no Uketsukejou desu ga, Zangyou wa Iya nanode Boss wo Solo Toubatsu Shiyou to Omoimasu",Надёжный просмотр,Light novel,Дебют
55998,1,0.9054,Momochi-san Chi no Ayakashi Ouji,Остальные,Manga,Дебют
56062,1,0.922,Naze Boku no Sekai wo Daremo Oboeteinai no ka?,Остальные,Light novel,Дебют
56063,1,0.9138,NieR:Automata Ver1.1a Part 2,Остальные,Game,Продолжение
56135,1,0.8244,UniteUp! Uni:Birth,Нишевые любимчики,Music,Продолжение
56165,1,0.919,Boukyaku Battery (TV),Нишевые любимчики,Manga,Дебют
56348,1,0.9246,Dungeon no Naka no Hito,Остальные,Web manga,Дебют
56352,1,0.9524,"Loop 7-kaime no Akuyaku Reijou wa, Moto Tekikoku de Jiyuu Kimama na Hanayome Seikatsu wo Mankitsu suru",Флагманы,Light novel,Дебют
56400,1,0.9114,"Maou-sama, Retry! R",Остальные,Web manga,Продолжение
56449,1,0.9306,Madougushi Dahliya wa Utsumukanai,Остальные,Light novel,Дебют
56461,1,0.8063,Hamidashi Creative,Остальные,Visual novel,Дебют
56690,1,0.9497,Re:Monster,Надёжный просмотр,Light novel,Дебют
56691,1,0.8637,Gekkan Mousou Kagaku,Остальные,Original,Дебют
56700,1,0.9093,Jidou Hanbaiki ni Umarekawatta Ore wa Meikyuu wo Samayou 2nd Season,Остальные,Light novel,Продолжение
56731,1,0.9032,Synduality: Noir Part 2,Остальные,Mixed media,Продолжение
56738,1,0.9301,Shinigami Bocchan to Kuro Maid 3rd Season,Остальные,Web manga,Продолжение
56768,1,0.9222,"Tadaima, Okaeri",Нишевые любимчики,Manga,Дебют
56838,1,0.9188,"One Room, Hiatari Futsuu, Tenshi-tsuki.",Остальные,Manga,Дебют
56843,1,0.9174,Goukon ni Ittara Onna ga Inakatta Hanashi,Нишевые любимчики,Web manga,Дебют
56845,1,0.9395,"Saikyou Tank no Meikyuu Kouryaku: Tairyoku 9999 no Rare Skill-mochi Tank, Yuusha Party wo Tsuihou sareru",Надёжный просмотр,Manga,Дебют
56907,1,0.9079,Koujo Denka no Kateikyoushi,Остальные,Light novel,Дебют
56923,1,0.9557,Lv2 kara Cheat datta Motoyuusha Kouho no Mattari Isekai Life,Надёжный просмотр,Light novel,Дебют
56964,1,0.9254,Raise wa Tanin ga Ii,Остальные,Manga,Дебют
56967,1,0.8634,Kamierabi 2nd Season,Остальные,Original,Продолжение
57031,1,0.916,Vampire Dormitory,Остальные,Manga,Дебют
57050,1,0.9054,Kisaki Kyouiku kara Nigetai Watashi,Остальные,Manga,Дебют
57058,1,0.9512,"Ore wa Subete wo ""Parry"" suru: Gyaku Kanchigai no Sekai Saikyou wa Boukensha ni Naritai",Надёжный просмотр,Light novel,Дебют
57099,1,0.8968,Na Nare Hana Nare,Остальные,Original,Дебют
57100,1,0.9444,The New Gate,Надёжный просмотр,Light novel,Дебют
57152,1,0.86,Mahoutsukai no Yakusoku,Остальные,Game,Дебют
57217,1,0.9168,Katsute Mahou Shoujo to Aku wa Tekitai shiteita.,Остальные,Manga,Дебют
57315,1,0.8873,"Meitou ""Isekai no Yu"" Kaitakuki: Around 40 Onsen Mania no Tensei Saki wa, Nonbiri Onsen Tengoku deshita",Остальные,Light novel,Дебют
57325,1,0.9131,Ramen Akaneko,Остальные,Manga,Дебют
57334,1,0.9657,Dandadan,Флагманы,Manga,Дебют
57360,1,0.9151,Kabushikigaisha Magi-Lumière,Остальные,Manga,Дебют
57362,1,0.9243,Hoshifuru Oukoku no Nina,Нишевые любимчики,Manga,Дебют
57380,1,0.9409,Isekai Yururi Kikou: Kosodateshinagara Boukensha Shimasu,Надёжный просмотр,Light novel,Дебют
57391,1,0.9079,Astro Note,Остальные,Original,Дебют
57517,1,0.8968,Puniru wa Kawaii Slime,Остальные,Manga,Дебют
57524,1,0.9413,Make Heroine ga Oosugiru!,Флагманы,Light novel,Дебют
57559,1,0.952,MF Ghost 2nd Season,Надёжный просмотр,Manga,Продолжение
57562,1,0.8633,Hyakushou Kizoku 2nd Season,Остальные,Manga,Продолжение
57567,1,0.9045,Shy 2nd Season,Остальные,Manga,Продолжение
57592,1,0.9488,Dr. Stone: Science Future,Надёжный просмотр,Manga,Продолжение
57611,1,0.9176,Kimi wa Meido-sama.,Остальные,Web manga,Дебют
57616,1,0.9407,Kimi no Koto ga Daidaidaidaidaisuki na 100-nin no Kanojo 2nd Season,Нишевые любимчики,Manga,Продолжение
57623,1,0.9339,Nijiyon Animation 2,Остальные,4-koma manga,Продолжение
57646,1,0.9227,Mob kara Hajimaru Tansaku Eiyuutan,Надёжный просмотр,Light novel,Дебют
57648,1,0.92,Nihon e Youkoso Elf-san.,Остальные,Light novel,Дебют
57719,1,0.939,Akuyaku Reijou Tensei Ojisan,Надёжный просмотр,Manga,Дебют
57820,1,0.8254,Kamitsubaki-shi Kensetsuchuu.,Остальные,Other,Дебют
57845,1,0.9103,Elf-san wa Yaserarenai.,Остальные,Web manga,Дебют
57876,1,0.9314,Maougun Saikyou no Majutsushi wa Ningen datta,Надёжный просмотр,Manga,Дебют
57891,1,0.9404,Hitoribocchi no Isekai Kouryaku,Надёжный просмотр,Light novel,Дебют
57892,1,0.9548,"Hazurewaku no ""Joutai Ijou Skill"" de Saikyou ni Natta Ore ga Subete wo Juurin suru made",Надёжный просмотр,Light novel,Дебют
57907,1,0.9041,Tate no Yuusha no Nariagari Season 4,Остальные,Light novel,Продолжение
57944,1,0.9335,"Party kara Tsuihou sareta Sono Chiyushi, Jitsu wa Saikyou ni Tsuki",Надёжный просмотр,Light novel,Дебют
57947,1,0.9124,Mayonaka Punch,Остальные,Original,Дебют
58059,1,0.9531,Tsue to Tsurugi no Wistoria,Надёжный просмотр,Manga,Дебют
58066,1,0.8967,Sorairo Utility (TV),Остальные,Original,Дебют
58080,1,0.9309,Kenka Dokugaku,Надёжный просмотр,Web manga,Дебют
58131,1,0.9208,Shiunji-ke no Kodomotachi,Остальные,Manga,Дебют
58173,1,0.901,Mahoutsukai ni Narenakatta Onnanoko no Hanashi,Остальные,Novel,Дебют
58197,1,0.8794,Nyaight of the Living Cat,Остальные,Manga,Дебют
58216,1,0.9051,Übel Blatt,Остальные,Manga,Дебют
58259,1,0.8865,"Douse, Koishite Shimaunda.",Остальные,Manga,Дебют
58265,1,0.898,Babanbabanban Vampire,Остальные,Manga,Дебют
58271,1,0.9202,Honey Lemon Soda,Остальные,Manga,Дебют
58272,1,0.915,Boku no Tsuma wa Kanjou ga Nai,Остальные,Manga,Дебют
58302,1,0.8708,The iDOLM@STER Shiny Colors 2nd Season,Остальные,Game,Продолжение
58359,1,0.9373,"Isshun de Chiryou shiteita noni Yakutatazu to Tsuihou sareta Tensai Chiyushi, Yami Healer toshite Tanoshiku Ikiru",Надёжный просмотр,Light novel,Дебют
58390,1,0.8806,Yofukashi no Uta Season 2,Нишевые любимчики,Manga,Продолжение
58426,1,0.9277,Shikanoko Nokonoko Koshitantan,Нишевые любимчики,Manga,Дебют
58437,1,0.9389,"Botsuraku Yotei no Kizoku dakedo, Hima Datta kara Mahou wo Kiwametemita",Надёжный просмотр,Light novel,Дебют
58445,1,0.9261,"Sayounara Ryuusei, Konnichiwa Jinsei",Надёжный просмотр,Light novel,Дебют
58473,1,0.9164,"S-Rank Monster no ""Behemoth"" dakedo, Neko to Machigawarete Elf Musume no Pet toshite Kurashitemasu",Остальные,Manga,Дебют
58484,1,0.9057,Ishura 2nd Season,Остальные,Light novel,Продолжение
58492,1,0.9055,Mono,Остальные,4-koma manga,Дебют
58502,1,0.9195,Zenshuu.,Нишевые любимчики,Original,Дебют
58511,1,0.8908,Nanatsu no Taizai: Mokushiroku no Yonkishi 2nd Season,Остальные,Manga,Продолжение
58516,1,0.9129,Ao no Exorcist: Yuki no Hate-hen,Остальные,Manga,Продолжение
58600,1,0.9152,Ameku Takao no Suiri Karte,Остальные,Novel,Дебют
58614,1,0.9199,Teogonia,Остальные,Light novel,Дебют
58714,1,0.9385,"Saikyou no Shienshoku ""Wajutsushi"" de Aru Ore wa Sekai Saikyou Clan wo Shitagaeru",Надёжный просмотр,Light novel,Дебют
58725,1,0.9061,Ninja to Koroshiya no Futarigurashi,Остальные,Manga,Дебют
58822,1,0.9514,Izure Saikyou no Renkinjutsushi?,Надёжный просмотр,Light novel,Дебют
58833,1,0.8767,Kakushite! Makina-san!!,Остальные,Manga,Дебют
58853,1,0.9194,Kuroiwa Medaka ni Watashi no Kawaii ga Tsuujinai,Остальные,Manga,Дебют
58854,1,0.9011,Kinoko Inu,Остальные,Manga,Дебют
58913,1,0.8778,Hikaru ga Shinda Natsu,Нишевые любимчики,Web manga,Дебют
58926,1,0.8542,Egumi Legacy,Остальные,Card game,Дебют
58985,1,0.8158,0-saiji Start Dash Monogatari,Остальные,Manga,Дебют
59002,1,0.9255,"Hazure Skill ""Kinomi Master"": Skill no Mi (Tabetara Shinu) wo Mugen ni Taberareru You ni Natta Ken ni Tsuite",Надёжный просмотр,Manga,Дебют
59055,1,0.89,"Hana wa Saku, Shura no Gotoku",Остальные,Manga,Дебют
59095,1,0.9345,"Tensei shitara Dainana Ouji Datta node, Kimama ni Majutsu wo Kiwamemasu 2nd Season",Остальные,Light novel,Продолжение
59113,1,0.8683,Farmagia,Остальные,Game,Дебют
59131,1,0.9406,"Tensei Kizoku, Kantei Skill de Nariagaru 2nd Season",Надёжный просмотр,Light novel,Продолжение
59135,1,0.9342,Class no Daikirai na Joshi to Kekkon suru Koto ni Natta.,Надёжный просмотр,Light novel,Дебют
59136,1,0.8924,Tasokare Hotel,Остальные,Game,Дебют
59142,1,0.9001,Unnamed Memory Act.2,Остальные,Light novel,Продолжение
59144,1,0.937,"Fuguushoku ""Kanteishi"" ga Jitsu wa Saikyou Datta",Надёжный просмотр,Light novel,Дебют
59145,1,0.9423,Ranma ½ (2024),Флагманы,Manga,Дебют
59160,1,0.9412,Wind Breaker Season 2,Надёжный просмотр,Web manga,Продолжение
59161,1,0.8767,Bad Girl,Остальные,4-koma manga,Дебют
59169,1,0.9057,Aru Majo ga Shinu Made,Остальные,Light novel,Дебют
59189,1,0.9151,Sentai Daishikkaku 2nd Season,Остальные,Manga,Продолжение
59205,1,0.9147,Clevatess: Majuu no Ou to Akago to Shikabane no Yuusha,Остальные,Web manga,Дебют
59207,1,0.9126,"Mikadono Sanshimai wa Angai, Choroi.",Остальные,Manga,Дебют
59226,1,0.9194,Ao no Exorcist: Yosuga-hen,Остальные,Manga,Продолжение
59265,1,0.9391,Magic Maker: Isekai Mahou no Tsukurikata,Надёжный просмотр,Light novel,Дебют
59277,1,0.8794,"Kanojo, Okarishimasu 4th Season",Остальные,Manga,Продолжение
59322,1,0.9178,Shirobuta Kizoku desu ga Zense no Kioku ga Haeta node Hiyoko na Otouto Sodatemasu,Надёжный просмотр,Light novel,Дебют
59349,1,0.9328,Salaryman ga Isekai ni Ittara Shitennou ni Natta Hanashi,Надёжный просмотр,Web manga,Дебют
59361,1,0.8885,Kono Kaisha ni Suki na Hito ga Imasu,Остальные,Manga,Дебют
59402,1,0.8792,Kakkou no Iinazuke Season 2,Остальные,Manga,Продолжение
59421,1,0.9195,Zutaboro Reijou wa Ane no Moto Konyakusha ni Dekiai sareru,Остальные,Light novel,Дебют
59424,1,0.9248,"Yuusha Party wo Tsuihou sareta Shiromadoushi, S-Rank Boukensha ni Hirowareru: Kono Shiromadoushi ga Kikakugai Sugiru",Остальные,Manga,Дебют
59425,1,0.9091,NegaPosi Angler,Остальные,Original,Дебют
59452,1,0.9382,"Katainaka no Ossan, Kensei ni Naru",Надёжный просмотр,Light novel,Дебют
59457,1,0.9006,"Haite Kudasai, Takamine-san",Нишевые любимчики,Manga,Дебют
59466,1,0.9182,Aharen-san wa Hakarenai Season 2,Остальные,Manga,Продолжение
59514,1,0.9124,Sentai Red Isekai de Boukensha ni Naru,Остальные,Manga,Дебют
59619,1,0.8738,Ame to Kimi to,Остальные,Manga,Дебют
59632,1,0.8849,Mattaku Saikin no Tantei to Kitara,Остальные,Manga,Дебют
59675,1,0.906,Apocalypse Hotel,Нишевые любимчики,Original,Дебют
59689,1,0.8919,Game Center Shoujo to Ibunka Kouryuu,Остальные,Web manga,Дебют
59744,1,0.8742,Maebashi Witches,Остальные,Original,Дебют
59745,1,0.8935,Chotto dake Ai ga Omoi Dark Elf ga Isekai kara Oikaketekita,Остальные,Web manga,Дебют
59828,1,0.9256,Shoushimin Series 2nd Season,Нишевые любимчики,Novel,Продолжение
59935,1,0.9308,Gorilla no Kami kara Kago sareta Reijou wa Ouritsu Kishidan de Kawaigarareru,Надёжный просмотр,Web manga,Дебют
59961,1,0.8084,Kizu darake Seijo yori Houfuku wo Komete,Остальные,Web manga,Дебют
59986,1,0.8958,Grand Blue Season 2,Нишевые любимчики,Manga,Продолжение
60009,1,0.8797,Chuuzenji-sensei Mononoke Kougiroku: Sensei ga Nazo wo Hodoite Shimau kara.,Остальные,Manga,Дебют
60140,1,0.9426,"Kanchigai no Atelier Meister: Eiyuu Party no Moto Zatsuyougakari ga, Jitsu wa Sentou Igai ga SSS Rank Datta to Iu Yoku Aru Hanashi",Надёжный просмотр,Light novel,Дебют
60146,1,0.9224,"Saikyou no Ousama, Nidome no Jinsei wa Nani wo Suru?",Флагманы,Other,Дебют
60154,1,0.9188,Ore wa Seikan Kokka no Akutoku Ryoushu!,Надёжный просмотр,Light novel,Дебют
60157,1,0.9391,Kanpekisugite Kawaige ga Nai to Konyaku Haki sareta Seijo wa Ringoku ni Urareru,Надёжный просмотр,Light novel,Дебют
60293,1,0.9091,Ballpark de Tsukamaete!,Остальные,Manga,Дебют
60315,1,0.8655,Dekin no Mogura,Остальные,Manga,Дебют
60316,1,0.9191,Busamen Gachi Fighter,Остальные,Manga,Дебют
60326,1,0.8832,"Watashi ga Koibito ni Nareru Wake Nai jan, Muri Muri! (※Muri ja Nakatta!?)",Нишевые любимчики,Light novel,Дебют
60377,1,0.9013,Nazotoki wa Dinner no Ato de,Остальные,Novel,Дебют
60425,1,0.822,0-saiji Start Dash Monogatari Season 2,Остальные,Manga,Продолжение
60449,1,0.9187,Kidou Senshi Gundam: GQuuuuuuX,Остальные,Original,Дебют
60505,1,0.8729,Necronomico no Cosmic Horror Show,Остальные,Original,Дебют
60523,1,0.9176,Tsuihousha Shokudou e Youkoso!,Остальные,Light novel,Дебют
60543,1,0.9386,Dandadan 2nd Season,Нишевые любимчики,Manga,Продолжение
60603,1,0.8814,Puniru wa Kawaii Slime 2nd Season,Остальные,Manga,Продолжение
60658,1,0.8966,Hibi wa Sugiredo Meshi Umashi,Нишевые любимчики,Original,Дебют
60697,1,0.8918,Fermat no Ryouri,Остальные,Manga,Дебют
60732,1,0.9333,Mizu Zokusei no Mahoutsukai,Остальные,Light novel,Дебют
60951,1,0.8974,Kizetsu Yuusha to Ansatsu Hime,Остальные,Manga,Дебют
61150,1,0.8823,Onmyou Kaiten Re:Birth,Остальные,Original,Дебют
61239,1,0.6675,Binan Koukou Chikyuu Bouei-bu Haikara!,Остальные,Original,Дебют
61274,1,0.882,Ginga Tokkyuu Milky☆Subway,Остальные,Original,Дебют
61322,1,0.934,Dr. Stone: Science Future Part 2,Остальные,Manga,Продолжение
61339,1,0.8772,Jibaku Shounen Hanako-kun 2 Part 2,Остальные,Manga,Продолжение
61410,1,0.8629,Chotto dake Ai ga Omoi Dark Elf ga Isekai kara Oikaketekita Mini Anime Gekijou,Остальные,Web manga,Дебют
32455,2,0.7709,Gekidol: Actidol Project,Остальные,Original,Дебют
35252,2,0.8227,Hatena☆Illusion,Остальные,Light novel,Дебют
35335,2,0.7695,Musashino!,Остальные,Original,Дебют
36458,2,0.726,Soukou Musume Senki,Остальные,Game,Дебют
37587,2,0.8435,Lapis Re:LiGHTs,Остальные,Mixed media,Дебют
37599,2,0.8276,Magatsu Wahrheit: Zuerst,Остальные,Game,Дебют
37890,2,0.8833,Oshi ga Budoukan Ittekuretara Shinu,Нишевые любимчики,Manga,Дебют
38005,2,0.8684,Strike Witches: Road to Berlin,Остальные,Original,Продолжение
38006,2,0.7787,Renmei Kuugun Koukuu Mahou Ongakutai Luminous Witches,Остальные,Original,Дебют
38192,2,0.8469,Sakugan,Остальные,Novel,Дебют
38302,2,0.8086,Boku no Tonari ni Ankoku Hakaishin ga Imasu.,Остальные,Manga,Дебют
38337,2,0.904,Gochuumon wa Usagi desu ka? Bloom,Нишевые любимчики,4-koma manga,Продолжение
38440,2,0.7054,Shikizakura,Остальные,Original,Дебют
38476,2,0.942,Heya Camp△,Надёжный просмотр,Manga,Дебют
38555,2,0.9435,Otome Game no Hametsu Flag shika Nai Akuyaku Reijou ni Tensei shiteshimatta...,Флагманы,Light novel,Дебют
38668,2,0.923,Dorohedoro,Флагманы,Manga,Дебют
38790,2,0.9456,Itai no wa Iya nanode Bougyoryoku ni Kyokufuri Shitai to Omoimasu.,Флагманы,Light novel,Дебют
38830,2,0.9318,"Hachi-nan tte, Sore wa Nai deshou!",Надёжный просмотр,Light novel,Дебют
38835,2,0.9238,Umayon,Надёжный просмотр,4-koma manga,Дебют
38843,2,0.8716,Shironeko Project: Zero Chronicle,Надёжный просмотр,Game,Дебют
38853,2,0.5569,Ex-Arm,Остальные,Manga,Дебют
38924,2,0.856,Nekopara,Остальные,Visual novel,Дебют
38992,2,0.8825,Rikei ga Koi ni Ochita no de Shoumei shitemita.,Остальные,Web manga,Дебют
39017,2,0.9136,Kyokou Suiri,Надёжный просмотр,Manga,Дебют
39184,2,0.8408,A3! Season Spring & Summer,Нишевые любимчики,Game,Дебют
39247,2,0.9532,Kobayashi-san Chi no Maid Dragon S,Флагманы,Manga,Продолжение
39388,2,0.8573,Koisuru Asteroid,Остальные,4-koma manga,Дебют
39469,2,0.8878,Tsugu Tsugumomo,Остальные,Manga,Дебют
39531,2,0.8329,Kuutei Dragons,Остальные,Manga,Дебют
39534,2,0.91,Jibaku Shounen Hanako-kun,Флагманы,Manga,Дебют
39547,2,0.9494,Yahari Ore no Seishun Love Comedy wa Machigatteiru. Kan,Флагманы,Light novel,Продолжение
39551,2,0.9688,Tensei shitara Slime Datta Ken 2nd Season,Флагманы,Manga,Продолжение
39575,2,0.8717,Somali to Mori no Kamisama,Остальные,Web manga,Дебют
39582,2,0.8071,Kitsutsuki Tanteidokoro,Остальные,Novel,Дебют
39583,2,0.8309,number24,Остальные,Original,Дебют
39609,2,0.8345,Ochikobore Fruit Tart,Остальные,4-koma manga,Дебют
39710,2,0.9176,Yesterday wo Utatte,Остальные,Manga,Дебют
39725,2,0.7808,I★Chu: Halfway Through the Idol,Нишевые любимчики,Game,Дебют
39730,2,0.8861,Houkago Teibou Nisshi,Остальные,Manga,Дебют
39783,2,0.9653,5-toubun no Hanayome ∬,Флагманы,Manga,Продолжение
39790,2,0.8913,Adachi to Shimamura,Нишевые любимчики,Light novel,Дебют
39792,2,0.882,Eizouken ni wa Te wo Dasu na!,Нишевые любимчики,Manga,Дебют
39808,2,0.927,Non Non Biyori Nonstop,Нишевые любимчики,Manga,Продолжение
39893,2,0.7276,Muteking the Dancing Hero,Остальные,Original,Дебют
39917,2,0.5436,Sabiiro no Armor: Reimei,Остальные,Mixed media,Дебют
39948,2,0.8519,Muhyo to Rouji no Mahouritsu Soudan Jimusho 2nd Season,Остальные,Manga,Продолжение
39960,2,0.9286,Yatogame-chan Kansatsu Nikki Nisatsume,Надёжный просмотр,4-koma manga,Продолжение
39966,2,0.7834,Tamayomi,Остальные,Manga,Дебют
39988,2,0.9648,Isekai Quartet 2,Надёжный просмотр,Original,Продолжение
40010,2,0.9068,Ishuzoku Reviewers,Флагманы,Web manga,Дебют
40056,2,0.9079,Deca-Dence,Надёжный просмотр,Original,Дебют
40059,2,0.952,Golden Kamuy 3rd Season,Флагманы,Manga,Продолжение
40060,2,0.9367,BNA,Флагманы,Original,Дебют
40074,2,0.7367,Gibiate,Остальные,Original,Дебют
40075,2,0.8247,Koi to Producer: EVOLxLOVE,Остальные,Game,Дебют
40085,2,0.7344,Maesetsu!,Остальные,Original,Дебют
40128,2,0.8977,Arte,Остальные,Manga,Дебют
40136,2,0.7886,Oda Cinnamon Nobunaga,Остальные,Manga,Дебют
40148,2,0.8396,22/7,Остальные,Other,Дебют
40165,2,0.7733,Listeners,Остальные,Original,Дебют
40174,2,0.9161,Zombieland Saga Revenge,Нишевые любимчики,Original,Продолжение
40230,2,0.8599,Housekishou Richard-shi no Nazo Kantei,Остальные,Novel,Дебют
40272,2,0.8966,A3! Season Autumn & Winter,Нишевые любимчики,Game,Дебют
40357,2,0.9227,Tate no Yuusha no Nariagari Season 3,Нишевые любимчики,Light novel,Продолжение
40358,2,0.7157,Gal to Kyouryuu,Остальные,Manga,Дебют
40359,2,0.8393,Ikebukuro West Gate Park,Остальные,Novel,Дебют
40392,2,0.8955,Runway de Waratte,Остальные,Manga,Дебют
40397,2,0.906,Maoujou de Oyasumi,Флагманы,Manga,Дебют
40403,2,0.6927,Shin Sakura Taisen the Animation,Остальные,Game,Дебют
40436,2,0.8719,Peter Grill to Kenja no Jikan,Надёжный просмотр,Manga,Дебют
40454,2,0.9532,Dungeon ni Deai wo Motomeru no wa Machigatteiru Darou ka III,Надёжный просмотр,Light novel,Продолжение
40483,2,0.9173,Murenase! Seton Gakuen,Надёжный просмотр,Web manga,Дебют
40488,2,0.7783,Futsal Boys!!!!!,Нишевые любимчики,Mixed media,Дебют
40507,2,0.9357,Arifureta Shokugyou de Sekai Saikyou 2nd Season,Флагманы,Light novel,Продолжение
40513,2,0.8478,Nami yo Kiitekure,Остальные,Manga,Дебют
40526,2,0.798,"Dragon, Ie wo Kau.",Остальные,Manga,Дебют
40529,2,0.9136,No Guns Life 2nd Season,Остальные,Manga,Продолжение
40530,2,0.9183,Jaku-Chara Tomozaki-kun,Надёжный просмотр,Light novel,Дебют
40550,2,0.8368,Assault Lily: Bouquet,Остальные,Mixed media,Дебют
40571,2,0.9232,Majo no Tabitabi,Флагманы,Light novel,Дебют
40586,2,0.9184,"Slime Taoshite 300-nen, Shiranai Uchi ni Level Max ni Nattemashita",Надёжный просмотр,Light novel,Дебют
40591,2,0.9721,Kaguya-sama wa Kokurasetai? Tensai-tachi no Renai Zunousen,Флагманы,Manga,Продолжение
40594,2,0.9311,Tatoeba Last Dungeon Mae no Mura no Shounen ga Joban no Machi de Kurasu Youna Monogatari,Надёжный просмотр,Light novel,Дебют
40595,2,0.9007,"Kimi to Boku no Saigo no Senjou, Aruiwa Sekai ga Hajimaru Seisen",Надёжный просмотр,Light novel,Дебют
40608,2,0.8032,Muv-Luv Alternative,Остальные,Visual novel,Дебют
40623,2,0.8447,Dokyuu Hentai HxEros,Остальные,Manga,Дебют
40679,2,0.8807,2.43: Seiin Koukou Danshi Volley-bu,Остальные,Novel,Дебют
40685,2,0.8957,Super Cub,Нишевые любимчики,Light novel,Дебют
40708,2,0.8818,Monster Musume no Oishasan,Надёжный просмотр,Light novel,Дебют
40716,2,0.9005,Kakushigoto,Нишевые любимчики,Manga,Дебют
40738,2,0.8718,Natsunagu!,Остальные,Original,Дебют
40750,2,0.9374,Kaifuku Jutsushi no Yarinaoshi,Флагманы,Light novel,Дебют
40752,2,0.8409,Bishounen Tanteidan,Остальные,Novel,Дебют
40763,2,0.835,Show By Rock!! Mashumairesh!!,Остальные,Game,Продолжение
40776,2,0.9751,Haikyuu!! To the Top Part 2,Флагманы,Manga,Продолжение
40783,2,0.7826,"Shachou, Battle no Jikan desu!",Остальные,Game,Дебют
40786,2,0.8616,Skate-Leading☆Stars,Остальные,Original,Дебют
40815,2,0.9634,Honzuki no Gekokujou: Shisho ni Naru Tame ni wa Shudan wo Erandeiraremasen 2nd Season,Надёжный просмотр,Light novel,Продолжение
40839,2,0.9527,"Kanojo, Okarishimasu",Флагманы,Manga,Дебют
40842,2,0.8322,Idoly Pride,Нишевые любимчики,Mixed media,Дебют
40870,2,0.8747,SSSS.Dynazenon,Нишевые любимчики,Original,Дебют
40904,2,0.9129,Bokutachi no Remake,Флагманы,Light novel,Дебют
40907,2,0.9292,World Trigger 2nd Season,Остальные,Manga,Продолжение
40908,2,0.9242,Kemono Jihen,Надёжный просмотр,Manga,Дебют
40930,2,0.902,Azur Lane: Bisoku Zenshin!,Остальные,4-koma manga,Продолжение
40935,2,0.9483,Beastars 2nd Season,Надёжный просмотр,Manga,Продолжение
40957,2,0.8518,Shin Chuuka Ichiban! 2nd Season,Остальные,Manga,Продолжение
40958,2,0.8144,Rail Romanesque,Остальные,Visual novel,Дебют
40960,2,0.8291,Cheat Kusushi no Slow Life: Isekai ni Tsukurou Drugstore,Остальные,Light novel,Дебют
40961,2,0.7807,Hortensia Saga,Остальные,Game,Дебют
40974,2,0.9077,Kuma Kuma Kuma Bear,Надёжный просмотр,Light novel,Дебют
40995,2,0.8453,Hentatsu (TV),Остальные,Original,Дебют
41084,2,0.9457,Made in Abyss: Retsujitsu no Ougonkyou,Флагманы,Web manga,Продолжение
41103,2,0.9012,Koi to Yobu ni wa Kimochi Warui,Флагманы,Web manga,Дебют
41109,2,0.8845,Log Horizon: Entaku Houkai,Остальные,Light novel,Продолжение
41169,2,0.9134,Love Live! Superstar!!,Нишевые любимчики,Other,Дебют
41226,2,0.9254,Uzaki-chan wa Asobitai!,Надёжный просмотр,Web manga,Дебют
41312,2,0.932,Kami-tachi ni Hirowareta Otoko,Надёжный просмотр,Light novel,Дебют
41364,2,0.9187,One Room: Third Season,Остальные,Original,Продолжение
41372,2,0.7807,Senyoku no Sigrdrifa,Остальные,Original,Дебют
41380,2,0.9211,100-man no Inochi no Ue ni Ore wa Tatteiru,Надёжный просмотр,Manga,Дебют
41389,2,0.9417,Tonikaku Kawaii,Флагманы,Manga,Дебют
41392,2,0.8315,Urasekai Picnic,Остальные,Novel,Дебют
41433,2,0.9286,Akudama Drive,Флагманы,Original,Дебют
41456,2,0.9045,"Sentouin, Haken shimasu!",Надёжный просмотр,Light novel,Дебют
41461,2,0.9256,Date A Live IV,Нишевые любимчики,Light novel,Продолжение
41487,2,0.971,Tensei shitara Slime Datta Ken 2nd Season Part 2,Флагманы,Manga,Продолжение
41488,2,0.9206,Tensura Nikki: Tensei shitara Slime Datta Ken,Флагманы,Manga,Дебют
41514,2,0.9004,Itai no wa Iya nanode Bougyoryoku ni Kyokufuri Shitai to Omoimasu. 2,Остальные,Light novel,Продолжение
41520,2,0.8643,Show by Rock!! Stars!!,Остальные,Game,Продолжение
41521,2,0.7684,WIXOSS Diva(A)Live,Остальные,Card game,Дебют
41556,2,0.7412,Maiko-san Chi no Makanai-san,Остальные,Manga,Дебют
41574,2,0.8605,Guraburu!,Остальные,4-koma manga,Дебют
41589,2,0.8219,Tokyo Mew Mew New ♡,Нишевые любимчики,Manga,Дебют
41762,2,0.8441,Tenchi Souzou Design-bu,Остальные,Manga,Дебют
41783,2,0.8379,Iwa Kakeru! Sport Climbing Girls,Остальные,Web manga,Дебют
41833,2,0.8393,Kyuuketsuki Sugu Shinu,Нишевые любимчики,Manga,Дебют
41899,2,0.9242,Ore dake Haireru Kakushi Dungeon,Надёжный просмотр,Light novel,Дебют
41930,2,0.9158,Kamisama ni Natta Hi,Нишевые любимчики,Original,Дебют
42071,2,0.8576,Yuuki Yuuna wa Yuusha de Aru Churutto!,Остальные,Game,Продолжение
42072,2,0.8681,Kenja no Deshi wo Nanoru Kenja,Надёжный просмотр,Light novel,Дебют
42203,2,0.9627,Re:Zero kara Hajimeru Isekai Seikatsu 2nd Season Part 2,Флагманы,Light novel,Продолжение
42238,2,0.9528,Ani ni Tsukeru Kusuri wa Nai! 4,Надёжный просмотр,Web manga,Продолжение
42250,2,0.9347,Bungou Stray Dogs Wan!,Флагманы,Web manga,Продолжение
42282,2,0.9175,Otome Game no Hametsu Flag shika Nai Akuyaku Reijou ni Tensei shiteshimatta... X,Надёжный просмотр,Light novel,Продолжение
42307,2,0.7888,Subarashiki Kono Sekai The Animation,Остальные,Game,Дебют
42321,2,0.7241,Battle Athletess Daiundoukai ReSTART!,Остальные,Original,Дебют
42340,2,0.9029,Meikyuu Black Company,Надёжный просмотр,Web manga,Дебют
42351,2,0.9207,Senpai ga Uzai Kouhai no Hanashi,Надёжный просмотр,Web manga,Дебют
42361,2,0.9257,"Ijiranaide, Nagatoro-san",Флагманы,Web manga,Дебют
42385,2,0.8339,The iDOLM@STER Million Live!,Остальные,Game,Продолжение
42395,2,0.8779,Shakunetsu Kabaddi,Нишевые любимчики,Web manga,Дебют
42506,2,0.8174,World Witches Hasshin Shimasu!,Остальные,Original,Дебют
42516,2,0.7897,Cardfight!! Vanguard: overDress,Остальные,Original,Дебют
42544,2,0.8837,Kaizoku Oujo,Нишевые любимчики,Original,Дебют
42568,2,0.837,Yaku nara Mug Cup mo,Остальные,Manga,Дебют
42571,2,0.8833,Dogeza de Tanondemita,Остальные,Web manga,Дебют
42587,2,0.8739,Yuuki Yuuna wa Yuusha de Aru: Dai Mankai no Shou,Нишевые любимчики,Original,Продолжение
42590,2,0.9075,Mashiro no Oto,Остальные,Manga,Дебют
42627,2,0.8748,Peach Boy Riverside,Остальные,Manga,Дебют
42657,2,0.7527,Himitsukessha Taka no Tsume: Golden Spell,Остальные,Original,Дебют
42670,2,0.9075,Princess Connect! Re:Dive Season 2,Нишевые любимчики,Game,Продолжение
42745,2,0.9034,Machikado Mazoku: 2-choume,Остальные,4-koma manga,Продолжение
42822,2,0.868,Kai Byoui Ramune,Остальные,Manga,Дебют
42826,2,0.9086,Seijo no Maryoku wa Bannou desu,Надёжный просмотр,Light novel,Дебют
42883,2,0.8731,Sore dake ga Neck,Надёжный просмотр,Original,Дебют
42923,2,0.9296,SK∞,Флагманы,Original,Дебют
42959,2,0.9162,Yatogame-chan Kansatsu Nikki Sansatsume,Остальные,4-koma manga,Продолжение
42963,2,0.8986,"Kanojo, Okarishimasu 2nd Season",Нишевые любимчики,Manga,Продолжение
42994,2,0.8899,Jashin-chan Dropkick X,Остальные,Web manga,Продолжение
43007,2,0.8927,Osananajimi ga Zettai ni Makenai Love Comedy,Флагманы,Light novel,Дебют
43299,2,0.9084,Wonder Egg Priority,Нишевые любимчики,Original,Дебют
43470,2,0.8835,Rikei ga Koi ni Ochita no de Shoumei shitemita. Heart,Остальные,Web manga,Продолжение
43523,2,0.9474,Tsuki ga Michibiku Isekai Douchuu,Флагманы,Light novel,Дебют
43756,2,0.901,Bakuten!!,Нишевые любимчики,Original,Дебют
43767,2,0.7775,Night Head 2041,Нишевые любимчики,Other,Дебют
43814,2,0.9157,Deatte 5-byou de Battle,Надёжный просмотр,Web manga,Дебют
43969,2,0.8937,Kanojo mo Kanojo,Флагманы,Manga,Дебют
44040,2,0.8252,Abciee Shuugyou Nikki,Надёжный просмотр,Other,Дебют
44055,2,0.9066,Sasaki to Miyano,Флагманы,Web manga,Дебют
44081,2,0.7294,B-Project: Netsuretsu*Love Call,Остальные,Mixed media,Дебют
44203,2,0.9427,Seirei Gensouki,Флагманы,Light novel,Дебют
44204,2,0.8809,Kyokou Suiri Season 2,Остальные,Manga,Продолжение
44235,2,0.9547,Pui Pui Molcar,Флагманы,Other,Дебют
44274,2,0.7925,Puraore! Pride of Orange,Остальные,Mixed media,Дебют
44276,2,0.9143,Kyuukyoku Shinka shita Full Dive RPG ga Genjitsu yori mo Kusoge Dattara,Надёжный просмотр,Light novel,Дебют
44387,2,0.8082,Sankaku Mado no Sotogawa wa Yoru,Нишевые любимчики,Manga,Дебют
44511,2,0.9593,Chainsaw Man,Флагманы,Manga,Дебют
44516,2,0.8664,Koroshi Ai,Остальные,Manga,Дебют
44524,2,0.9147,Isekai Meikyuu de Harem wo,Флагманы,Light novel,Дебют
44881,2,0.9383,100-man no Inochi no Ue ni Ore wa Tatteiru 2nd Season,Надёжный просмотр,Manga,Продолжение
45055,2,0.901,Taishou Otome Otogibanashi,Нишевые любимчики,Manga,Дебют
45425,2,0.8792,Slow Loop,Остальные,Manga,Дебют
45486,2,0.9122,Kuma Kuma Kuma Bear Punch!,Остальные,Light novel,Продолжение
45560,2,0.8283,Orient,Остальные,Manga,Дебют
45576,2,0.9713,Mushoku Tensei: Isekai Ittara Honki Dasu Part 2,Флагманы,Light novel,Продолжение
45587,2,0.8987,Itazuraguma no Gloomy,Надёжный просмотр,Other,Дебют
45613,2,0.8585,Kawaii dake ja Nai Shikimori-san,Флагманы,Web manga,Дебют
45653,2,0.8548,Soredemo Ayumu wa Yosetekuru,Остальные,Manga,Дебют
45665,2,0.7135,Fairy Ranmaru: Anata no Kokoro Otasuke Shimasu,Нишевые любимчики,Original,Дебют
46118,2,0.8267,Wave!! Surfing Yappe!! (TV),Остальные,Mixed media,Дебют
46352,2,0.9063,Blue Period,Флагманы,Manga,Дебют
46471,2,0.8549,"Tantei wa Mou, Shindeiru.",Нишевые любимчики,Light novel,Дебют
46604,2,0.7468,Dolls' Frontline,Остальные,Game,Дебют
46985,2,0.9162,Shinka no Mi: Shiranai Uchi ni Kachigumi Jinsei,Надёжный просмотр,Light novel,Дебют
47159,2,0.9161,Tensai Ouji no Akaji Kokka Saisei Jutsu,Надёжный просмотр,Light novel,Дебют
47160,2,0.9121,Goblin Slayer II,Нишевые любимчики,Light novel,Продолжение
47161,2,0.9159,Shikkakumon no Saikyou Kenja,Надёжный просмотр,Light novel,Дебют
47162,2,0.8362,Shokei Shoujo no Virgin Road,Остальные,Light novel,Дебют
47163,2,0.8966,"Tensei Kenja no Isekai Life: Dai-2 no Shokugyou wo Ete, Sekai Saikyou ni Narimashita",Флагманы,Light novel,Дебют
47250,2,0.8044,Jouran: The Princess of Snow and Blood,Остальные,Original,Дебют
47257,2,0.8712,Shinigami Bocchan to Kuro Maid,Нишевые любимчики,Web manga,Дебют
47391,2,0.8321,Seven Knights Revolution: Eiyuu no Keishousha,Надёжный просмотр,Game,Дебют
47790,2,0.9493,"Sekai Saikou no Ansatsusha, Isekai Kizoku ni Tensei suru",Флагманы,Light novel,Дебют
47917,2,0.9499,Bocchi the Rock!,Флагманы,4-koma manga,Дебют
48239,2,0.9246,Leadale no Daichi nite,Надёжный просмотр,Light novel,Дебют
48252,2,0.8932,"Ore, Tsushima",Нишевые любимчики,Manga,Дебют
48363,2,0.798,RPG Fudousan,Остальные,4-koma manga,Дебют
48406,2,0.8955,Re-Main,Нишевые любимчики,Original,Дебют
48413,2,0.8946,Hataraku Maou-sama!!,Нишевые любимчики,Light novel,Продолжение
48414,2,0.8968,Sabikui Bisco,Остальные,Light novel,Дебют
48415,2,0.9235,"Shijou Saikyou no Daimaou, Murabito A ni Tensei suru",Надёжный просмотр,Light novel,Дебют
48417,2,0.8637,"Maou Gakuin no Futekigousha II: Shijou Saikyou no Maou no Shiso, Tensei shite Shison-tachi no Gakkou e Kayou",Нишевые любимчики,Light novel,Дебют
48418,2,0.8619,"Maou Gakuin no Futekigousha II: Shijou Saikyou no Maou no Shiso, Tensei shite Shison-tachi no Gakkou e Kayou Part 2",Остальные,Light novel,Продолжение
48441,2,0.7273,The Legend of Heroes: Sen no Kiseki - Northern War,Остальные,Game,Дебют
48471,2,0.8619,Tsuki to Laika to Nosferatu,Остальные,Light novel,Дебют
48483,2,0.9111,Mieruko-chan,Флагманы,Web manga,Дебют
48491,2,0.8582,Yama no Susume: Next Summit,Остальные,Manga,Продолжение
48542,2,0.8859,Do It Yourself!!,Остальные,Original,Дебют
48553,2,0.876,Akebi-chan no Sailor-fuku,Нишевые любимчики,Web manga,Дебют
48556,2,0.8673,Takt Op. Destiny,Нишевые любимчики,Mixed media,Дебют
48567,2,0.7264,Visual Prison,Нишевые любимчики,Original,Дебют
48569,2,0.9551,86 Part 2,Флагманы,Light novel,Продолжение
48580,2,0.8934,Vanitas no Karte,Нишевые любимчики,Manga,Дебют
48583,2,0.9673,Shingeki no Kyojin: The Final Season Part 2,Флагманы,Manga,Продолжение
48633,2,0.8965,Liar Liar,Остальные,Light novel,Дебют
48643,2,0.879,Koi wa Sekai Seifuku no Ato de,Надёжный просмотр,Manga,Дебют
48644,2,0.8039,Gyakuten Sekai no Denchi Shoujo,Остальные,Original,Дебют
48649,2,0.8332,Fuuto Tantei,Нишевые любимчики,Manga,Дебют
48736,2,0.9594,Sono Bisque Doll wa Koi wo Suru,Флагманы,Manga,Дебют
48742,2,0.7663,"Kono Healer, Mendokusai",Остальные,Web manga,Дебют
48760,2,0.9326,"Gaikotsu Kishi-sama, Tadaima Isekai e Odekakechuu",Надёжный просмотр,Light novel,Дебют
48761,2,0.9188,Saihate no Paladin,Надёжный просмотр,Light novel,Дебют
48775,2,0.8658,Kaginado,Остальные,Original,Дебют
48776,2,0.7659,Build Divide: Code Black,Остальные,Mixed media,Дебют
48777,2,0.8465,Build Divide: Code White,Остальные,Mixed media,Дебют
48779,2,0.9069,Deaimon,Надёжный просмотр,Manga,Дебют
48804,2,0.9277,Isekai Shokudou 2,Надёжный просмотр,Light novel,Продолжение
48842,2,0.849,Mahoutsukai Reimeiki,Остальные,Light novel,Дебют
48849,2,0.8833,Sonny Boy,Нишевые любимчики,Original,Дебют
48857,2,0.8136,Healer Girl,Остальные,Original,Дебют
48858,2,0.8436,180-byou de Kimi no Mimi wo Shiawase ni Dekiru ka?,Остальные,Original,Дебют
48926,2,0.9298,"Komi-san wa, Comyushou desu.",Флагманы,Manga,Дебют
48981,2,0.7847,Mahou Shoujo Magical Destroyers,Остальные,Original,Дебют
48997,2,0.9015,Fantasy Bishoujo Juniku Ojisan to,Надёжный просмотр,Web manga,Дебют
49109,2,0.9246,Kami-tachi ni Hirowareta Otoko 2nd Season,Надёжный просмотр,Light novel,Продолжение
49114,2,0.9361,Vanitas no Karte Part 2,Флагманы,Manga,Продолжение
49154,2,0.8738,High Card,Остальные,Mixed media,Дебют
49160,2,0.8243,Shachiku-san wa Youjo Yuurei ni Iyasaretai.,Остальные,Manga,Дебют
49263,2,0.9143,Yaku nara Mug Cup mo: Niban Gama,Остальные,Manga,Продолжение
49292,2,0.7233,Deep Insanity: The Lost Child,Остальные,Mixed media,Дебют
49304,2,0.7323,Seiken Densetsu: Legend of Mana - The Teardrop Crystal,Остальные,Game,Дебют
49385,2,0.8004,Kaijin Kaihatsu-bu no Kuroitsu-san,Остальные,Web manga,Дебют
49438,2,0.9432,Isekai Yakkyoku,Надёжный просмотр,Light novel,Дебют
49470,2,0.9093,Mamahaha no Tsurego ga Motokano datta,Надёжный просмотр,Light novel,Дебют
49505,2,0.9126,Deji Meets Girl,Остальные,Original,Дебют
49514,2,0.6268,Gensou Sangokushi: Tengen Reishinki,Остальные,Game,Дебют
49520,2,0.9048,Aharen-san wa Hakarenai,Флагманы,Manga,Дебют
49551,2,0.8744,Hanabi-chan wa Okuregachi,Надёжный просмотр,Manga,Дебют
49612,2,0.8934,Ningen Fushin no Boukensha-tachi ga Sekai wo Sukuu you desu,Надёжный просмотр,Light novel,Дебют
49692,2,0.8814,Heroine Tarumono! Kiraware Heroine to Naisho no Oshigoto,Остальные,Music,Дебют
49721,2,0.9228,Karakai Jouzu no Takagi-san 3,Флагманы,Manga,Продолжение
49766,2,0.8355,Under Ninja,Остальные,Manga,Дебют
49776,2,0.9005,Kumichou Musume to Sewagakari,Надёжный просмотр,Web manga,Дебют
49782,2,0.923,Shadows House 2nd Season,Остальные,Manga,Продолжение
49820,2,0.8165,Cardfight!! Vanguard: will+Dress Season 2,Остальные,Original,Продолжение
49828,2,0.9214,Kidou Senshi Gundam: Suisei no Majo,Флагманы,Original,Дебют
49831,2,0.7589,Black★★Rock Shooter: Dawn Fall,Нишевые любимчики,Other,Дебют
49849,2,0.8969,Shinmai Renkinjutsushi no Tenpo Keiei,Надёжный просмотр,Light novel,Дебют
49858,2,0.8942,Shinigami Bocchan to Kuro Maid 2nd Season,Остальные,Web manga,Продолжение
49891,2,0.925,Tensei shitara Ken deshita,Флагманы,Light novel,Дебют
49894,2,0.8782,Eiyuu Kyoushitsu,Надёжный просмотр,Light novel,Дебют
49969,2,0.789,Tribe Nine,Остальные,Mixed media,Дебют
49979,2,0.9229,Akuyaku Reijou nanode Last Boss wo Kattemimashita,Надёжный просмотр,Light novel,Дебют
49980,2,0.885,Sugar Apple Fairy Tale,Нишевые любимчики,Light novel,Дебют
49981,2,0.7795,"Kimi to Boku no Saigo no Senjou, Aruiwa Sekai ga Hajimaru Seisen Season II",Остальные,Light novel,Продолжение
50010,2,0.8946,Meitantei Conan: Hannin no Hanzawa-san,Надёжный просмотр,Manga,Дебют
50172,2,0.9435,Mob Psycho 100 III,Флагманы,Web manga,Продолжение
50175,2,0.9212,"Yuusha, Yamemasu",Надёжный просмотр,Light novel,Дебют
50184,2,0.899,Seiken Gakuin no Makentsukai,Надёжный просмотр,Light novel,Дебют
50185,2,0.8972,Ryman's Club,Нишевые любимчики,Original,Дебют
50197,2,0.9199,"Ijiranaide, Nagatoro-san 2nd Attack",Нишевые любимчики,Web manga,Продолжение
50203,2,0.9337,Love Live! Superstar!! 2nd Season,Нишевые любимчики,Other,Продолжение
50204,2,0.8395,Tokyo 24-ku,Остальные,Original,Дебют
50220,2,0.8594,Isekai Shoukan wa Nidome desu,Надёжный просмотр,Light novel,Дебют
50221,2,0.8308,Shine Post,Остальные,Mixed media,Дебют
50265,2,0.964,Spy x Family,Флагманы,Manga,Дебют
50273,2,0.9366,Tomodachi Game,Флагманы,Manga,Дебют
50284,2,0.6793,Technoroid: Overmind,Остальные,Mixed media,Дебют
50285,2,0.615,On Air Dekinai!,Остальные,Manga,Дебют
50287,2,0.9004,Kyuuketsuki Sugu Shinu 2,Остальные,Manga,Продолжение
50306,2,0.9044,Seirei Gensouki 2,Нишевые любимчики,Light novel,Продолжение
50307,2,0.8873,Tonikaku Kawaii 2nd Season,Нишевые любимчики,Manga,Продолжение
50348,2,0.891,Peter Grill to Kenja no Jikan: Super Extra,Остальные,Manga,Продолжение
50380,2,0.9193,Paripi Koumei,Флагманы,Web manga,Дебют
50384,2,0.8589,Mononogatari,Остальные,Manga,Дебют
50392,2,0.8682,Mato Seihei no Slave,Нишевые любимчики,Manga,Дебют
50416,2,0.9197,Skip to Loafer,Флагманы,Manga,Дебют
50425,2,0.9318,"Fuufu Ijou, Koibito Miman.",Флагманы,Manga,Дебют
50461,2,0.9368,Otome Game Sekai wa Mob ni Kibishii Sekai desu,Флагманы,Light novel,Дебют
50481,2,0.9186,"Eiyuuou, Bu wo Kiwameru Tame Tenseisu: Soshite, Sekai Saikyou no Minarai Kishi♀",Надёжный просмотр,Light novel,Дебют
50583,2,0.8111,Buta no Liver wa Kanetsu Shiro,Остальные,Light novel,Дебют
50606,2,0.7702,Ayakashi Triangle,Остальные,Manga,Дебют
50631,2,0.9388,"Komi-san wa, Comyushou desu. 2nd Season",Флагманы,Manga,Продолжение
50638,2,0.8575,Muv-Luv Alternative 2nd Season,Остальные,Visual novel,Продолжение
50652,2,0.8671,Tsundere Akuyaku Reijou Liselotte to Jikkyou no Endou-kun to Kaisetsu no Kobayashi-san,Остальные,Light novel,Дебют
50664,2,0.8748,Saihate no Paladin: Tetsusabi no Yama no Ou,Остальные,Light novel,Продолжение
50678,2,0.8947,Kyoukai Senki Part 2,Остальные,Original,Продолжение
50685,2,0.8718,Kaginado Season 2,Остальные,Original,Продолжение
50695,2,0.9102,MF Ghost,Флагманы,Manga,Дебют
50738,2,0.8352,"Slime Taoshite 300-nen, Shiranai Uchi ni Level Max ni Nattemashita: Sono Ni",Остальные,Light novel,Продолжение
50739,2,0.9332,Otonari no Tenshi-sama ni Itsunomanika Dame Ningen ni Sareteita Ken,Флагманы,Light novel,Дебют
50760,2,0.7113,Teppen!!!!!!!!!!!!!!!,Остальные,Manga,Дебют
50854,2,0.9033,"Benriya Saitou-san, Isekai ni Iku",Надёжный просмотр,Web manga,Дебют
50862,2,0.7519,Estab-Life: Great Escape,Остальные,Mixed media,Дебют
50871,2,0.7037,Alice Gear Aegis Expansion,Остальные,Game,Дебют
50917,2,0.7899,Prima Doll,Остальные,Mixed media,Дебют
50923,2,0.8911,Mushikaburi-hime,Нишевые любимчики,Light novel,Дебют
50985,2,0.7251,Chimimo,Нишевые любимчики,Original,Дебют
50999,2,0.7847,Extreme Hearts,Остальные,Original,Дебют
51064,2,0.9396,Kuro no Shoukanshi,Надёжный просмотр,Light novel,Дебют
51092,2,0.7987,Yuurei Deco,Остальные,Original,Дебют
51098,2,0.8638,Shinobi no Ittoki,Остальные,Original,Дебют
51105,2,0.7748,NieR:Automata Ver1.1a,Нишевые любимчики,Game,Дебют
51128,2,0.8816,Noumin Kanren no Skill bakka Agetetara Nazeka Tsuyoku Natta.,Надёжный просмотр,Light novel,Дебют
51139,2,0.6427,Kizuna no Allele,Остальные,Original,Дебют
51179,2,0.9642,Mushoku Tensei II: Isekai Ittara Honki Dasu,Флагманы,Light novel,Дебют
51212,2,0.8587,Futoku no Guild,Остальные,Manga,Дебют
51213,2,0.8989,Kinsou no Vermeil: Gakeppuchi Majutsushi wa Saikyou no Yakusai to Mahou Sekai wo Tsukisusumu,Флагманы,Manga,Дебют
51215,2,0.9088,Seijo no Maryoku wa Bannou desu Season 2,Надёжный просмотр,Light novel,Продолжение
51219,2,0.8306,Isekai One Turn Kill Neesan: Ane Douhan no Isekai Seikatsu Hajimemashita,Остальные,Manga,Дебют
51252,2,0.7935,Spy Kyoushitsu,Остальные,Light novel,Дебют
51265,2,0.8416,Inu ni Nattara Suki na Hito ni Hirowareta.,Остальные,Web manga,Дебют
51368,2,0.9117,Orient: Awajishima Gekitou-hen,Надёжный просмотр,Manga,Продолжение
51371,2,0.7945,Bucchigire!,Остальные,Original,Дебют
51381,2,0.8557,RWBY: Hyousetsu Teikoku,Нишевые любимчики,Other,Дебют
51403,2,0.8802,Renai Flops,Остальные,Original,Дебют
51415,2,0.6531,Opus.COLORs,Остальные,Original,Дебют
51458,2,0.8692,Lv1 Maou to One Room Yuusha,Надёжный просмотр,Web manga,Дебют
51462,2,0.9309,Isekai Nonbiri Nouka,Флагманы,Light novel,Дебют
51495,2,0.9002,Shin Shinka no Mi: Shiranai Uchi ni Kachigumi Jinsei,Надёжный просмотр,Light novel,Дебют
51498,2,0.8916,Masamune-kun no Revenge R,Остальные,Manga,Продолжение
51536,2,0.8695,The iDOLM@STER Cinderella Girls: U149,Нишевые любимчики,Web manga,Дебют
51552,2,0.9363,Watashi no Shiawase na Kekkon,Флагманы,Novel,Дебют
51586,2,0.8711,D4DJ All Mix,Нишевые любимчики,Mixed media,Дебют
51632,2,0.8712,Isekai wa Smartphone to Tomo ni. 2,Флагманы,Light novel,Продолжение
51648,2,0.9382,Nozomanu Fushi no Boukensha,Надёжный просмотр,Light novel,Дебют
51678,2,0.8804,Oniichan wa Oshimai!,Флагманы,Manga,Дебют
51693,2,0.893,Kaminaki Sekai no Kamisama Katsudou,Надёжный просмотр,Manga,Дебют
51705,2,0.879,Otonari ni Ginga,Остальные,Manga,Дебют
51706,2,0.8546,Yuusha ga Shinda!,Надёжный просмотр,Web manga,Дебют
51711,2,0.9232,Hyouken no Majutsushi ga Sekai wo Suberu,Надёжный просмотр,Light novel,Дебют
51764,2,0.918,Level 1 dakedo Unique Skill de Saikyou desu,Надёжный просмотр,Light novel,Дебют
51815,2,0.8758,Kubo-san wa Mob wo Yurusanai,Нишевые любимчики,Manga,Дебют
51817,2,0.818,Watashi no Yuri wa Oshigoto desu!,Остальные,Manga,Дебют
51818,2,0.8852,Enen no Shouboutai: San no Shou,Нишевые любимчики,Manga,Продолжение
51923,2,0.7394,Warau Arsnotoria Sun!,Остальные,Game,Дебют
51956,2,0.7824,Paradox Live the Animation,Нишевые любимчики,Mixed media,Дебют
51958,2,0.8873,Kono Subarashii Sekai ni Bakuen wo!,Остальные,Light novel,Дебют
51986,2,0.929,Pui Pui Molcar: Driving School,Надёжный просмотр,Original,Продолжение
52081,2,0.8337,Edomae Elf,Остальные,Manga,Дебют
52082,2,0.8513,Shiro Seijo to Kuro Bokushi,Остальные,4-koma manga,Дебют
52092,2,0.8514,My Home Hero,Остальные,Manga,Дебют
52093,2,0.8664,Trigun Stampede,Нишевые любимчики,Manga,Дебют
52173,2,0.8639,Koori Zokusei Danshi to Cool na Douryou Joshi,Остальные,Web manga,Дебют
52193,2,0.8823,Akiba Meido Sensou,Нишевые любимчики,Original,Дебют
52196,2,0.8944,Date A Live V,Нишевые любимчики,Light novel,Продолжение
52211,2,0.9463,Mashle,Флагманы,Manga,Дебют
52229,2,0.9255,Birdie Wing: Golf Girls' Story Season 2,Остальные,Original,Продолжение
52299,2,0.9618,Ore dake Level Up na Ken,Флагманы,Web manga,Дебют
52308,2,0.918,Kanojo ga Koushaku-tei ni Itta Riyuu,Флагманы,Web manga,Дебют
52359,2,0.9063,Isekai de Mofumofu Nadenade suru Tame ni Ganbattemasu.,Надёжный просмотр,Light novel,Дебют
52367,2,0.8818,Isekai Shikkaku,Надёжный просмотр,Web manga,Дебют
52381,2,0.8592,Aru Asa Dummy Head Mic ni Natteita Ore-kun no Jinsei,Остальные,Original,Дебют
52405,2,0.6647,Highspeed Etoile,Остальные,Original,Дебют
52446,2,0.9146,Kaiko sareta Ankoku Heishi (30-dai) no Slow na Second Life,Надёжный просмотр,Light novel,Дебют
52461,2,0.8996,Rougo ni Sonaete Isekai de 8-manmai no Kinka wo Tamemasu,Надёжный просмотр,Light novel,Дебют
52481,2,0.8891,Gimai Seikatsu,Нишевые любимчики,Light novel,Дебют
52482,2,0.8934,Sasaki to Pii-chan,Надёжный просмотр,Light novel,Дебют
52578,2,0.9199,Boku no Kokoro no Yabai Yatsu,Флагманы,Manga,Дебют
52588,2,0.9547,Kaijuu 8-gou,Флагманы,Manga,Дебют
52608,2,0.9226,Tensei Kizoku no Isekai Boukenroku: Jichou wo Shiranai Kamigami no Shito,Надёжный просмотр,Light novel,Дебют
52611,2,0.9242,Okashi na Tensei,Надёжный просмотр,Light novel,Дебют
52619,2,0.8932,Jidou Hanbaiki ni Umarekawatta Ore wa Meikyuu wo Samayou,Надёжный просмотр,Light novel,Дебют
52709,2,0.8666,"Danjo no Yuujou wa Seiritsu suru? (Iya, Shinai!!)",Остальные,Light novel,Дебют
52736,2,0.916,Tensei Oujo to Tensai Reijou no Mahou Kakumei,Флагманы,Light novel,Дебют
52816,2,0.8466,Majo to Yajuu,Нишевые любимчики,Manga,Дебют
52934,2,0.8646,"Konyaku Haki sareta Reijou wo Hirotta Ore ga, Ikenai Koto wo Oshiekomu",Остальные,Light novel,Дебют
52955,2,0.8942,Mahoutsukai no Yome Season 2,Остальные,Manga,Продолжение
52962,2,0.9162,"Tearmoon Teikoku Monogatari: Dantoudai kara Hajimaru, Hime no Tensei Gyakuten Story",Надёжный просмотр,Light novel,Дебют
52969,2,0.9231,"Jitsu wa Ore, Saikyou deshita?",Надёжный просмотр,Light novel,Дебют
52973,2,0.8876,Megami no Café Terrace,Надёжный просмотр,Manga,Дебют
52985,2,0.8119,Dekoboko Majo no Oyako Jijou,Остальные,4-koma manga,Дебют
52990,2,0.8875,"Keikenzumi na Kimi to, Keiken Zero na Ore ga, Otsukiai suru Hanashi.",Флагманы,Light novel,Дебют
53012,2,0.7764,Human Bug Daigaku,Остальные,Web manga,Дебют
53026,2,0.8019,Synduality: Noir,Остальные,Mixed media,Дебют
53033,2,0.8374,Mecha-ude (TV),Остальные,Original,Дебют
53040,2,0.9126,Kanojo mo Kanojo Season 2,Надёжный просмотр,Manga,Продолжение
53050,2,0.9203,"Kanojo, Okarishimasu 3rd Season",Надёжный просмотр,Manga,Продолжение
53065,2,0.8759,Sono Bisque Doll wa Koi wo Suru Season 2,Нишевые любимчики,Manga,Продолжение
53077,2,0.8794,Nijiyon Animation,Остальные,4-koma manga,Дебют
53097,2,0.8808,Tokyo Mew Mew New ♡ 2nd Season,Остальные,Manga,Продолжение
53132,2,0.8036,UniteUp!,Нишевые любимчики,Music,Дебют
53162,2,0.7599,Majutsushi Orphen Hagure Tabi: Urbanrama-hen,Остальные,Light novel,Продолжение
53163,2,0.8137,Kawaisugi Crisis,Остальные,Manga,Дебют
53179,2,0.8173,Ars no Kyojuu,Остальные,Original,Дебют
53199,2,0.9456,Kidou Senshi Gundam: Suisei no Majo Season 2,Флагманы,Original,Продолжение
53200,2,0.8841,Hataraku Maou-sama!! 2nd Season,Остальные,Light novel,Продолжение
53213,2,0.8183,Revenger,Остальные,Original,Дебют
53237,2,0.8309,Shy,Остальные,Manga,Дебют
53262,2,0.8123,Hoshikuzu Telepath,Нишевые любимчики,4-koma manga,Дебют
53263,2,0.9257,"Seija Musou: Salaryman, Isekai de Ikinokoru Tame ni Ayumu Michi",Надёжный просмотр,Light novel,Дебют
53287,2,0.8979,Love Live! Superstar!! 3rd Season,Нишевые любимчики,Other,Продолжение
53356,2,0.8511,Shuumatsu Train Doko e Iku?,Остальные,Original,Дебют
53379,2,0.829,Uchi no Kaisha no Chiisai Senpai no Hanashi,Остальные,Web manga,Дебют
53397,2,0.865,Tsuyokute New Saga,Остальные,Light novel,Дебют
53407,2,0.8836,Bartender: Kami no Glass,Остальные,Manga,Дебют
53410,2,0.8932,Yuru Camp△ Season 3,Нишевые любимчики,Manga,Продолжение
53411,2,0.9155,Buddy Daddies,Флагманы,Original,Дебют
53421,2,0.8978,Dosanko Gal wa Namara Menkoi,Надёжный просмотр,Manga,Дебют
53426,2,0.8406,Hyakushou Kizoku,Остальные,Manga,Дебют
53428,2,0.7947,Ayaka,Остальные,Original,Дебют
53434,2,0.9265,"Maou no Ore ga Dorei Elf wo Yome ni Shitanda ga, Dou Medereba Ii?",Надёжный просмотр,Light novel,Дебют
53438,2,0.9137,Higeki no Genkyou to Naru Saikyou Gedou Last Boss Joou wa Tami no Tame ni Tsukushimasu.,Надёжный просмотр,Light novel,Дебют
53439,2,0.9327,Boushoku no Berserk,Надёжный просмотр,Light novel,Дебют
53446,2,0.9415,Tondemo Skill de Isekai Hourou Meshi,Флагманы,Light novel,Дебют
53488,2,0.8795,"Shin no Nakama ja Nai to Yuusha no Party wo Oidasareta node, Henkyou de Slow Life suru Koto ni Shimashita 2nd",Надёжный просмотр,Light novel,Продолжение
53516,2,0.9275,"Tensei shitara Dainana Ouji Datta node, Kimama ni Majutsu wo Kiwamemasu",Надёжный просмотр,Light novel,Дебют
53587,2,0.6968,The Marginal Service,Остальные,Original,Дебют
53590,2,0.9059,Saijaku Tamer wa Gomi Hiroi no Tabi wo Hajimemashita.,Надёжный просмотр,Light novel,Дебют
53613,2,0.9089,Dead Mount Death Play,Надёжный просмотр,Manga,Дебют
53632,2,0.8988,Yumemiru Danshi wa Genjitsushugisha,Надёжный просмотр,Light novel,Дебют
53633,2,0.7448,Bullbuster,Остальные,Mixed media,Дебют
53698,2,0.8116,World Dai Star,Остальные,Mixed media,Дебют
53723,2,0.8616,Acro Trip,Остальные,Manga,Дебют
53730,2,0.9092,"Sokushi Cheat ga Saikyou sugite, Isekai no Yatsura ga Marude Aite ni Naranai n desu ga.",Надёжный просмотр,Light novel,Дебют
53770,2,0.8884,Sentai Daishikkaku,Остальные,Manga,Дебют
53787,2,0.8204,AI no Idenshi,Остальные,Manga,Дебют
53833,2,0.9105,Watashi no Oshi wa Akuyaku Reijou.,Флагманы,Light novel,Дебют
53835,2,0.8646,Unnamed Memory,Остальные,Light novel,Дебют
53887,2,0.9378,Spy x Family Season 2,Флагманы,Manga,Продолжение
53889,2,0.8612,Ao no Exorcist: Shimane Illuminati-hen,Остальные,Manga,Продолжение
53912,2,0.8501,Seiyuu Radio no Uraomote,Остальные,Light novel,Дебют
53924,2,0.8623,Jibaku Shounen Hanako-kun 2,Нишевые любимчики,Manga,Продолжение
54028,2,0.7687,Turkey!,Остальные,Original,Дебют
54103,2,0.8638,Hikikomari Kyuuketsuki no Monmon,Нишевые любимчики,Light novel,Дебют
54112,2,0.9139,Zom 100: Zombie ni Naru made ni Shitai 100 no Koto,Флагманы,Manga,Дебют
54199,2,0.8337,Kaii to Otome to Kamikakushi,Остальные,Web manga,Дебют
54233,2,0.8066,Sasayaku You ni Koi wo Utau,Нишевые любимчики,Manga,Дебют
54259,2,0.8494,Rokudou no Onna-tachi,Остальные,Manga,Дебют
54265,2,0.8573,Kekkon Yubiwa Monogatari,Надёжный просмотр,Manga,Дебют
54275,2,0.8736,Temple,Остальные,Web manga,Дебют
54284,2,0.8061,VTuber Nandaga Haishin Kiri Wasuretara Densetsu ni Natteta,Остальные,Light novel,Дебют
54301,2,0.8657,Overtake!,Нишевые любимчики,Original,Дебют
54309,2,0.7963,Blue Archive the Animation,Нишевые любимчики,Game,Дебют
54362,2,0.8894,Hametsu no Oukoku,Остальные,Manga,Дебют
54431,2,0.8916,Toaru Ossan no VRMMO Katsudouki,Надёжный просмотр,Light novel,Дебют
54449,2,0.8,Ishura,Остальные,Light novel,Дебют
54595,2,0.9518,Kage no Jitsuryokusha ni Naritakute! 2nd Season,Флагманы,Light novel,Продолжение
54616,2,0.9075,Potion-danomi de Ikinobimasu!,Надёжный просмотр,Light novel,Дебют
54617,2,0.8175,Kyuujitsu no Warumono-san,Остальные,Web manga,Дебют
54632,2,0.9188,Gekai Elise,Надёжный просмотр,Web manga,Дебют
54638,2,0.7132,Kawagoe Boys Sing,Остальные,Original,Дебют
54714,2,0.9103,Kimi no Koto ga Daidaidaidaidaisuki na 100-nin no Kanojo,Флагманы,Manga,Дебют
54716,2,0.7954,Kibou no Chikara: Otona Precure '23,Остальные,Original,Дебют
54717,2,0.8352,Mahoutsukai Precure!! Mirai Days,Остальные,Original,Продолжение
54724,2,0.8741,Nige Jouzu no Wakagimi,Остальные,Manga,Дебют
54726,2,0.848,"Tsuma, Shougakusei ni Naru.",Остальные,Manga,Дебют
54738,2,0.7894,Majutsushi Orphen Hagure Tabi: Seiiki-hen,Остальные,Light novel,Продолжение
54743,2,0.9196,Dead Mount Death Play Part 2,Надёжный просмотр,Manga,Продолжение
54744,2,0.9306,Tokidoki Bosotto Russia-go de Dereru Tonari no Alya-san,Флагманы,Light novel,Дебют
54758,2,0.8066,The iDOLM@STER Shiny Colors,Остальные,Game,Продолжение
54760,2,0.7811,Ryza no Atelier: Tokoyami no Joou to Himitsu no Kakurega,Остальные,Game,Дебют
54769,2,0.6535,Sousei no Aquarion: Myth of Emotions,Остальные,Original,Дебют
54798,2,0.7146,Kamierabi,Остальные,Original,Дебют
54837,2,0.944,Akuyaku Reijou Level 99: Watashi wa Ura-Boss desu ga Maou dewa Arimasen,Надёжный просмотр,Light novel,Дебют
54839,2,0.8584,Yoru no Kurage wa Oyogenai,Нишевые любимчики,Original,Дебют
54842,2,0.9224,Sugar Apple Fairy Tale Part 2,Надёжный просмотр,Light novel,Продолжение
54852,2,0.9235,Kikansha no Mahou wa Tokubetsu desu,Надёжный просмотр,Web manga,Дебют
54853,2,0.8953,Maou 2099,Надёжный просмотр,Light novel,Дебют
54855,2,0.8074,Senpai wa Otokonoko,Остальные,Web manga,Дебют
54859,2,0.6976,Rinkai!,Остальные,Mixed media,Дебют
54869,2,0.8825,High Card Season 2,Остальные,Mixed media,Продолжение
54883,2,0.9183,Mononogatari 2nd Season,Надёжный просмотр,Manga,Продолжение
54913,2,0.9335,"Shinmai Ossan Boukensha, Saikyou Party ni Shinu hodo Kitaerarete Muteki ni Naru.",Надёжный просмотр,Light novel,Дебют
54914,2,0.601,Bikkurimen,Остальные,Other,Дебют
54947,2,0.8921,Spy Kyoushitsu 2nd Season,Остальные,Light novel,Продолжение
54968,2,0.8437,Giji Harem,Нишевые любимчики,Web manga,Дебют
55129,2,0.8357,Oroka na Tenshi wa Akuma to Odoru,Остальные,Manga,Дебют
55150,2,0.9006,Yarinaoshi Reijou wa Ryuutei Heika wo Kouryakuchuu,Надёжный просмотр,Light novel,Дебют
55153,2,0.8522,Yuzuki-san Chi no Yonkyoudai.,Остальные,Manga,Дебют
55265,2,0.9292,"Tensei Kizoku, Kantei Skill de Nariagaru",Надёжный просмотр,Light novel,Дебют
55310,2,0.8631,Atarashii Joushi wa Do Tennen,Нишевые любимчики,Web manga,Дебют
55358,2,0.8904,Bucchigiri?!,Остальные,Original,Дебют
55397,2,0.7403,Pon no Michi,Остальные,Original,Дебют
55514,2,0.7986,Zatsu Tabi: That's Journey,Остальные,Manga,Дебют
55528,2,0.8244,Yuuki Bakuhatsu Bang Bravern,Нишевые любимчики,Original,Дебют
55597,2,0.8476,Hananoi-kun to Koi no Yamai,Остальные,Manga,Дебют
55710,2,0.5571,Hana-Doll*: Reinterpretation of Flowering,Остальные,Mixed media,Дебют
55717,2,0.824,Dekisokonai to Yobareta Motoeiyuu wa Jikka kara Tsuihou sareta node Sukikatte ni Ikiru Koto ni Shita,Остальные,Light novel,Дебют
55742,2,0.9202,Mahoutsukai no Yome Season 2 Part 2,Остальные,Manga,Продолжение
55749,2,0.902,Megami no Café Terrace 2nd Season,Остальные,Manga,Продолжение
55774,2,0.8017,"Himesama ""Goumon"" no Jikan desu",Остальные,Manga,Дебют
55775,2,0.8262,Kizuna no Allele Season 2,Остальные,Original,Продолжение
55813,2,0.9502,Mashle: Shinkakusha Kouho Senbatsu Shiken-hen,Надёжный просмотр,Manga,Продолжение
55823,2,0.8605,Natsume Yuujinchou Shichi,Нишевые любимчики,Manga,Продолжение
55842,2,0.7981,Okinawa de Suki ni Natta Ko ga Hougen Sugite Tsurasugiru,Остальные,Web manga,Дебют
55844,2,0.8534,Tasogare Out Focus,Нишевые любимчики,Manga,Дебют
55866,2,0.8944,Yubisaki to Renren,Флагманы,Manga,Дебют
55877,2,0.8771,Henjin no Salad Bowl,Остальные,Light novel,Дебют
55887,2,0.8732,"Kekkon suru tte, Hontou desu ka",Остальные,Manga,Дебют
55888,2,0.9545,Mushoku Tensei II: Isekai Ittara Honki Dasu Part 2,Флагманы,Light novel,Продолжение
55894,2,0.7677,Bokura no Ame-iro Protocol,Остальные,Original,Дебют
55973,2,0.8954,30-sai made Doutei dato Mahoutsukai ni Nareru Rashii,Флагманы,Manga,Дебют
55994,2,0.8468,Sword Art Online Alternative: Gun Gale Online II,Остальные,Light novel,Продолжение
55996,2,0.8245,Koi wa Futago de Warikirenai,Остальные,Light novel,Дебют
55997,2,0.8866,"Guild no Uketsukejou desu ga, Zangyou wa Iya nanode Boss wo Solo Toubatsu Shiyou to Omoimasu",Надёжный просмотр,Light novel,Дебют
55998,2,0.7767,Momochi-san Chi no Ayakashi Ouji,Остальные,Manga,Дебют
56062,2,0.8789,Naze Boku no Sekai wo Daremo Oboeteinai no ka?,Остальные,Light novel,Дебют
56063,2,0.8879,NieR:Automata Ver1.1a Part 2,Остальные,Game,Продолжение
56135,2,0.7793,UniteUp! Uni:Birth,Нишевые любимчики,Music,Продолжение
56165,2,0.8553,Boukyaku Battery (TV),Нишевые любимчики,Manga,Дебют
56348,2,0.8637,Dungeon no Naka no Hito,Остальные,Web manga,Дебют
56352,2,0.9342,"Loop 7-kaime no Akuyaku Reijou wa, Moto Tekikoku de Jiyuu Kimama na Hanayome Seikatsu wo Mankitsu suru",Флагманы,Light novel,Дебют
56400,2,0.845,"Maou-sama, Retry! R",Остальные,Web manga,Продолжение
56449,2,0.8637,Madougushi Dahliya wa Utsumukanai,Остальные,Light novel,Дебют
56461,2,0.6807,Hamidashi Creative,Остальные,Visual novel,Дебют
56690,2,0.9284,Re:Monster,Надёжный просмотр,Light novel,Дебют
56691,2,0.6386,Gekkan Mousou Kagaku,Остальные,Original,Дебют
56700,2,0.8347,Jidou Hanbaiki ni Umarekawatta Ore wa Meikyuu wo Samayou 2nd Season,Остальные,Light novel,Продолжение
56731,2,0.8778,Synduality: Noir Part 2,Остальные,Mixed media,Продолжение
56738,2,0.9113,Shinigami Bocchan to Kuro Maid 3rd Season,Остальные,Web manga,Продолжение
56768,2,0.8266,"Tadaima, Okaeri",Нишевые любимчики,Manga,Дебют
56838,2,0.8614,"One Room, Hiatari Futsuu, Tenshi-tsuki.",Остальные,Manga,Дебют
56843,2,0.8619,Goukon ni Ittara Onna ga Inakatta Hanashi,Нишевые любимчики,Web manga,Дебют
56845,2,0.8877,"Saikyou Tank no Meikyuu Kouryaku: Tairyoku 9999 no Rare Skill-mochi Tank, Yuusha Party wo Tsuihou sareru",Надёжный просмотр,Manga,Дебют
56907,2,0.8625,Koujo Denka no Kateikyoushi,Остальные,Light novel,Дебют
56923,2,0.9386,Lv2 kara Cheat datta Motoyuusha Kouho no Mattari Isekai Life,Надёжный просмотр,Light novel,Дебют
56964,2,0.873,Raise wa Tanin ga Ii,Остальные,Manga,Дебют
56967,2,0.8286,Kamierabi 2nd Season,Остальные,Original,Продолжение
57031,2,0.8308,Vampire Dormitory,Остальные,Manga,Дебют
57050,2,0.8321,Kisaki Kyouiku kara Nigetai Watashi,Остальные,Manga,Дебют
57058,2,0.93,"Ore wa Subete wo ""Parry"" suru: Gyaku Kanchigai no Sekai Saikyou wa Boukensha ni Naritai",Надёжный просмотр,Light novel,Дебют
57099,2,0.7626,Na Nare Hana Nare,Остальные,Original,Дебют
57100,2,0.914,The New Gate,Надёжный просмотр,Light novel,Дебют
57152,2,0.653,Mahoutsukai no Yakusoku,Остальные,Game,Дебют
57217,2,0.8575,Katsute Mahou Shoujo to Aku wa Tekitai shiteita.,Остальные,Manga,Дебют
57315,2,0.8304,"Meitou ""Isekai no Yu"" Kaitakuki: Around 40 Onsen Mania no Tensei Saki wa, Nonbiri Onsen Tengoku deshita",Остальные,Light novel,Дебют
57325,2,0.7892,Ramen Akaneko,Остальные,Manga,Дебют
57334,2,0.9426,Dandadan,Флагманы,Manga,Дебют
57360,2,0.837,Kabushikigaisha Magi-Lumière,Остальные,Manga,Дебют
57362,2,0.862,Hoshifuru Oukoku no Nina,Нишевые любимчики,Manga,Дебют
57380,2,0.9028,Isekai Yururi Kikou: Kosodateshinagara Boukensha Shimasu,Надёжный просмотр,Light novel,Дебют
57391,2,0.8068,Astro Note,Остальные,Original,Дебют
57517,2,0.7817,Puniru wa Kawaii Slime,Остальные,Manga,Дебют
57524,2,0.9184,Make Heroine ga Oosugiru!,Флагманы,Light novel,Дебют
57559,2,0.9328,MF Ghost 2nd Season,Надёжный просмотр,Manga,Продолжение
57562,2,0.8516,Hyakushou Kizoku 2nd Season,Остальные,Manga,Продолжение
57567,2,0.8719,Shy 2nd Season,Остальные,Manga,Продолжение
57592,2,0.9301,Dr. Stone: Science Future,Надёжный просмотр,Manga,Продолжение
57611,2,0.8518,Kimi wa Meido-sama.,Остальные,Web manga,Дебют
57616,2,0.9147,Kimi no Koto ga Daidaidaidaidaisuki na 100-nin no Kanojo 2nd Season,Нишевые любимчики,Manga,Продолжение
57623,2,0.9147,Nijiyon Animation 2,Остальные,4-koma manga,Продолжение
57646,2,0.8836,Mob kara Hajimaru Tansaku Eiyuutan,Надёжный просмотр,Light novel,Дебют
57648,2,0.8749,Nihon e Youkoso Elf-san.,Остальные,Light novel,Дебют
57719,2,0.8965,Akuyaku Reijou Tensei Ojisan,Надёжный просмотр,Manga,Дебют
57820,2,0.6283,Kamitsubaki-shi Kensetsuchuu.,Остальные,Other,Дебют
57845,2,0.8089,Elf-san wa Yaserarenai.,Остальные,Web manga,Дебют
57876,2,0.8814,Maougun Saikyou no Majutsushi wa Ningen datta,Надёжный просмотр,Manga,Дебют
57891,2,0.9123,Hitoribocchi no Isekai Kouryaku,Надёжный просмотр,Light novel,Дебют
57892,2,0.9333,"Hazurewaku no ""Joutai Ijou Skill"" de Saikyou ni Natta Ore ga Subete wo Juurin suru made",Надёжный просмотр,Light novel,Дебют
57907,2,0.8668,Tate no Yuusha no Nariagari Season 4,Остальные,Light novel,Продолжение
57944,2,0.8917,"Party kara Tsuihou sareta Sono Chiyushi, Jitsu wa Saikyou ni Tsuki",Надёжный просмотр,Light novel,Дебют
57947,2,0.8425,Mayonaka Punch,Остальные,Original,Дебют
58059,2,0.9285,Tsue to Tsurugi no Wistoria,Надёжный просмотр,Manga,Дебют
58066,2,0.7983,Sorairo Utility (TV),Остальные,Original,Дебют
58080,2,0.8774,Kenka Dokugaku,Надёжный просмотр,Web manga,Дебют
58131,2,0.8782,Shiunji-ke no Kodomotachi,Остальные,Manga,Дебют
58173,2,0.7864,Mahoutsukai ni Narenakatta Onnanoko no Hanashi,Остальные,Novel,Дебют
58197,2,0.6879,Nyaight of the Living Cat,Остальные,Manga,Дебют
58216,2,0.8101,Übel Blatt,Остальные,Manga,Дебют
58259,2,0.7478,"Douse, Koishite Shimaunda.",Остальные,Manga,Дебют
58265,2,0.762,Babanbabanban Vampire,Остальные,Manga,Дебют
58271,2,0.8409,Honey Lemon Soda,Остальные,Manga,Дебют
58272,2,0.819,Boku no Tsuma wa Kanjou ga Nai,Остальные,Manga,Дебют
58302,2,0.8373,The iDOLM@STER Shiny Colors 2nd Season,Остальные,Game,Продолжение
58359,2,0.8883,"Isshun de Chiryou shiteita noni Yakutatazu to Tsuihou sareta Tensai Chiyushi, Yami Healer toshite Tanoshiku Ikiru",Надёжный просмотр,Light novel,Дебют
58390,2,0.8114,Yofukashi no Uta Season 2,Нишевые любимчики,Manga,Продолжение
58426,2,0.8326,Shikanoko Nokonoko Koshitantan,Нишевые любимчики,Manga,Дебют
58437,2,0.9175,"Botsuraku Yotei no Kizoku dakedo, Hima Datta kara Mahou wo Kiwametemita",Надёжный просмотр,Light novel,Дебют
58445,2,0.8888,"Sayounara Ryuusei, Konnichiwa Jinsei",Надёжный просмотр,Light novel,Дебют
58473,2,0.8503,"S-Rank Monster no ""Behemoth"" dakedo, Neko to Machigawarete Elf Musume no Pet toshite Kurashitemasu",Остальные,Manga,Дебют
58484,2,0.8797,Ishura 2nd Season,Остальные,Light novel,Продолжение
58492,2,0.8419,Mono,Остальные,4-koma manga,Дебют
58502,2,0.8557,Zenshuu.,Нишевые любимчики,Original,Дебют
58511,2,0.8724,Nanatsu no Taizai: Mokushiroku no Yonkishi 2nd Season,Остальные,Manga,Продолжение
58516,2,0.8901,Ao no Exorcist: Yuki no Hate-hen,Остальные,Manga,Продолжение
58600,2,0.8651,Ameku Takao no Suiri Karte,Остальные,Novel,Дебют
58614,2,0.8646,Teogonia,Остальные,Light novel,Дебют
58714,2,0.9117,"Saikyou no Shienshoku ""Wajutsushi"" de Aru Ore wa Sekai Saikyou Clan wo Shitagaeru",Надёжный просмотр,Light novel,Дебют
58725,2,0.8518,Ninja to Koroshiya no Futarigurashi,Остальные,Manga,Дебют
58822,2,0.9322,Izure Saikyou no Renkinjutsushi?,Надёжный просмотр,Light novel,Дебют
58833,2,0.7851,Kakushite! Makina-san!!,Остальные,Manga,Дебют
58853,2,0.8483,Kuroiwa Medaka ni Watashi no Kawaii ga Tsuujinai,Остальные,Manga,Дебют
58854,2,0.7564,Kinoko Inu,Остальные,Manga,Дебют
58913,2,0.7867,Hikaru ga Shinda Natsu,Нишевые любимчики,Web manga,Дебют
58926,2,0.7083,Egumi Legacy,Остальные,Card game,Дебют
58985,2,0.6964,0-saiji Start Dash Monogatari,Остальные,Manga,Дебют
59002,2,0.8934,"Hazure Skill ""Kinomi Master"": Skill no Mi (Tabetara Shinu) wo Mugen ni Taberareru You ni Natta Ken ni Tsuite",Надёжный просмотр,Manga,Дебют
59055,2,0.8051,"Hana wa Saku, Shura no Gotoku",Остальные,Manga,Дебют
59095,2,0.9097,"Tensei shitara Dainana Ouji Datta node, Kimama ni Majutsu wo Kiwamemasu 2nd Season",Остальные,Light novel,Продолжение
59113,2,0.6734,Farmagia,Остальные,Game,Дебют
59131,2,0.9149,"Tensei Kizoku, Kantei Skill de Nariagaru 2nd Season",Надёжный просмотр,Light novel,Продолжение
59135,2,0.8887,Class no Daikirai na Joshi to Kekkon suru Koto ni Natta.,Надёжный просмотр,Light novel,Дебют
59136,2,0.8124,Tasokare Hotel,Остальные,Game,Дебют
59142,2,0.8552,Unnamed Memory Act.2,Остальные,Light novel,Продолжение
59144,2,0.9043,"Fuguushoku ""Kanteishi"" ga Jitsu wa Saikyou Datta",Надёжный просмотр,Light novel,Дебют
59145,2,0.9044,Ranma ½ (2024),Флагманы,Manga,Дебют
59160,2,0.9132,Wind Breaker Season 2,Надёжный просмотр,Web manga,Продолжение
59161,2,0.7588,Bad Girl,Остальные,4-koma manga,Дебют
59169,2,0.803,Aru Majo ga Shinu Made,Остальные,Light novel,Дебют
59189,2,0.8821,Sentai Daishikkaku 2nd Season,Остальные,Manga,Продолжение
59205,2,0.8783,Clevatess: Majuu no Ou to Akago to Shikabane no Yuusha,Остальные,Web manga,Дебют
59207,2,0.8885,"Mikadono Sanshimai wa Angai, Choroi.",Остальные,Manga,Дебют
59226,2,0.9054,Ao no Exorcist: Yosuga-hen,Остальные,Manga,Продолжение
59265,2,0.8905,Magic Maker: Isekai Mahou no Tsukurikata,Надёжный просмотр,Light novel,Дебют
59277,2,0.818,"Kanojo, Okarishimasu 4th Season",Остальные,Manga,Продолжение
59322,2,0.8736,Shirobuta Kizoku desu ga Zense no Kioku ga Haeta node Hiyoko na Otouto Sodatemasu,Надёжный просмотр,Light novel,Дебют
59349,2,0.878,Salaryman ga Isekai ni Ittara Shitennou ni Natta Hanashi,Надёжный просмотр,Web manga,Дебют
59361,2,0.8185,Kono Kaisha ni Suki na Hito ga Imasu,Остальные,Manga,Дебют
59402,2,0.8244,Kakkou no Iinazuke Season 2,Остальные,Manga,Продолжение
59421,2,0.8699,Zutaboro Reijou wa Ane no Moto Konyakusha ni Dekiai sareru,Остальные,Light novel,Дебют
59424,2,0.8938,"Yuusha Party wo Tsuihou sareta Shiromadoushi, S-Rank Boukensha ni Hirowareru: Kono Shiromadoushi ga Kikakugai Sugiru",Остальные,Manga,Дебют
59425,2,0.8407,NegaPosi Angler,Остальные,Original,Дебют
59452,2,0.9042,"Katainaka no Ossan, Kensei ni Naru",Надёжный просмотр,Light novel,Дебют
59457,2,0.7777,"Haite Kudasai, Takamine-san",Нишевые любимчики,Manga,Дебют
59466,2,0.8752,Aharen-san wa Hakarenai Season 2,Остальные,Manga,Продолжение
59514,2,0.8243,Sentai Red Isekai de Boukensha ni Naru,Остальные,Manga,Дебют
59619,2,0.7699,Ame to Kimi to,Остальные,Manga,Дебют
59632,2,0.7818,Mattaku Saikin no Tantei to Kitara,Остальные,Manga,Дебют
59675,2,0.8504,Apocalypse Hotel,Нишевые любимчики,Original,Дебют
59689,2,0.7821,Game Center Shoujo to Ibunka Kouryuu,Остальные,Web manga,Дебют
59744,2,0.7162,Maebashi Witches,Остальные,Original,Дебют
59745,2,0.7891,Chotto dake Ai ga Omoi Dark Elf ga Isekai kara Oikaketekita,Остальные,Web manga,Дебют
59828,2,0.8987,Shoushimin Series 2nd Season,Нишевые любимчики,Novel,Продолжение
59935,2,0.8866,Gorilla no Kami kara Kago sareta Reijou wa Ouritsu Kishidan de Kawaigarareru,Надёжный просмотр,Web manga,Дебют
59961,2,0.6913,Kizu darake Seijo yori Houfuku wo Komete,Остальные,Web manga,Дебют
59986,2,0.8537,Grand Blue Season 2,Нишевые любимчики,Manga,Продолжение
60009,2,0.7796,Chuuzenji-sensei Mononoke Kougiroku: Sensei ga Nazo wo Hodoite Shimau kara.,Остальные,Manga,Дебют
60140,2,0.9212,"Kanchigai no Atelier Meister: Eiyuu Party no Moto Zatsuyougakari ga, Jitsu wa Sentou Igai ga SSS Rank Datta to Iu Yoku Aru Hanashi",Надёжный просмотр,Light novel,Дебют
60146,2,0.8414,"Saikyou no Ousama, Nidome no Jinsei wa Nani wo Suru?",Флагманы,Other,Дебют
60154,2,0.8866,Ore wa Seikan Kokka no Akutoku Ryoushu!,Надёжный просмотр,Light novel,Дебют
60157,2,0.9151,Kanpekisugite Kawaige ga Nai to Konyaku Haki sareta Seijo wa Ringoku ni Urareru,Надёжный просмотр,Light novel,Дебют
60293,2,0.8391,Ballpark de Tsukamaete!,Остальные,Manga,Дебют
60315,2,0.6871,Dekin no Mogura,Остальные,Manga,Дебют
60316,2,0.8622,Busamen Gachi Fighter,Остальные,Manga,Дебют
60326,2,0.8127,"Watashi ga Koibito ni Nareru Wake Nai jan, Muri Muri! (※Muri ja Nakatta!?)",Нишевые любимчики,Light novel,Дебют
60377,2,0.7949,Nazotoki wa Dinner no Ato de,Остальные,Novel,Дебют
60425,2,0.8086,0-saiji Start Dash Monogatari Season 2,Остальные,Manga,Продолжение
60449,2,0.8524,Kidou Senshi Gundam: GQuuuuuuX,Остальные,Original,Дебют
60505,2,0.6696,Necronomico no Cosmic Horror Show,Остальные,Original,Дебют
60523,2,0.8794,Tsuihousha Shokudou e Youkoso!,Остальные,Light novel,Дебют
60543,2,0.9051,Dandadan 2nd Season,Нишевые любимчики,Manga,Продолжение
60603,2,0.8303,Puniru wa Kawaii Slime 2nd Season,Остальные,Manga,Продолжение
60658,2,0.8514,Hibi wa Sugiredo Meshi Umashi,Нишевые любимчики,Original,Дебют
60697,2,0.8127,Fermat no Ryouri,Остальные,Manga,Дебют
60732,2,0.8986,Mizu Zokusei no Mahoutsukai,Остальные,Light novel,Дебют
60951,2,0.8038,Kizetsu Yuusha to Ansatsu Hime,Остальные,Manga,Дебют
61150,2,0.777,Onmyou Kaiten Re:Birth,Остальные,Original,Дебют
61239,2,0.5258,Binan Koukou Chikyuu Bouei-bu Haikara!,Остальные,Original,Дебют
61274,2,0.8257,Ginga Tokkyuu Milky☆Subway,Остальные,Original,Дебют
61322,2,0.9124,Dr. Stone: Science Future Part 2,Остальные,Manga,Продолжение
61339,2,0.8383,Jibaku Shounen Hanako-kun 2 Part 2,Остальные,Manga,Продолжение
61410,2,0.7871,Chotto dake Ai ga Omoi Dark Elf ga Isekai kara Oikaketekita Mini Anime Gekijou,Остальные,Web manga,Дебют
32455,3,0.7225,Gekidol: Actidol Project,Остальные,Original,Дебют
35252,3,0.7581,Hatena☆Illusion,Остальные,Light novel,Дебют
35335,3,0.7397,Musashino!,Остальные,Original,Дебют
36458,3,0.6776,Soukou Musume Senki,Остальные,Game,Дебют
37587,3,0.7977,Lapis Re:LiGHTs,Остальные,Mixed media,Дебют
37599,3,0.7748,Magatsu Wahrheit: Zuerst,Остальные,Game,Дебют
37890,3,0.8599,Oshi ga Budoukan Ittekuretara Shinu,Нишевые любимчики,Manga,Дебют
38005,3,0.8553,Strike Witches: Road to Berlin,Остальные,Original,Продолжение
38006,3,0.7351,Renmei Kuugun Koukuu Mahou Ongakutai Luminous Witches,Остальные,Original,Дебют
38192,3,0.7889,Sakugan,Остальные,Novel,Дебют
38302,3,0.7634,Boku no Tonari ni Ankoku Hakaishin ga Imasu.,Остальные,Manga,Дебют
38337,3,0.8898,Gochuumon wa Usagi desu ka? Bloom,Нишевые любимчики,4-koma manga,Продолжение
38440,3,0.6449,Shikizakura,Остальные,Original,Дебют
38476,3,0.9299,Heya Camp△,Надёжный просмотр,Manga,Дебют
38555,3,0.9311,Otome Game no Hametsu Flag shika Nai Akuyaku Reijou ni Tensei shiteshimatta...,Флагманы,Light novel,Дебют
38668,3,0.9052,Dorohedoro,Флагманы,Manga,Дебют
38790,3,0.9296,Itai no wa Iya nanode Bougyoryoku ni Kyokufuri Shitai to Omoimasu.,Флагманы,Light novel,Дебют
38830,3,0.9219,"Hachi-nan tte, Sore wa Nai deshou!",Надёжный просмотр,Light novel,Дебют
38835,3,0.9077,Umayon,Надёжный просмотр,4-koma manga,Дебют
38843,3,0.845,Shironeko Project: Zero Chronicle,Надёжный просмотр,Game,Дебют
38853,3,0.4775,Ex-Arm,Остальные,Manga,Дебют
38924,3,0.8182,Nekopara,Остальные,Visual novel,Дебют
38992,3,0.8521,Rikei ga Koi ni Ochita no de Shoumei shitemita.,Остальные,Web manga,Дебют
39017,3,0.8886,Kyokou Suiri,Надёжный просмотр,Manga,Дебют
39184,3,0.811,A3! Season Spring & Summer,Нишевые любимчики,Game,Дебют
39247,3,0.9409,Kobayashi-san Chi no Maid Dragon S,Флагманы,Manga,Продолжение
39388,3,0.8052,Koisuru Asteroid,Остальные,4-koma manga,Дебют
39469,3,0.8741,Tsugu Tsugumomo,Остальные,Manga,Дебют
39531,3,0.8001,Kuutei Dragons,Остальные,Manga,Дебют
39534,3,0.8784,Jibaku Shounen Hanako-kun,Флагманы,Manga,Дебют
39547,3,0.9382,Yahari Ore no Seishun Love Comedy wa Machigatteiru. Kan,Флагманы,Light novel,Продолжение
39551,3,0.9632,Tensei shitara Slime Datta Ken 2nd Season,Флагманы,Manga,Продолжение
39575,3,0.8369,Somali to Mori no Kamisama,Остальные,Web manga,Дебют
39582,3,0.7652,Kitsutsuki Tanteidokoro,Остальные,Novel,Дебют
39583,3,0.796,number24,Остальные,Original,Дебют
39609,3,0.8053,Ochikobore Fruit Tart,Остальные,4-koma manga,Дебют
39710,3,0.8913,Yesterday wo Utatte,Остальные,Manga,Дебют
39725,3,0.7311,I★Chu: Halfway Through the Idol,Нишевые любимчики,Game,Дебют
39730,3,0.8612,Houkago Teibou Nisshi,Остальные,Manga,Дебют
39783,3,0.9589,5-toubun no Hanayome ∬,Флагманы,Manga,Продолжение
39790,3,0.8595,Adachi to Shimamura,Нишевые любимчики,Light novel,Дебют
39792,3,0.8396,Eizouken ni wa Te wo Dasu na!,Нишевые любимчики,Manga,Дебют
39808,3,0.9155,Non Non Biyori Nonstop,Нишевые любимчики,Manga,Продолжение
39893,3,0.6678,Muteking the Dancing Hero,Остальные,Original,Дебют
39917,3,0.5029,Sabiiro no Armor: Reimei,Остальные,Mixed media,Дебют
39948,3,0.8405,Muhyo to Rouji no Mahouritsu Soudan Jimusho 2nd Season,Остальные,Manga,Продолжение
39960,3,0.919,Yatogame-chan Kansatsu Nikki Nisatsume,Надёжный просмотр,4-koma manga,Продолжение
39966,3,0.723,Tamayomi,Остальные,Manga,Дебют
39988,3,0.9555,Isekai Quartet 2,Надёжный просмотр,Original,Продолжение
40010,3,0.8856,Ishuzoku Reviewers,Флагманы,Web manga,Дебют
40056,3,0.8632,Deca-Dence,Надёжный просмотр,Original,Дебют
40059,3,0.9471,Golden Kamuy 3rd Season,Флагманы,Manga,Продолжение
40060,3,0.9207,BNA,Флагманы,Original,Дебют
40074,3,0.645,Gibiate,Остальные,Original,Дебют
40075,3,0.777,Koi to Producer: EVOLxLOVE,Остальные,Game,Дебют
40085,3,0.6816,Maesetsu!,Остальные,Original,Дебют
40128,3,0.8666,Arte,Остальные,Manga,Дебют
40136,3,0.7346,Oda Cinnamon Nobunaga,Остальные,Manga,Дебют
40148,3,0.8097,22/7,Остальные,Other,Дебют
40165,3,0.6831,Listeners,Остальные,Original,Дебют
40174,3,0.8936,Zombieland Saga Revenge,Нишевые любимчики,Original,Продолжение
40230,3,0.8146,Housekishou Richard-shi no Nazo Kantei,Остальные,Novel,Дебют
40272,3,0.8856,A3! Season Autumn & Winter,Нишевые любимчики,Game,Дебют
40357,3,0.9124,Tate no Yuusha no Nariagari Season 3,Нишевые любимчики,Light novel,Продолжение
40358,3,0.6517,Gal to Kyouryuu,Остальные,Manga,Дебют
40359,3,0.7873,Ikebukuro West Gate Park,Остальные,Novel,Дебют
40392,3,0.8774,Runway de Waratte,Остальные,Manga,Дебют
40397,3,0.8809,Maoujou de Oyasumi,Флагманы,Manga,Дебют
40403,3,0.646,Shin Sakura Taisen the Animation,Остальные,Game,Дебют
40436,3,0.8325,Peter Grill to Kenja no Jikan,Надёжный просмотр,Manga,Дебют
40454,3,0.9415,Dungeon ni Deai wo Motomeru no wa Machigatteiru Darou ka III,Надёжный просмотр,Light novel,Продолжение
40483,3,0.9,Murenase! Seton Gakuen,Надёжный просмотр,Web manga,Дебют
40488,3,0.6978,Futsal Boys!!!!!,Нишевые любимчики,Mixed media,Дебют
40507,3,0.9196,Arifureta Shokugyou de Sekai Saikyou 2nd Season,Флагманы,Light novel,Продолжение
40513,3,0.812,Nami yo Kiitekure,Остальные,Manga,Дебют
40526,3,0.7305,"Dragon, Ie wo Kau.",Остальные,Manga,Дебют
40529,3,0.8977,No Guns Life 2nd Season,Остальные,Manga,Продолжение
40530,3,0.899,Jaku-Chara Tomozaki-kun,Надёжный просмотр,Light novel,Дебют
40550,3,0.7877,Assault Lily: Bouquet,Остальные,Mixed media,Дебют
40571,3,0.9024,Majo no Tabitabi,Флагманы,Light novel,Дебют
40586,3,0.8878,"Slime Taoshite 300-nen, Shiranai Uchi ni Level Max ni Nattemashita",Надёжный просмотр,Light novel,Дебют
40591,3,0.9666,Kaguya-sama wa Kokurasetai? Tensai-tachi no Renai Zunousen,Флагманы,Manga,Продолжение
40594,3,0.9121,Tatoeba Last Dungeon Mae no Mura no Shounen ga Joban no Machi de Kurasu Youna Monogatari,Надёжный просмотр,Light novel,Дебют
40595,3,0.8794,"Kimi to Boku no Saigo no Senjou, Aruiwa Sekai ga Hajimaru Seisen",Надёжный просмотр,Light novel,Дебют
40608,3,0.7459,Muv-Luv Alternative,Остальные,Visual novel,Дебют
40623,3,0.7975,Dokyuu Hentai HxEros,Остальные,Manga,Дебют
40679,3,0.8333,2.43: Seiin Koukou Danshi Volley-bu,Остальные,Novel,Дебют
40685,3,0.8588,Super Cub,Нишевые любимчики,Light novel,Дебют
40708,3,0.8502,Monster Musume no Oishasan,Надёжный просмотр,Light novel,Дебют
40716,3,0.8762,Kakushigoto,Нишевые любимчики,Manga,Дебют
40738,3,0.8053,Natsunagu!,Остальные,Original,Дебют
40750,3,0.8983,Kaifuku Jutsushi no Yarinaoshi,Флагманы,Light novel,Дебют
40752,3,0.7866,Bishounen Tanteidan,Остальные,Novel,Дебют
40763,3,0.8146,Show By Rock!! Mashumairesh!!,Остальные,Game,Продолжение
40776,3,0.9708,Haikyuu!! To the Top Part 2,Флагманы,Manga,Продолжение
40783,3,0.7454,"Shachou, Battle no Jikan desu!",Остальные,Game,Дебют
40786,3,0.8189,Skate-Leading☆Stars,Остальные,Original,Дебют
40815,3,0.9594,Honzuki no Gekokujou: Shisho ni Naru Tame ni wa Shudan wo Erandeiraremasen 2nd Season,Надёжный просмотр,Light novel,Продолжение
40839,3,0.938,"Kanojo, Okarishimasu",Флагманы,Manga,Дебют
40842,3,0.8037,Idoly Pride,Нишевые любимчики,Mixed media,Дебют
40870,3,0.8408,SSSS.Dynazenon,Нишевые любимчики,Original,Дебют
40904,3,0.8929,Bokutachi no Remake,Флагманы,Light novel,Дебют
40907,3,0.9227,World Trigger 2nd Season,Остальные,Manga,Продолжение
40908,3,0.9042,Kemono Jihen,Надёжный просмотр,Manga,Дебют
40930,3,0.8848,Azur Lane: Bisoku Zenshin!,Остальные,4-koma manga,Продолжение
40935,3,0.9364,Beastars 2nd Season,Надёжный просмотр,Manga,Продолжение
40957,3,0.8449,Shin Chuuka Ichiban! 2nd Season,Остальные,Manga,Продолжение
40958,3,0.7627,Rail Romanesque,Остальные,Visual novel,Дебют
40960,3,0.7864,Cheat Kusushi no Slow Life: Isekai ni Tsukurou Drugstore,Остальные,Light novel,Дебют
40961,3,0.7272,Hortensia Saga,Остальные,Game,Дебют
40974,3,0.8915,Kuma Kuma Kuma Bear,Надёжный просмотр,Light novel,Дебют
40995,3,0.7915,Hentatsu (TV),Остальные,Original,Дебют
41084,3,0.9356,Made in Abyss: Retsujitsu no Ougonkyou,Флагманы,Web manga,Продолжение
41103,3,0.8764,Koi to Yobu ni wa Kimochi Warui,Флагманы,Web manga,Дебют
41109,3,0.8595,Log Horizon: Entaku Houkai,Остальные,Light novel,Продолжение
41169,3,0.8921,Love Live! Superstar!!,Нишевые любимчики,Other,Дебют
41226,3,0.9077,Uzaki-chan wa Asobitai!,Надёжный просмотр,Web manga,Дебют
41312,3,0.9175,Kami-tachi ni Hirowareta Otoko,Надёжный просмотр,Light novel,Дебют
41364,3,0.914,One Room: Third Season,Остальные,Original,Продолжение
41372,3,0.7316,Senyoku no Sigrdrifa,Остальные,Original,Дебют
41380,3,0.9,100-man no Inochi no Ue ni Ore wa Tatteiru,Надёжный просмотр,Manga,Дебют
41389,3,0.9251,Tonikaku Kawaii,Флагманы,Manga,Дебют
41392,3,0.782,Urasekai Picnic,Остальные,Novel,Дебют
41433,3,0.9082,Akudama Drive,Флагманы,Original,Дебют
41456,3,0.8769,"Sentouin, Haken shimasu!",Надёжный просмотр,Light novel,Дебют
41461,3,0.9125,Date A Live IV,Нишевые любимчики,Light novel,Продолжение
41487,3,0.9664,Tensei shitara Slime Datta Ken 2nd Season Part 2,Флагманы,Manga,Продолжение
41488,3,0.9006,Tensura Nikki: Tensei shitara Slime Datta Ken,Флагманы,Manga,Дебют
41514,3,0.8767,Itai no wa Iya nanode Bougyoryoku ni Kyokufuri Shitai to Omoimasu. 2,Остальные,Light novel,Продолжение
41520,3,0.8518,Show by Rock!! Stars!!,Остальные,Game,Продолжение
41521,3,0.7271,WIXOSS Diva(A)Live,Остальные,Card game,Дебют
41556,3,0.6812,Maiko-san Chi no Makanai-san,Остальные,Manga,Дебют
41574,3,0.8416,Guraburu!,Остальные,4-koma manga,Дебют
41589,3,0.7696,Tokyo Mew Mew New ♡,Нишевые любимчики,Manga,Дебют
41762,3,0.8043,Tenchi Souzou Design-bu,Остальные,Manga,Дебют
41783,3,0.7845,Iwa Kakeru! Sport Climbing Girls,Остальные,Web manga,Дебют
41833,3,0.7968,Kyuuketsuki Sugu Shinu,Нишевые любимчики,Manga,Дебют
41899,3,0.9045,Ore dake Haireru Kakushi Dungeon,Надёжный просмотр,Light novel,Дебют
41930,3,0.8881,Kamisama ni Natta Hi,Нишевые любимчики,Original,Дебют
42071,3,0.8442,Yuuki Yuuna wa Yuusha de Aru Churutto!,Остальные,Game,Продолжение
42072,3,0.8242,Kenja no Deshi wo Nanoru Kenja,Надёжный просмотр,Light novel,Дебют
42203,3,0.9551,Re:Zero kara Hajimeru Isekai Seikatsu 2nd Season Part 2,Флагманы,Light novel,Продолжение
42238,3,0.9507,Ani ni Tsukeru Kusuri wa Nai! 4,Надёжный просмотр,Web manga,Продолжение
42250,3,0.9169,Bungou Stray Dogs Wan!,Флагманы,Web manga,Продолжение
42282,3,0.8968,Otome Game no Hametsu Flag shika Nai Akuyaku Reijou ni Tensei shiteshimatta... X,Надёжный просмотр,Light novel,Продолжение
42307,3,0.7276,Subarashiki Kono Sekai The Animation,Остальные,Game,Дебют
42321,3,0.6727,Battle Athletess Daiundoukai ReSTART!,Остальные,Original,Дебют
42340,3,0.8777,Meikyuu Black Company,Надёжный просмотр,Web manga,Дебют
42351,3,0.9046,Senpai ga Uzai Kouhai no Hanashi,Надёжный просмотр,Web manga,Дебют
42361,3,0.9014,"Ijiranaide, Nagatoro-san",Флагманы,Web manga,Дебют
42385,3,0.8072,The iDOLM@STER Million Live!,Остальные,Game,Продолжение
42395,3,0.8386,Shakunetsu Kabaddi,Нишевые любимчики,Web manga,Дебют
42506,3,0.802,World Witches Hasshin Shimasu!,Остальные,Original,Дебют
42516,3,0.7369,Cardfight!! Vanguard: overDress,Остальные,Original,Дебют
42544,3,0.8464,Kaizoku Oujo,Нишевые любимчики,Original,Дебют
42568,3,0.7911,Yaku nara Mug Cup mo,Остальные,Manga,Дебют
42571,3,0.8622,Dogeza de Tanondemita,Остальные,Web manga,Дебют
42587,3,0.8554,Yuuki Yuuna wa Yuusha de Aru: Dai Mankai no Shou,Нишевые любимчики,Original,Продолжение
42590,3,0.8794,Mashiro no Oto,Остальные,Manga,Дебют
42627,3,0.8385,Peach Boy Riverside,Остальные,Manga,Дебют
42657,3,0.7208,Himitsukessha Taka no Tsume: Golden Spell,Остальные,Original,Дебют
42670,3,0.8854,Princess Connect! Re:Dive Season 2,Нишевые любимчики,Game,Продолжение
42745,3,0.8835,Machikado Mazoku: 2-choume,Остальные,4-koma manga,Продолжение
42822,3,0.8352,Kai Byoui Ramune,Остальные,Manga,Дебют
42826,3,0.8822,Seijo no Maryoku wa Bannou desu,Надёжный просмотр,Light novel,Дебют
42883,3,0.8416,Sore dake ga Neck,Надёжный просмотр,Original,Дебют
42923,3,0.9105,SK∞,Флагманы,Original,Дебют
42959,3,0.9108,Yatogame-chan Kansatsu Nikki Sansatsume,Остальные,4-koma manga,Продолжение
42963,3,0.8707,"Kanojo, Okarishimasu 2nd Season",Нишевые любимчики,Manga,Продолжение
42994,3,0.877,Jashin-chan Dropkick X,Остальные,Web manga,Продолжение
43007,3,0.8631,Osananajimi ga Zettai ni Makenai Love Comedy,Флагманы,Light novel,Дебют
43299,3,0.8762,Wonder Egg Priority,Нишевые любимчики,Original,Дебют
43470,3,0.8564,Rikei ga Koi ni Ochita no de Shoumei shitemita. Heart,Остальные,Web manga,Продолжение
43523,3,0.9377,Tsuki ga Michibiku Isekai Douchuu,Флагманы,Light novel,Дебют
43756,3,0.8723,Bakuten!!,Нишевые любимчики,Original,Дебют
43767,3,0.7339,Night Head 2041,Нишевые любимчики,Other,Дебют
43814,3,0.9007,Deatte 5-byou de Battle,Надёжный просмотр,Web manga,Дебют
43969,3,0.8575,Kanojo mo Kanojo,Флагманы,Manga,Дебют
44040,3,0.8077,Abciee Shuugyou Nikki,Надёжный просмотр,Other,Дебют
44055,3,0.8797,Sasaki to Miyano,Флагманы,Web manga,Дебют
44081,3,0.7093,B-Project: Netsuretsu*Love Call,Остальные,Mixed media,Дебют
44203,3,0.9345,Seirei Gensouki,Флагманы,Light novel,Дебют
44204,3,0.8661,Kyokou Suiri Season 2,Остальные,Manga,Продолжение
44235,3,0.9449,Pui Pui Molcar,Флагманы,Other,Дебют
44274,3,0.7436,Puraore! Pride of Orange,Остальные,Mixed media,Дебют
44276,3,0.8913,Kyuukyoku Shinka shita Full Dive RPG ga Genjitsu yori mo Kusoge Dattara,Надёжный просмотр,Light novel,Дебют
44387,3,0.7595,Sankaku Mado no Sotogawa wa Yoru,Нишевые любимчики,Manga,Дебют
44511,3,0.947,Chainsaw Man,Флагманы,Manga,Дебют
44516,3,0.8267,Koroshi Ai,Остальные,Manga,Дебют
44524,3,0.8981,Isekai Meikyuu de Harem wo,Флагманы,Light novel,Дебют
44881,3,0.9283,100-man no Inochi no Ue ni Ore wa Tatteiru 2nd Season,Надёжный просмотр,Manga,Продолжение
45055,3,0.8845,Taishou Otome Otogibanashi,Нишевые любимчики,Manga,Дебют
45425,3,0.8411,Slow Loop,Остальные,Manga,Дебют
45486,3,0.8988,Kuma Kuma Kuma Bear Punch!,Остальные,Light novel,Продолжение
45560,3,0.7685,Orient,Остальные,Manga,Дебют
45576,3,0.9662,Mushoku Tensei: Isekai Ittara Honki Dasu Part 2,Флагманы,Light novel,Продолжение
45587,3,0.8712,Itazuraguma no Gloomy,Надёжный просмотр,Other,Дебют
45613,3,0.8037,Kawaii dake ja Nai Shikimori-san,Флагманы,Web manga,Дебют
45653,3,0.8175,Soredemo Ayumu wa Yosetekuru,Остальные,Manga,Дебют
45665,3,0.657,Fairy Ranmaru: Anata no Kokoro Otasuke Shimasu,Нишевые любимчики,Original,Дебют
46118,3,0.7604,Wave!! Surfing Yappe!! (TV),Остальные,Mixed media,Дебют
46352,3,0.8726,Blue Period,Флагманы,Manga,Дебют
46471,3,0.7974,"Tantei wa Mou, Shindeiru.",Нишевые любимчики,Light novel,Дебют
46604,3,0.6789,Dolls' Frontline,Остальные,Game,Дебют
46985,3,0.8971,Shinka no Mi: Shiranai Uchi ni Kachigumi Jinsei,Надёжный просмотр,Light novel,Дебют
47159,3,0.8965,Tensai Ouji no Akaji Kokka Saisei Jutsu,Надёжный просмотр,Light novel,Дебют
47160,3,0.894,Goblin Slayer II,Нишевые любимчики,Light novel,Продолжение
47161,3,0.8917,Shikkakumon no Saikyou Kenja,Надёжный просмотр,Light novel,Дебют
47162,3,0.7834,Shokei Shoujo no Virgin Road,Остальные,Light novel,Дебют
47163,3,0.8676,"Tensei Kenja no Isekai Life: Dai-2 no Shokugyou wo Ete, Sekai Saikyou ni Narimashita",Флагманы,Light novel,Дебют
47250,3,0.7269,Jouran: The Princess of Snow and Blood,Остальные,Original,Дебют
47257,3,0.8357,Shinigami Bocchan to Kuro Maid,Нишевые любимчики,Web manga,Дебют
47391,3,0.7931,Seven Knights Revolution: Eiyuu no Keishousha,Надёжный просмотр,Game,Дебют
47790,3,0.9396,"Sekai Saikou no Ansatsusha, Isekai Kizoku ni Tensei suru",Флагманы,Light novel,Дебют
47917,3,0.9381,Bocchi the Rock!,Флагманы,4-koma manga,Дебют
48239,3,0.9129,Leadale no Daichi nite,Надёжный просмотр,Light novel,Дебют
48252,3,0.8599,"Ore, Tsushima",Нишевые любимчики,Manga,Дебют
48363,3,0.7474,RPG Fudousan,Остальные,4-koma manga,Дебют
48406,3,0.8552,Re-Main,Нишевые любимчики,Original,Дебют
48413,3,0.8567,Hataraku Maou-sama!!,Нишевые любимчики,Light novel,Продолжение
48414,3,0.86,Sabikui Bisco,Остальные,Light novel,Дебют
48415,3,0.9067,"Shijou Saikyou no Daimaou, Murabito A ni Tensei suru",Надёжный просмотр,Light novel,Дебют
48417,3,0.8213,"Maou Gakuin no Futekigousha II: Shijou Saikyou no Maou no Shiso, Tensei shite Shison-tachi no Gakkou e Kayou",Нишевые любимчики,Light novel,Дебют
48418,3,0.8407,"Maou Gakuin no Futekigousha II: Shijou Saikyou no Maou no Shiso, Tensei shite Shison-tachi no Gakkou e Kayou Part 2",Остальные,Light novel,Продолжение
48441,3,0.662,The Legend of Heroes: Sen no Kiseki - Northern War,Остальные,Game,Дебют
48471,3,0.8346,Tsuki to Laika to Nosferatu,Остальные,Light novel,Дебют
48483,3,0.8784,Mieruko-chan,Флагманы,Web manga,Дебют
48491,3,0.8412,Yama no Susume: Next Summit,Остальные,Manga,Продолжение
48542,3,0.8579,Do It Yourself!!,Остальные,Original,Дебют
48553,3,0.8381,Akebi-chan no Sailor-fuku,Нишевые любимчики,Web manga,Дебют
48556,3,0.8261,Takt Op. Destiny,Нишевые любимчики,Mixed media,Дебют
48567,3,0.6786,Visual Prison,Нишевые любимчики,Original,Дебют
48569,3,0.9471,86 Part 2,Флагманы,Light novel,Продолжение
48580,3,0.8651,Vanitas no Karte,Нишевые любимчики,Manga,Дебют
48583,3,0.9626,Shingeki no Kyojin: The Final Season Part 2,Флагманы,Manga,Продолжение
48633,3,0.8473,Liar Liar,Остальные,Light novel,Дебют
48643,3,0.8521,Koi wa Sekai Seifuku no Ato de,Надёжный просмотр,Manga,Дебют
48644,3,0.7533,Gyakuten Sekai no Denchi Shoujo,Остальные,Original,Дебют
48649,3,0.7907,Fuuto Tantei,Нишевые любимчики,Manga,Дебют
48736,3,0.9463,Sono Bisque Doll wa Koi wo Suru,Флагманы,Manga,Дебют
48742,3,0.6954,"Kono Healer, Mendokusai",Остальные,Web manga,Дебют
48760,3,0.9182,"Gaikotsu Kishi-sama, Tadaima Isekai e Odekakechuu",Надёжный просмотр,Light novel,Дебют
48761,3,0.9007,Saihate no Paladin,Надёжный просмотр,Light novel,Дебют
48775,3,0.8428,Kaginado,Остальные,Original,Дебют
48776,3,0.7138,Build Divide: Code Black,Остальные,Mixed media,Дебют
48777,3,0.8325,Build Divide: Code White,Остальные,Mixed media,Дебют
48779,3,0.8806,Deaimon,Надёжный просмотр,Manga,Дебют
48804,3,0.9159,Isekai Shokudou 2,Надёжный просмотр,Light novel,Продолжение
48842,3,0.808,Mahoutsukai Reimeiki,Остальные,Light novel,Дебют
48849,3,0.8439,Sonny Boy,Нишевые любимчики,Original,Дебют
48857,3,0.7778,Healer Girl,Остальные,Original,Дебют
48858,3,0.8058,180-byou de Kimi no Mimi wo Shiawase ni Dekiru ka?,Остальные,Original,Дебют
48926,3,0.9002,"Komi-san wa, Comyushou desu.",Флагманы,Manga,Дебют
48981,3,0.7152,Mahou Shoujo Magical Destroyers,Остальные,Original,Дебют
48997,3,0.8764,Fantasy Bishoujo Juniku Ojisan to,Надёжный просмотр,Web manga,Дебют
49109,3,0.9083,Kami-tachi ni Hirowareta Otoko 2nd Season,Надёжный просмотр,Light novel,Продолжение
49114,3,0.9223,Vanitas no Karte Part 2,Флагманы,Manga,Продолжение
49154,3,0.8408,High Card,Остальные,Mixed media,Дебют
49160,3,0.7723,Shachiku-san wa Youjo Yuurei ni Iyasaretai.,Остальные,Manga,Дебют
49263,3,0.8993,Yaku nara Mug Cup mo: Niban Gama,Остальные,Manga,Продолжение
49292,3,0.6536,Deep Insanity: The Lost Child,Остальные,Mixed media,Дебют
49304,3,0.6605,Seiken Densetsu: Legend of Mana - The Teardrop Crystal,Остальные,Game,Дебют
49385,3,0.7479,Kaijin Kaihatsu-bu no Kuroitsu-san,Остальные,Web manga,Дебют
49438,3,0.9344,Isekai Yakkyoku,Надёжный просмотр,Light novel,Дебют
49470,3,0.8839,Mamahaha no Tsurego ga Motokano datta,Надёжный просмотр,Light novel,Дебют
49505,3,0.8941,Deji Meets Girl,Остальные,Original,Дебют
49514,3,0.5599,Gensou Sangokushi: Tengen Reishinki,Остальные,Game,Дебют
49520,3,0.8628,Aharen-san wa Hakarenai,Флагманы,Manga,Дебют
49551,3,0.8568,Hanabi-chan wa Okuregachi,Надёжный просмотр,Manga,Дебют
49612,3,0.8553,Ningen Fushin no Boukensha-tachi ga Sekai wo Sukuu you desu,Надёжный просмотр,Light novel,Дебют
49692,3,0.856,Heroine Tarumono! Kiraware Heroine to Naisho no Oshigoto,Остальные,Music,Дебют
49721,3,0.909,Karakai Jouzu no Takagi-san 3,Флагманы,Manga,Продолжение
49766,3,0.7837,Under Ninja,Остальные,Manga,Дебют
49776,3,0.8709,Kumichou Musume to Sewagakari,Надёжный просмотр,Web manga,Дебют
49782,3,0.9049,Shadows House 2nd Season,Остальные,Manga,Продолжение
49820,3,0.8058,Cardfight!! Vanguard: will+Dress Season 2,Остальные,Original,Продолжение
49828,3,0.9061,Kidou Senshi Gundam: Suisei no Majo,Флагманы,Original,Дебют
49831,3,0.7103,Black★★Rock Shooter: Dawn Fall,Нишевые любимчики,Other,Дебют
49849,3,0.8713,Shinmai Renkinjutsushi no Tenpo Keiei,Надёжный просмотр,Light novel,Дебют
49858,3,0.874,Shinigami Bocchan to Kuro Maid 2nd Season,Остальные,Web manga,Продолжение
49891,3,0.9102,Tensei shitara Ken deshita,Флагманы,Light novel,Дебют
49894,3,0.8348,Eiyuu Kyoushitsu,Надёжный просмотр,Light novel,Дебют
49969,3,0.7306,Tribe Nine,Остальные,Mixed media,Дебют
49979,3,0.905,Akuyaku Reijou nanode Last Boss wo Kattemimashita,Надёжный просмотр,Light novel,Дебют
49980,3,0.8579,Sugar Apple Fairy Tale,Нишевые любимчики,Light novel,Дебют
49981,3,0.7349,"Kimi to Boku no Saigo no Senjou, Aruiwa Sekai ga Hajimaru Seisen Season II",Остальные,Light novel,Продолжение
50010,3,0.8769,Meitantei Conan: Hannin no Hanzawa-san,Надёжный просмотр,Manga,Дебют
50172,3,0.9292,Mob Psycho 100 III,Флагманы,Web manga,Продолжение
50175,3,0.8973,"Yuusha, Yamemasu",Надёжный просмотр,Light novel,Дебют
50184,3,0.8767,Seiken Gakuin no Makentsukai,Надёжный просмотр,Light novel,Дебют
50185,3,0.8662,Ryman's Club,Нишевые любимчики,Original,Дебют
50197,3,0.9017,"Ijiranaide, Nagatoro-san 2nd Attack",Нишевые любимчики,Web manga,Продолжение
50203,3,0.9224,Love Live! Superstar!! 2nd Season,Нишевые любимчики,Other,Продолжение
50204,3,0.7936,Tokyo 24-ku,Остальные,Original,Дебют
50220,3,0.8222,Isekai Shoukan wa Nidome desu,Надёжный просмотр,Light novel,Дебют
50221,3,0.8098,Shine Post,Остальные,Mixed media,Дебют
50265,3,0.9536,Spy x Family,Флагманы,Manga,Дебют
50273,3,0.9156,Tomodachi Game,Флагманы,Manga,Дебют
50284,3,0.615,Technoroid: Overmind,Остальные,Mixed media,Дебют
50285,3,0.6096,On Air Dekinai!,Остальные,Manga,Дебют
50287,3,0.8801,Kyuuketsuki Sugu Shinu 2,Остальные,Manga,Продолжение
50306,3,0.8756,Seirei Gensouki 2,Нишевые любимчики,Light novel,Продолжение
50307,3,0.8577,Tonikaku Kawaii 2nd Season,Нишевые любимчики,Manga,Продолжение
50348,3,0.8763,Peter Grill to Kenja no Jikan: Super Extra,Остальные,Manga,Продолжение
50380,3,0.8993,Paripi Koumei,Флагманы,Web manga,Дебют
50384,3,0.8348,Mononogatari,Остальные,Manga,Дебют
50392,3,0.8328,Mato Seihei no Slave,Нишевые любимчики,Manga,Дебют
50416,3,0.9037,Skip to Loafer,Флагманы,Manga,Дебют
50425,3,0.9195,"Fuufu Ijou, Koibito Miman.",Флагманы,Manga,Дебют
50461,3,0.9267,Otome Game Sekai wa Mob ni Kibishii Sekai desu,Флагманы,Light novel,Дебют
50481,3,0.9,"Eiyuuou, Bu wo Kiwameru Tame Tenseisu: Soshite, Sekai Saikyou no Minarai Kishi♀",Надёжный просмотр,Light novel,Дебют
50583,3,0.7665,Buta no Liver wa Kanetsu Shiro,Остальные,Light novel,Дебют
50606,3,0.7137,Ayakashi Triangle,Остальные,Manga,Дебют
50631,3,0.9241,"Komi-san wa, Comyushou desu. 2nd Season",Флагманы,Manga,Продолжение
50638,3,0.843,Muv-Luv Alternative 2nd Season,Остальные,Visual novel,Продолжение
50652,3,0.8284,Tsundere Akuyaku Reijou Liselotte to Jikkyou no Endou-kun to Kaisetsu no Kobayashi-san,Остальные,Light novel,Дебют
50664,3,0.8411,Saihate no Paladin: Tetsusabi no Yama no Ou,Остальные,Light novel,Продолжение
50678,3,0.8836,Kyoukai Senki Part 2,Остальные,Original,Продолжение
50685,3,0.8665,Kaginado Season 2,Остальные,Original,Продолжение
50695,3,0.8886,MF Ghost,Флагманы,Manga,Дебют
50738,3,0.7931,"Slime Taoshite 300-nen, Shiranai Uchi ni Level Max ni Nattemashita: Sono Ni",Остальные,Light novel,Продолжение
50739,3,0.9196,Otonari no Tenshi-sama ni Itsunomanika Dame Ningen ni Sareteita Ken,Флагманы,Light novel,Дебют
50760,3,0.6763,Teppen!!!!!!!!!!!!!!!,Остальные,Manga,Дебют
50854,3,0.8727,"Benriya Saitou-san, Isekai ni Iku",Надёжный просмотр,Web manga,Дебют
50862,3,0.7101,Estab-Life: Great Escape,Остальные,Mixed media,Дебют
50871,3,0.6491,Alice Gear Aegis Expansion,Остальные,Game,Дебют
50917,3,0.7366,Prima Doll,Остальные,Mixed media,Дебют
50923,3,0.8602,Mushikaburi-hime,Нишевые любимчики,Light novel,Дебют
50985,3,0.6968,Chimimo,Нишевые любимчики,Original,Дебют
50999,3,0.7373,Extreme Hearts,Остальные,Original,Дебют
51064,3,0.929,Kuro no Shoukanshi,Надёжный просмотр,Light novel,Дебют
51092,3,0.729,Yuurei Deco,Остальные,Original,Дебют
51098,3,0.8128,Shinobi no Ittoki,Остальные,Original,Дебют
51105,3,0.7214,NieR:Automata Ver1.1a,Нишевые любимчики,Game,Дебют
51128,3,0.843,Noumin Kanren no Skill bakka Agetetara Nazeka Tsuyoku Natta.,Надёжный просмотр,Light novel,Дебют
51139,3,0.5849,Kizuna no Allele,Остальные,Original,Дебют
51179,3,0.9574,Mushoku Tensei II: Isekai Ittara Honki Dasu,Флагманы,Light novel,Дебют
51212,3,0.8251,Futoku no Guild,Остальные,Manga,Дебют
51213,3,0.8698,Kinsou no Vermeil: Gakeppuchi Majutsushi wa Saikyou no Yakusai to Mahou Sekai wo Tsukisusumu,Флагманы,Manga,Дебют
51215,3,0.8941,Seijo no Maryoku wa Bannou desu Season 2,Надёжный просмотр,Light novel,Продолжение
51219,3,0.784,Isekai One Turn Kill Neesan: Ane Douhan no Isekai Seikatsu Hajimemashita,Остальные,Manga,Дебют
51252,3,0.726,Spy Kyoushitsu,Остальные,Light novel,Дебют
51265,3,0.8023,Inu ni Nattara Suki na Hito ni Hirowareta.,Остальные,Web manga,Дебют
51368,3,0.9025,Orient: Awajishima Gekitou-hen,Надёжный просмотр,Manga,Продолжение
51371,3,0.7404,Bucchigire!,Остальные,Original,Дебют
51381,3,0.8363,RWBY: Hyousetsu Teikoku,Нишевые любимчики,Other,Дебют
51403,3,0.8513,Renai Flops,Остальные,Original,Дебют
51415,3,0.6125,Opus.COLORs,Остальные,Original,Дебют
51458,3,0.8405,Lv1 Maou to One Room Yuusha,Надёжный просмотр,Web manga,Дебют
51462,3,0.9198,Isekai Nonbiri Nouka,Флагманы,Light novel,Дебют
51495,3,0.8861,Shin Shinka no Mi: Shiranai Uchi ni Kachigumi Jinsei,Надёжный просмотр,Light novel,Дебют
51498,3,0.8683,Masamune-kun no Revenge R,Остальные,Manga,Продолжение
51536,3,0.8416,The iDOLM@STER Cinderella Girls: U149,Нишевые любимчики,Web manga,Дебют
51552,3,0.926,Watashi no Shiawase na Kekkon,Флагманы,Novel,Дебют
51586,3,0.8468,D4DJ All Mix,Нишевые любимчики,Mixed media,Дебют
51632,3,0.8386,Isekai wa Smartphone to Tomo ni. 2,Флагманы,Light novel,Продолжение
51648,3,0.9294,Nozomanu Fushi no Boukensha,Надёжный просмотр,Light novel,Дебют
51678,3,0.8507,Oniichan wa Oshimai!,Флагманы,Manga,Дебют
51693,3,0.8576,Kaminaki Sekai no Kamisama Katsudou,Надёжный просмотр,Manga,Дебют
51705,3,0.8351,Otonari ni Ginga,Остальные,Manga,Дебют
51706,3,0.8033,Yuusha ga Shinda!,Надёжный просмотр,Web manga,Дебют
51711,3,0.9042,Hyouken no Majutsushi ga Sekai wo Suberu,Надёжный просмотр,Light novel,Дебют
51764,3,0.8987,Level 1 dakedo Unique Skill de Saikyou desu,Надёжный просмотр,Light novel,Дебют
51815,3,0.8508,Kubo-san wa Mob wo Yurusanai,Нишевые любимчики,Manga,Дебют
51817,3,0.7741,Watashi no Yuri wa Oshigoto desu!,Остальные,Manga,Дебют
51818,3,0.8659,Enen no Shouboutai: San no Shou,Нишевые любимчики,Manga,Продолжение
51923,3,0.671,Warau Arsnotoria Sun!,Остальные,Game,Дебют
51956,3,0.7223,Paradox Live the Animation,Нишевые любимчики,Mixed media,Дебют
51958,3,0.8498,Kono Subarashii Sekai ni Bakuen wo!,Остальные,Light novel,Дебют
51986,3,0.9102,Pui Pui Molcar: Driving School,Надёжный просмотр,Original,Продолжение
52081,3,0.7969,Edomae Elf,Остальные,Manga,Дебют
52082,3,0.8147,Shiro Seijo to Kuro Bokushi,Остальные,4-koma manga,Дебют
52092,3,0.8055,My Home Hero,Остальные,Manga,Дебют
52093,3,0.8278,Trigun Stampede,Нишевые любимчики,Manga,Дебют
52173,3,0.8213,Koori Zokusei Danshi to Cool na Douryou Joshi,Остальные,Web manga,Дебют
52193,3,0.8451,Akiba Meido Sensou,Нишевые любимчики,Original,Дебют
52196,3,0.8763,Date A Live V,Нишевые любимчики,Light novel,Продолжение
52211,3,0.931,Mashle,Флагманы,Manga,Дебют
52229,3,0.9151,Birdie Wing: Golf Girls' Story Season 2,Остальные,Original,Продолжение
52299,3,0.9521,Ore dake Level Up na Ken,Флагманы,Web manga,Дебют
52308,3,0.8987,Kanojo ga Koushaku-tei ni Itta Riyuu,Флагманы,Web manga,Дебют
52359,3,0.875,Isekai de Mofumofu Nadenade suru Tame ni Ganbattemasu.,Надёжный просмотр,Light novel,Дебют
52367,3,0.8358,Isekai Shikkaku,Надёжный просмотр,Web manga,Дебют
52381,3,0.8314,Aru Asa Dummy Head Mic ni Natteita Ore-kun no Jinsei,Остальные,Original,Дебют
52405,3,0.6125,Highspeed Etoile,Остальные,Original,Дебют
52446,3,0.8956,Kaiko sareta Ankoku Heishi (30-dai) no Slow na Second Life,Надёжный просмотр,Light novel,Дебют
52461,3,0.8761,Rougo ni Sonaete Isekai de 8-manmai no Kinka wo Tamemasu,Надёжный просмотр,Light novel,Дебют
52481,3,0.8599,Gimai Seikatsu,Нишевые любимчики,Light novel,Дебют
52482,3,0.8658,Sasaki to Pii-chan,Надёжный просмотр,Light novel,Дебют
52578,3,0.9016,Boku no Kokoro no Yabai Yatsu,Флагманы,Manga,Дебют
52588,3,0.9441,Kaijuu 8-gou,Флагманы,Manga,Дебют
52608,3,0.9054,Tensei Kizoku no Isekai Boukenroku: Jichou wo Shiranai Kamigami no Shito,Надёжный просмотр,Light novel,Дебют
52611,3,0.9062,Okashi na Tensei,Надёжный просмотр,Light novel,Дебют
52619,3,0.8509,Jidou Hanbaiki ni Umarekawatta Ore wa Meikyuu wo Samayou,Надёжный просмотр,Light novel,Дебют
52709,3,0.8286,"Danjo no Yuujou wa Seiritsu suru? (Iya, Shinai!!)",Остальные,Light novel,Дебют
52736,3,0.8911,Tensei Oujo to Tensai Reijou no Mahou Kakumei,Флагманы,Light novel,Дебют
52816,3,0.8019,Majo to Yajuu,Нишевые любимчики,Manga,Дебют
52934,3,0.8265,"Konyaku Haki sareta Reijou wo Hirotta Ore ga, Ikenai Koto wo Oshiekomu",Остальные,Light novel,Дебют
52955,3,0.8789,Mahoutsukai no Yome Season 2,Остальные,Manga,Продолжение
52962,3,0.8993,"Tearmoon Teikoku Monogatari: Dantoudai kara Hajimaru, Hime no Tensei Gyakuten Story",Надёжный просмотр,Light novel,Дебют
52969,3,0.9034,"Jitsu wa Ore, Saikyou deshita?",Надёжный просмотр,Light novel,Дебют
52973,3,0.8634,Megami no Café Terrace,Надёжный просмотр,Manga,Дебют
52985,3,0.7538,Dekoboko Majo no Oyako Jijou,Остальные,4-koma manga,Дебют
52990,3,0.8619,"Keikenzumi na Kimi to, Keiken Zero na Ore ga, Otsukiai suru Hanashi.",Флагманы,Light novel,Дебют
53012,3,0.7115,Human Bug Daigaku,Остальные,Web manga,Дебют
53026,3,0.7664,Synduality: Noir,Остальные,Mixed media,Дебют
53033,3,0.7877,Mecha-ude (TV),Остальные,Original,Дебют
53040,3,0.8938,Kanojo mo Kanojo Season 2,Надёжный просмотр,Manga,Продолжение
53050,3,0.905,"Kanojo, Okarishimasu 3rd Season",Надёжный просмотр,Manga,Продолжение
53065,3,0.8462,Sono Bisque Doll wa Koi wo Suru Season 2,Нишевые любимчики,Manga,Продолжение
53077,3,0.861,Nijiyon Animation,Остальные,4-koma manga,Дебют
53097,3,0.8564,Tokyo Mew Mew New ♡ 2nd Season,Остальные,Manga,Продолжение
53132,3,0.7735,UniteUp!,Нишевые любимчики,Music,Дебют
53162,3,0.7456,Majutsushi Orphen Hagure Tabi: Urbanrama-hen,Остальные,Light novel,Продолжение
53163,3,0.7625,Kawaisugi Crisis,Остальные,Manga,Дебют
53179,3,0.7461,Ars no Kyojuu,Остальные,Original,Дебют
53199,3,0.9326,Kidou Senshi Gundam: Suisei no Majo Season 2,Флагманы,Original,Продолжение
53200,3,0.863,Hataraku Maou-sama!! 2nd Season,Остальные,Light novel,Продолжение
53213,3,0.7685,Revenger,Остальные,Original,Дебют
53237,3,0.7709,Shy,Остальные,Manga,Дебют
53262,3,0.755,Hoshikuzu Telepath,Нишевые любимчики,4-koma manga,Дебют
53263,3,0.9098,"Seija Musou: Salaryman, Isekai de Ikinokoru Tame ni Ayumu Michi",Надёжный просмотр,Light novel,Дебют
53287,3,0.8827,Love Live! Superstar!! 3rd Season,Нишевые любимчики,Other,Продолжение
53356,3,0.8203,Shuumatsu Train Doko e Iku?,Остальные,Original,Дебют
53379,3,0.7947,Uchi no Kaisha no Chiisai Senpai no Hanashi,Остальные,Web manga,Дебют
53397,3,0.8326,Tsuyokute New Saga,Остальные,Light novel,Дебют
53407,3,0.8475,Bartender: Kami no Glass,Остальные,Manga,Дебют
53410,3,0.8677,Yuru Camp△ Season 3,Нишевые любимчики,Manga,Продолжение
53411,3,0.883,Buddy Daddies,Флагманы,Original,Дебют
53421,3,0.8724,Dosanko Gal wa Namara Menkoi,Надёжный просмотр,Manga,Дебют
53426,3,0.8167,Hyakushou Kizoku,Остальные,Manga,Дебют
53428,3,0.7131,Ayaka,Остальные,Original,Дебют
53434,3,0.9116,"Maou no Ore ga Dorei Elf wo Yome ni Shitanda ga, Dou Medereba Ii?",Надёжный просмотр,Light novel,Дебют
53438,3,0.8942,Higeki no Genkyou to Naru Saikyou Gedou Last Boss Joou wa Tami no Tame ni Tsukushimasu.,Надёжный просмотр,Light novel,Дебют
53439,3,0.9148,Boushoku no Berserk,Надёжный просмотр,Light novel,Дебют
53446,3,0.9311,Tondemo Skill de Isekai Hourou Meshi,Флагманы,Light novel,Дебют
53488,3,0.8399,"Shin no Nakama ja Nai to Yuusha no Party wo Oidasareta node, Henkyou de Slow Life suru Koto ni Shimashita 2nd",Надёжный просмотр,Light novel,Продолжение
53516,3,0.9132,"Tensei shitara Dainana Ouji Datta node, Kimama ni Majutsu wo Kiwamemasu",Надёжный просмотр,Light novel,Дебют
53587,3,0.6122,The Marginal Service,Остальные,Original,Дебют
53590,3,0.8856,Saijaku Tamer wa Gomi Hiroi no Tabi wo Hajimemashita.,Надёжный просмотр,Light novel,Дебют
53613,3,0.8783,Dead Mount Death Play,Надёжный просмотр,Manga,Дебют
53632,3,0.8741,Yumemiru Danshi wa Genjitsushugisha,Надёжный просмотр,Light novel,Дебют
53633,3,0.6923,Bullbuster,Остальные,Mixed media,Дебют
53698,3,0.7772,World Dai Star,Остальные,Mixed media,Дебют
53723,3,0.8176,Acro Trip,Остальные,Manga,Дебют
53730,3,0.8842,"Sokushi Cheat ga Saikyou sugite, Isekai no Yatsura ga Marude Aite ni Naranai n desu ga.",Надёжный просмотр,Light novel,Дебют
53770,3,0.8637,Sentai Daishikkaku,Остальные,Manga,Дебют
53787,3,0.7582,AI no Idenshi,Остальные,Manga,Дебют
53833,3,0.8903,Watashi no Oshi wa Akuyaku Reijou.,Флагманы,Light novel,Дебют
53835,3,0.8242,Unnamed Memory,Остальные,Light novel,Дебют
53887,3,0.9193,Spy x Family Season 2,Флагманы,Manga,Продолжение
53889,3,0.8322,Ao no Exorcist: Shimane Illuminati-hen,Остальные,Manga,Продолжение
53912,3,0.8124,Seiyuu Radio no Uraomote,Остальные,Light novel,Дебют
53924,3,0.8431,Jibaku Shounen Hanako-kun 2,Нишевые любимчики,Manga,Продолжение
54028,3,0.6805,Turkey!,Остальные,Original,Дебют
54103,3,0.834,Hikikomari Kyuuketsuki no Monmon,Нишевые любимчики,Light novel,Дебют
54112,3,0.8874,Zom 100: Zombie ni Naru made ni Shitai 100 no Koto,Флагманы,Manga,Дебют
54199,3,0.7828,Kaii to Otome to Kamikakushi,Остальные,Web manga,Дебют
54233,3,0.7584,Sasayaku You ni Koi wo Utau,Нишевые любимчики,Manga,Дебют
54259,3,0.8047,Rokudou no Onna-tachi,Остальные,Manga,Дебют
54265,3,0.8176,Kekkon Yubiwa Monogatari,Надёжный просмотр,Manga,Дебют
54275,3,0.8462,Temple,Остальные,Web manga,Дебют
54284,3,0.7229,VTuber Nandaga Haishin Kiri Wasuretara Densetsu ni Natteta,Остальные,Light novel,Дебют
54301,3,0.8236,Overtake!,Нишевые любимчики,Original,Дебют
54309,3,0.7368,Blue Archive the Animation,Нишевые любимчики,Game,Дебют
54362,3,0.8539,Hametsu no Oukoku,Остальные,Manga,Дебют
54431,3,0.8614,Toaru Ossan no VRMMO Katsudouki,Надёжный просмотр,Light novel,Дебют
54449,3,0.7358,Ishura,Остальные,Light novel,Дебют
54595,3,0.9451,Kage no Jitsuryokusha ni Naritakute! 2nd Season,Флагманы,Light novel,Продолжение
54616,3,0.8887,Potion-danomi de Ikinobimasu!,Надёжный просмотр,Light novel,Дебют
54617,3,0.7609,Kyuujitsu no Warumono-san,Остальные,Web manga,Дебют
54632,3,0.9025,Gekai Elise,Надёжный просмотр,Web manga,Дебют
54638,3,0.6663,Kawagoe Boys Sing,Остальные,Original,Дебют
54714,3,0.8871,Kimi no Koto ga Daidaidaidaidaisuki na 100-nin no Kanojo,Флагманы,Manga,Дебют
54716,3,0.7604,Kibou no Chikara: Otona Precure '23,Остальные,Original,Дебют
54717,3,0.8155,Mahoutsukai Precure!! Mirai Days,Остальные,Original,Продолжение
54724,3,0.8313,Nige Jouzu no Wakagimi,Остальные,Manga,Дебют
54726,3,0.7958,"Tsuma, Shougakusei ni Naru.",Остальные,Manga,Дебют
54738,3,0.7803,Majutsushi Orphen Hagure Tabi: Seiiki-hen,Остальные,Light novel,Продолжение
54743,3,0.907,Dead Mount Death Play Part 2,Надёжный просмотр,Manga,Продолжение
54744,3,0.9116,Tokidoki Bosotto Russia-go de Dereru Tonari no Alya-san,Флагманы,Light novel,Дебют
54758,3,0.7791,The iDOLM@STER Shiny Colors,Остальные,Game,Продолжение
54760,3,0.7254,Ryza no Atelier: Tokoyami no Joou to Himitsu no Kakurega,Остальные,Game,Дебют
54769,3,0.5923,Sousei no Aquarion: Myth of Emotions,Остальные,Original,Дебют
54798,3,0.6598,Kamierabi,Остальные,Original,Дебют
54837,3,0.9356,Akuyaku Reijou Level 99: Watashi wa Ura-Boss desu ga Maou dewa Arimasen,Надёжный просмотр,Light novel,Дебют
54839,3,0.8293,Yoru no Kurage wa Oyogenai,Нишевые любимчики,Original,Дебют
54842,3,0.9099,Sugar Apple Fairy Tale Part 2,Надёжный просмотр,Light novel,Продолжение
54852,3,0.9103,Kikansha no Mahou wa Tokubetsu desu,Надёжный просмотр,Web manga,Дебют
54853,3,0.8682,Maou 2099,Надёжный просмотр,Light novel,Дебют
54855,3,0.7605,Senpai wa Otokonoko,Остальные,Web manga,Дебют
54859,3,0.655,Rinkai!,Остальные,Mixed media,Дебют
54869,3,0.8558,High Card Season 2,Остальные,Mixed media,Продолжение
54883,3,0.9072,Mononogatari 2nd Season,Надёжный просмотр,Manga,Продолжение
54913,3,0.9197,"Shinmai Ossan Boukensha, Saikyou Party ni Shinu hodo Kitaerarete Muteki ni Naru.",Надёжный просмотр,Light novel,Дебют
54914,3,0.5817,Bikkurimen,Остальные,Other,Дебют
54947,3,0.876,Spy Kyoushitsu 2nd Season,Остальные,Light novel,Продолжение
54968,3,0.7985,Giji Harem,Нишевые любимчики,Web manga,Дебют
55129,3,0.7893,Oroka na Tenshi wa Akuma to Odoru,Остальные,Manga,Дебют
55150,3,0.8809,Yarinaoshi Reijou wa Ryuutei Heika wo Kouryakuchuu,Надёжный просмотр,Light novel,Дебют
55153,3,0.8249,Yuzuki-san Chi no Yonkyoudai.,Остальные,Manga,Дебют
55265,3,0.9167,"Tensei Kizoku, Kantei Skill de Nariagaru",Надёжный просмотр,Light novel,Дебют
55310,3,0.8354,Atarashii Joushi wa Do Tennen,Нишевые любимчики,Web manga,Дебют
55358,3,0.8481,Bucchigiri?!,Остальные,Original,Дебют
55397,3,0.6782,Pon no Michi,Остальные,Original,Дебют
55514,3,0.7403,Zatsu Tabi: That's Journey,Остальные,Manga,Дебют
55528,3,0.7909,Yuuki Bakuhatsu Bang Bravern,Нишевые любимчики,Original,Дебют
55597,3,0.7982,Hananoi-kun to Koi no Yamai,Остальные,Manga,Дебют
55710,3,0.5042,Hana-Doll*: Reinterpretation of Flowering,Остальные,Mixed media,Дебют
55717,3,0.7673,Dekisokonai to Yobareta Motoeiyuu wa Jikka kara Tsuihou sareta node Sukikatte ni Ikiru Koto ni Shita,Остальные,Light novel,Дебют
55742,3,0.9126,Mahoutsukai no Yome Season 2 Part 2,Остальные,Manga,Продолжение
55749,3,0.8821,Megami no Café Terrace 2nd Season,Остальные,Manga,Продолжение
55774,3,0.748,"Himesama ""Goumon"" no Jikan desu",Остальные,Manga,Дебют
55775,3,0.8176,Kizuna no Allele Season 2,Остальные,Original,Продолжение
55813,3,0.9369,Mashle: Shinkakusha Kouho Senbatsu Shiken-hen,Надёжный просмотр,Manga,Продолжение
55823,3,0.8371,Natsume Yuujinchou Shichi,Нишевые любимчики,Manga,Продолжение
55842,3,0.7494,Okinawa de Suki ni Natta Ko ga Hougen Sugite Tsurasugiru,Остальные,Web manga,Дебют
55844,3,0.8179,Tasogare Out Focus,Нишевые любимчики,Manga,Дебют
55866,3,0.8639,Yubisaki to Renren,Флагманы,Manga,Дебют
55877,3,0.8485,Henjin no Salad Bowl,Остальные,Light novel,Дебют
55887,3,0.8418,"Kekkon suru tte, Hontou desu ka",Остальные,Manga,Дебют
55888,3,0.9461,Mushoku Tensei II: Isekai Ittara Honki Dasu Part 2,Флагманы,Light novel,Продолжение
55894,3,0.7416,Bokura no Ame-iro Protocol,Остальные,Original,Дебют
55973,3,0.8717,30-sai made Doutei dato Mahoutsukai ni Nareru Rashii,Флагманы,Manga,Дебют
55994,3,0.8224,Sword Art Online Alternative: Gun Gale Online II,Остальные,Light novel,Продолжение
55996,3,0.7769,Koi wa Futago de Warikirenai,Остальные,Light novel,Дебют
55997,3,0.8608,"Guild no Uketsukejou desu ga, Zangyou wa Iya nanode Boss wo Solo Toubatsu Shiyou to Omoimasu",Надёжный просмотр,Light novel,Дебют
55998,3,0.7208,Momochi-san Chi no Ayakashi Ouji,Остальные,Manga,Дебют
56062,3,0.8384,Naze Boku no Sekai wo Daremo Oboeteinai no ka?,Остальные,Light novel,Дебют
56063,3,0.8713,NieR:Automata Ver1.1a Part 2,Остальные,Game,Продолжение
56135,3,0.7425,UniteUp! Uni:Birth,Нишевые любимчики,Music,Продолжение
56165,3,0.8239,Boukyaku Battery (TV),Нишевые любимчики,Manga,Дебют
56348,3,0.8255,Dungeon no Naka no Hito,Остальные,Web manga,Дебют
56352,3,0.922,"Loop 7-kaime no Akuyaku Reijou wa, Moto Tekikoku de Jiyuu Kimama na Hanayome Seikatsu wo Mankitsu suru",Флагманы,Light novel,Дебют
56400,3,0.7964,"Maou-sama, Retry! R",Остальные,Web manga,Продолжение
56449,3,0.8249,Madougushi Dahliya wa Utsumukanai,Остальные,Light novel,Дебют
56461,3,0.6174,Hamidashi Creative,Остальные,Visual novel,Дебют
56690,3,0.9133,Re:Monster,Надёжный просмотр,Light novel,Дебют
56691,3,0.5603,Gekkan Mousou Kagaku,Остальные,Original,Дебют
56700,3,0.8016,Jidou Hanbaiki ni Umarekawatta Ore wa Meikyuu wo Samayou 2nd Season,Остальные,Light novel,Продолжение
56731,3,0.8599,Synduality: Noir Part 2,Остальные,Mixed media,Продолжение
56738,3,0.9004,Shinigami Bocchan to Kuro Maid 3rd Season,Остальные,Web manga,Продолжение
56768,3,0.7931,"Tadaima, Okaeri",Нишевые любимчики,Manga,Дебют
56838,3,0.8346,"One Room, Hiatari Futsuu, Tenshi-tsuki.",Остальные,Manga,Дебют
56843,3,0.8304,Goukon ni Ittara Onna ga Inakatta Hanashi,Нишевые любимчики,Web manga,Дебют
56845,3,0.8431,"Saikyou Tank no Meikyuu Kouryaku: Tairyoku 9999 no Rare Skill-mochi Tank, Yuusha Party wo Tsuihou sareru",Надёжный просмотр,Manga,Дебют
56907,3,0.8265,Koujo Denka no Kateikyoushi,Остальные,Light novel,Дебют
56923,3,0.9198,Lv2 kara Cheat datta Motoyuusha Kouho no Mattari Isekai Life,Надёжный просмотр,Light novel,Дебют
56964,3,0.8336,Raise wa Tanin ga Ii,Остальные,Manga,Дебют
56967,3,0.8036,Kamierabi 2nd Season,Остальные,Original,Продолжение
57031,3,0.7766,Vampire Dormitory,Остальные,Manga,Дебют
57050,3,0.7556,Kisaki Kyouiku kara Nigetai Watashi,Остальные,Manga,Дебют
57058,3,0.9137,"Ore wa Subete wo ""Parry"" suru: Gyaku Kanchigai no Sekai Saikyou wa Boukensha ni Naritai",Надёжный просмотр,Light novel,Дебют
57099,3,0.6967,Na Nare Hana Nare,Остальные,Original,Дебют
57100,3,0.9005,The New Gate,Надёжный просмотр,Light novel,Дебют
57152,3,0.5577,Mahoutsukai no Yakusoku,Остальные,Game,Дебют
57217,3,0.8217,Katsute Mahou Shoujo to Aku wa Tekitai shiteita.,Остальные,Manga,Дебют
57315,3,0.7808,"Meitou ""Isekai no Yu"" Kaitakuki: Around 40 Onsen Mania no Tensei Saki wa, Nonbiri Onsen Tengoku deshita",Остальные,Light novel,Дебют
57325,3,0.7483,Ramen Akaneko,Остальные,Manga,Дебют
57334,3,0.9258,Dandadan,Флагманы,Manga,Дебют
57360,3,0.791,Kabushikigaisha Magi-Lumière,Остальные,Manga,Дебют
57362,3,0.8187,Hoshifuru Oukoku no Nina,Нишевые любимчики,Manga,Дебют
57380,3,0.8689,Isekai Yururi Kikou: Kosodateshinagara Boukensha Shimasu,Надёжный просмотр,Light novel,Дебют
57391,3,0.7524,Astro Note,Остальные,Original,Дебют
57517,3,0.7235,Puniru wa Kawaii Slime,Остальные,Manga,Дебют
57524,3,0.9032,Make Heroine ga Oosugiru!,Флагманы,Light novel,Дебют
57559,3,0.922,MF Ghost 2nd Season,Надёжный просмотр,Manga,Продолжение
57562,3,0.8398,Hyakushou Kizoku 2nd Season,Остальные,Manga,Продолжение
57567,3,0.8521,Shy 2nd Season,Остальные,Manga,Продолжение
57592,3,0.9205,Dr. Stone: Science Future,Надёжный просмотр,Manga,Продолжение
57611,3,0.8012,Kimi wa Meido-sama.,Остальные,Web manga,Дебют
57616,3,0.8977,Kimi no Koto ga Daidaidaidaidaisuki na 100-nin no Kanojo 2nd Season,Нишевые любимчики,Manga,Продолжение
57623,3,0.907,Nijiyon Animation 2,Остальные,4-koma manga,Продолжение
57646,3,0.8446,Mob kara Hajimaru Tansaku Eiyuutan,Надёжный просмотр,Light novel,Дебют
57648,3,0.8459,Nihon e Youkoso Elf-san.,Остальные,Light novel,Дебют
57719,3,0.8726,Akuyaku Reijou Tensei Ojisan,Надёжный просмотр,Manga,Дебют
57820,3,0.5562,Kamitsubaki-shi Kensetsuchuu.,Остальные,Other,Дебют
57845,3,0.7505,Elf-san wa Yaserarenai.,Остальные,Web manga,Дебют
57876,3,0.8397,Maougun Saikyou no Majutsushi wa Ningen datta,Надёжный просмотр,Manga,Дебют
57891,3,0.8893,Hitoribocchi no Isekai Kouryaku,Надёжный просмотр,Light novel,Дебют
57892,3,0.913,"Hazurewaku no ""Joutai Ijou Skill"" de Saikyou ni Natta Ore ga Subete wo Juurin suru made",Надёжный просмотр,Light novel,Дебют
57907,3,0.8469,Tate no Yuusha no Nariagari Season 4,Остальные,Light novel,Продолжение
57944,3,0.8638,"Party kara Tsuihou sareta Sono Chiyushi, Jitsu wa Saikyou ni Tsuki",Надёжный просмотр,Light novel,Дебют
57947,3,0.8027,Mayonaka Punch,Остальные,Original,Дебют
58059,3,0.9087,Tsue to Tsurugi no Wistoria,Надёжный просмотр,Manga,Дебют
58066,3,0.761,Sorairo Utility (TV),Остальные,Original,Дебют
58080,3,0.8469,Kenka Dokugaku,Надёжный просмотр,Web manga,Дебют
58131,3,0.8525,Shiunji-ke no Kodomotachi,Остальные,Manga,Дебют
58173,3,0.7303,Mahoutsukai ni Narenakatta Onnanoko no Hanashi,Остальные,Novel,Дебют
58197,3,0.598,Nyaight of the Living Cat,Остальные,Manga,Дебют
58216,3,0.748,Übel Blatt,Остальные,Manga,Дебют
58259,3,0.6703,"Douse, Koishite Shimaunda.",Остальные,Manga,Дебют
58265,3,0.7163,Babanbabanban Vampire,Остальные,Manga,Дебют
58271,3,0.7931,Honey Lemon Soda,Остальные,Manga,Дебют
58272,3,0.7741,Boku no Tsuma wa Kanjou ga Nai,Остальные,Manga,Дебют
58302,3,0.8194,The iDOLM@STER Shiny Colors 2nd Season,Остальные,Game,Продолжение
58359,3,0.8655,"Isshun de Chiryou shiteita noni Yakutatazu to Tsuihou sareta Tensai Chiyushi, Yami Healer toshite Tanoshiku Ikiru",Надёжный просмотр,Light novel,Дебют
58390,3,0.7809,Yofukashi no Uta Season 2,Нишевые любимчики,Manga,Продолжение
58426,3,0.7572,Shikanoko Nokonoko Koshitantan,Нишевые любимчики,Manga,Дебют
58437,3,0.8915,"Botsuraku Yotei no Kizoku dakedo, Hima Datta kara Mahou wo Kiwametemita",Надёжный просмотр,Light novel,Дебют
58445,3,0.8584,"Sayounara Ryuusei, Konnichiwa Jinsei",Надёжный просмотр,Light novel,Дебют
58473,3,0.8045,"S-Rank Monster no ""Behemoth"" dakedo, Neko to Machigawarete Elf Musume no Pet toshite Kurashitemasu",Остальные,Manga,Дебют
58484,3,0.8605,Ishura 2nd Season,Остальные,Light novel,Продолжение
58492,3,0.8095,Mono,Остальные,4-koma manga,Дебют
58502,3,0.8159,Zenshuu.,Нишевые любимчики,Original,Дебют
58511,3,0.8584,Nanatsu no Taizai: Mokushiroku no Yonkishi 2nd Season,Остальные,Manga,Продолжение
58516,3,0.8772,Ao no Exorcist: Yuki no Hate-hen,Остальные,Manga,Продолжение
58600,3,0.8071,Ameku Takao no Suiri Karte,Остальные,Novel,Дебют
58614,3,0.8444,Teogonia,Остальные,Light novel,Дебют
58714,3,0.895,"Saikyou no Shienshoku ""Wajutsushi"" de Aru Ore wa Sekai Saikyou Clan wo Shitagaeru",Надёжный просмотр,Light novel,Дебют
58725,3,0.8198,Ninja to Koroshiya no Futarigurashi,Остальные,Manga,Дебют
58822,3,0.9188,Izure Saikyou no Renkinjutsushi?,Надёжный просмотр,Light novel,Дебют
58833,3,0.7217,Kakushite! Makina-san!!,Остальные,Manga,Дебют
58853,3,0.8016,Kuroiwa Medaka ni Watashi no Kawaii ga Tsuujinai,Остальные,Manga,Дебют
58854,3,0.701,Kinoko Inu,Остальные,Manga,Дебют
58913,3,0.7265,Hikaru ga Shinda Natsu,Нишевые любимчики,Web manga,Дебют
58926,3,0.6782,Egumi Legacy,Остальные,Card game,Дебют
58985,3,0.6425,0-saiji Start Dash Monogatari,Остальные,Manga,Дебют
59002,3,0.8442,"Hazure Skill ""Kinomi Master"": Skill no Mi (Tabetara Shinu) wo Mugen ni Taberareru You ni Natta Ken ni Tsuite",Надёжный просмотр,Manga,Дебют
59055,3,0.7619,"Hana wa Saku, Shura no Gotoku",Остальные,Manga,Дебют
59095,3,0.891,"Tensei shitara Dainana Ouji Datta node, Kimama ni Majutsu wo Kiwamemasu 2nd Season",Остальные,Light novel,Продолжение
59113,3,0.5908,Farmagia,Остальные,Game,Дебют
59131,3,0.8953,"Tensei Kizoku, Kantei Skill de Nariagaru 2nd Season",Надёжный просмотр,Light novel,Продолжение
59135,3,0.8611,Class no Daikirai na Joshi to Kekkon suru Koto ni Natta.,Надёжный просмотр,Light novel,Дебют
59136,3,0.7673,Tasokare Hotel,Остальные,Game,Дебют
59142,3,0.8264,Unnamed Memory Act.2,Остальные,Light novel,Продолжение
59144,3,0.8818,"Fuguushoku ""Kanteishi"" ga Jitsu wa Saikyou Datta",Надёжный просмотр,Light novel,Дебют
59145,3,0.8815,Ranma ½ (2024),Флагманы,Manga,Дебют
59160,3,0.8837,Wind Breaker Season 2,Надёжный просмотр,Web manga,Продолжение
59161,3,0.7105,Bad Girl,Остальные,4-koma manga,Дебют
59169,3,0.7448,Aru Majo ga Shinu Made,Остальные,Light novel,Дебют
59189,3,0.864,Sentai Daishikkaku 2nd Season,Остальные,Manga,Продолжение
59205,3,0.8614,Clevatess: Majuu no Ou to Akago to Shikabane no Yuusha,Остальные,Web manga,Дебют
59207,3,0.867,"Mikadono Sanshimai wa Angai, Choroi.",Остальные,Manga,Дебют
59226,3,0.8979,Ao no Exorcist: Yosuga-hen,Остальные,Manga,Продолжение
59265,3,0.8638,Magic Maker: Isekai Mahou no Tsukurikata,Надёжный просмотр,Light novel,Дебют
59277,3,0.7823,"Kanojo, Okarishimasu 4th Season",Остальные,Manga,Продолжение
59322,3,0.8493,Shirobuta Kizoku desu ga Zense no Kioku ga Haeta node Hiyoko na Otouto Sodatemasu,Надёжный просмотр,Light novel,Дебют
59349,3,0.8323,Salaryman ga Isekai ni Ittara Shitennou ni Natta Hanashi,Надёжный просмотр,Web manga,Дебют
59361,3,0.7767,Kono Kaisha ni Suki na Hito ga Imasu,Остальные,Manga,Дебют
59402,3,0.7954,Kakkou no Iinazuke Season 2,Остальные,Manga,Продолжение
59421,3,0.8407,Zutaboro Reijou wa Ane no Moto Konyakusha ni Dekiai sareru,Остальные,Light novel,Дебют
59424,3,0.8689,"Yuusha Party wo Tsuihou sareta Shiromadoushi, S-Rank Boukensha ni Hirowareru: Kono Shiromadoushi ga Kikakugai Sugiru",Остальные,Manga,Дебют
59425,3,0.8037,NegaPosi Angler,Остальные,Original,Дебют
59452,3,0.881,"Katainaka no Ossan, Kensei ni Naru",Надёжный просмотр,Light novel,Дебют
59457,3,0.6949,"Haite Kudasai, Takamine-san",Нишевые любимчики,Manga,Дебют
59466,3,0.8482,Aharen-san wa Hakarenai Season 2,Остальные,Manga,Продолжение
59514,3,0.7751,Sentai Red Isekai de Boukensha ni Naru,Остальные,Manga,Дебют
59619,3,0.712,Ame to Kimi to,Остальные,Manga,Дебют
59632,3,0.7287,Mattaku Saikin no Tantei to Kitara,Остальные,Manga,Дебют
59675,3,0.8129,Apocalypse Hotel,Нишевые любимчики,Original,Дебют
59689,3,0.733,Game Center Shoujo to Ibunka Kouryuu,Остальные,Web manga,Дебют
59744,3,0.6826,Maebashi Witches,Остальные,Original,Дебют
59745,3,0.7342,Chotto dake Ai ga Omoi Dark Elf ga Isekai kara Oikaketekita,Остальные,Web manga,Дебют
59828,3,0.8835,Shoushimin Series 2nd Season,Нишевые любимчики,Novel,Продолжение
59935,3,0.8519,Gorilla no Kami kara Kago sareta Reijou wa Ouritsu Kishidan de Kawaigarareru,Надёжный просмотр,Web manga,Дебют
59961,3,0.6558,Kizu darake Seijo yori Houfuku wo Komete,Остальные,Web manga,Дебют
59986,3,0.8247,Grand Blue Season 2,Нишевые любимчики,Manga,Продолжение
60009,3,0.721,Chuuzenji-sensei Mononoke Kougiroku: Sensei ga Nazo wo Hodoite Shimau kara.,Остальные,Manga,Дебют
60140,3,0.902,"Kanchigai no Atelier Meister: Eiyuu Party no Moto Zatsuyougakari ga, Jitsu wa Sentou Igai ga SSS Rank Datta to Iu Yoku Aru Hanashi",Надёжный просмотр,Light novel,Дебют
60146,3,0.7948,"Saikyou no Ousama, Nidome no Jinsei wa Nani wo Suru?",Флагманы,Other,Дебют
60154,3,0.8679,Ore wa Seikan Kokka no Akutoku Ryoushu!,Надёжный просмотр,Light novel,Дебют
60157,3,0.9005,Kanpekisugite Kawaige ga Nai to Konyaku Haki sareta Seijo wa Ringoku ni Urareru,Надёжный просмотр,Light novel,Дебют
60293,3,0.8001,Ballpark de Tsukamaete!,Остальные,Manga,Дебют
60315,3,0.6252,Dekin no Mogura,Остальные,Manga,Дебют
60316,3,0.8214,Busamen Gachi Fighter,Остальные,Manga,Дебют
60326,3,0.7751,"Watashi ga Koibito ni Nareru Wake Nai jan, Muri Muri! (※Muri ja Nakatta!?)",Нишевые любимчики,Light novel,Дебют
60377,3,0.725,Nazotoki wa Dinner no Ato de,Остальные,Novel,Дебют
60425,3,0.7967,0-saiji Start Dash Monogatari Season 2,Остальные,Manga,Продолжение
60449,3,0.814,Kidou Senshi Gundam: GQuuuuuuX,Остальные,Original,Дебют
60505,3,0.6028,Necronomico no Cosmic Horror Show,Остальные,Original,Дебют
60523,3,0.8506,Tsuihousha Shokudou e Youkoso!,Остальные,Light novel,Дебют
60543,3,0.8819,Dandadan 2nd Season,Нишевые любимчики,Manga,Продолжение
60603,3,0.8047,Puniru wa Kawaii Slime 2nd Season,Остальные,Manga,Продолжение
60658,3,0.8228,Hibi wa Sugiredo Meshi Umashi,Нишевые любимчики,Original,Дебют
60697,3,0.7658,Fermat no Ryouri,Остальные,Manga,Дебют
60732,3,0.8785,Mizu Zokusei no Mahoutsukai,Остальные,Light novel,Дебют
60951,3,0.743,Kizetsu Yuusha to Ansatsu Hime,Остальные,Manga,Дебют
61150,3,0.7252,Onmyou Kaiten Re:Birth,Остальные,Original,Дебют
61239,3,0.4485,Binan Koukou Chikyuu Bouei-bu Haikara!,Остальные,Original,Дебют
61274,3,0.8023,Ginga Tokkyuu Milky☆Subway,Остальные,Original,Дебют
61322,3,0.8982,Dr. Stone: Science Future Part 2,Остальные,Manga,Продолжение
61339,3,0.819,Jibaku Shounen Hanako-kun 2 Part 2,Остальные,Manga,Продолжение
61410,3,0.7386,Chotto dake Ai ga Omoi Dark Elf ga Isekai kara Oikaketekita Mini Anime Gekijou,Остальные,Web manga,Дебют
32455,4,0.689,Gekidol: Actidol Project,Остальные,Original,Дебют
35252,4,0.6998,Hatena☆Illusion,Остальные,Light novel,Дебют
35335,4,0.7266,Musashino!,Остальные,Original,Дебют
36458,4,0.637,Soukou Musume Senki,Остальные,Game,Дебют
37587,4,0.7642,Lapis Re:LiGHTs,Остальные,Mixed media,Дебют
37599,4,0.7423,Magatsu Wahrheit: Zuerst,Остальные,Game,Дебют
37890,4,0.8411,Oshi ga Budoukan Ittekuretara Shinu,Нишевые любимчики,Manga,Дебют
38005,4,0.8436,Strike Witches: Road to Berlin,Остальные,Original,Продолжение
38006,4,0.6999,Renmei Kuugun Koukuu Mahou Ongakutai Luminous Witches,Остальные,Original,Дебют
38192,4,0.7426,Sakugan,Остальные,Novel,Дебют
38302,4,0.7249,Boku no Tonari ni Ankoku Hakaishin ga Imasu.,Остальные,Manga,Дебют
38337,4,0.8799,Gochuumon wa Usagi desu ka? Bloom,Нишевые любимчики,4-koma manga,Продолжение
38440,4,0.5996,Shikizakura,Остальные,Original,Дебют
38476,4,0.9223,Heya Camp△,Надёжный просмотр,Manga,Дебют
38555,4,0.9216,Otome Game no Hametsu Flag shika Nai Akuyaku Reijou ni Tensei shiteshimatta...,Флагманы,Light novel,Дебют
38668,4,0.8907,Dorohedoro,Флагманы,Manga,Дебют
38790,4,0.9104,Itai no wa Iya nanode Bougyoryoku ni Kyokufuri Shitai to Omoimasu.,Флагманы,Light novel,Дебют
38830,4,0.9115,"Hachi-nan tte, Sore wa Nai deshou!",Надёжный просмотр,Light novel,Дебют
38835,4,0.8971,Umayon,Надёжный просмотр,4-koma manga,Дебют
38843,4,0.8287,Shironeko Project: Zero Chronicle,Надёжный просмотр,Game,Дебют
38853,4,0.4396,Ex-Arm,Остальные,Manga,Дебют
38924,4,0.7842,Nekopara,Остальные,Visual novel,Дебют
38992,4,0.8267,Rikei ga Koi ni Ochita no de Shoumei shitemita.,Остальные,Web manga,Дебют
39017,4,0.87,Kyokou Suiri,Надёжный просмотр,Manga,Дебют
39184,4,0.7635,A3! Season Spring & Summer,Нишевые любимчики,Game,Дебют
39247,4,0.9307,Kobayashi-san Chi no Maid Dragon S,Флагманы,Manga,Продолжение
39388,4,0.7669,Koisuru Asteroid,Остальные,4-koma manga,Дебют
39469,4,0.8641,Tsugu Tsugumomo,Остальные,Manga,Дебют
39531,4,0.7748,Kuutei Dragons,Остальные,Manga,Дебют
39534,4,0.8561,Jibaku Shounen Hanako-kun,Флагманы,Manga,Дебют
39547,4,0.9301,Yahari Ore no Seishun Love Comedy wa Machigatteiru. Kan,Флагманы,Light novel,Продолжение
39551,4,0.9584,Tensei shitara Slime Datta Ken 2nd Season,Флагманы,Manga,Продолжение
39575,4,0.8088,Somali to Mori no Kamisama,Остальные,Web manga,Дебют
39582,4,0.7088,Kitsutsuki Tanteidokoro,Остальные,Novel,Дебют
39583,4,0.7691,number24,Остальные,Original,Дебют
39609,4,0.7801,Ochikobore Fruit Tart,Остальные,4-koma manga,Дебют
39710,4,0.869,Yesterday wo Utatte,Остальные,Manga,Дебют
39725,4,0.6904,I★Chu: Halfway Through the Idol,Нишевые любимчики,Game,Дебют
39730,4,0.8192,Houkago Teibou Nisshi,Остальные,Manga,Дебют
39783,4,0.9539,5-toubun no Hanayome ∬,Флагманы,Manga,Продолжение
39790,4,0.8323,Adachi to Shimamura,Нишевые любимчики,Light novel,Дебют
39792,4,0.8043,Eizouken ni wa Te wo Dasu na!,Нишевые любимчики,Manga,Дебют
39808,4,0.9056,Non Non Biyori Nonstop,Нишевые любимчики,Manga,Продолжение
39893,4,0.6337,Muteking the Dancing Hero,Остальные,Original,Дебют
39917,4,0.4777,Sabiiro no Armor: Reimei,Остальные,Mixed media,Дебют
39948,4,0.8273,Muhyo to Rouji no Mahouritsu Soudan Jimusho 2nd Season,Остальные,Manga,Продолжение
39960,4,0.9102,Yatogame-chan Kansatsu Nikki Nisatsume,Надёжный просмотр,4-koma manga,Продолжение
39966,4,0.6773,Tamayomi,Остальные,Manga,Дебют
39988,4,0.9476,Isekai Quartet 2,Надёжный просмотр,Original,Продолжение
40010,4,0.8595,Ishuzoku Reviewers,Флагманы,Web manga,Дебют
40056,4,0.8334,Deca-Dence,Надёжный просмотр,Original,Дебют
40059,4,0.9418,Golden Kamuy 3rd Season,Флагманы,Manga,Продолжение
40060,4,0.9035,BNA,Флагманы,Original,Дебют
40074,4,0.5785,Gibiate,Остальные,Original,Дебют
40075,4,0.7428,Koi to Producer: EVOLxLOVE,Остальные,Game,Дебют
40085,4,0.6345,Maesetsu!,Остальные,Original,Дебют
40128,4,0.8406,Arte,Остальные,Manga,Дебют
40136,4,0.6948,Oda Cinnamon Nobunaga,Остальные,Manga,Дебют
40148,4,0.7848,22/7,Остальные,Other,Дебют
40165,4,0.614,Listeners,Остальные,Original,Дебют
40174,4,0.8785,Zombieland Saga Revenge,Нишевые любимчики,Original,Продолжение
40230,4,0.7855,Housekishou Richard-shi no Nazo Kantei,Остальные,Novel,Дебют
40272,4,0.8779,A3! Season Autumn & Winter,Нишевые любимчики,Game,Дебют
40357,4,0.9034,Tate no Yuusha no Nariagari Season 3,Нишевые любимчики,Light novel,Продолжение
40358,4,0.6067,Gal to Kyouryuu,Остальные,Manga,Дебют
40359,4,0.7423,Ikebukuro West Gate Park,Остальные,Novel,Дебют
40392,4,0.8592,Runway de Waratte,Остальные,Manga,Дебют
40397,4,0.8602,Maoujou de Oyasumi,Флагманы,Manga,Дебют
40403,4,0.6126,Shin Sakura Taisen the Animation,Остальные,Game,Дебют
40436,4,0.8048,Peter Grill to Kenja no Jikan,Надёжный просмотр,Manga,Дебют
40454,4,0.9307,Dungeon ni Deai wo Motomeru no wa Machigatteiru Darou ka III,Надёжный просмотр,Light novel,Продолжение
40483,4,0.8848,Murenase! Seton Gakuen,Надёжный просмотр,Web manga,Дебют
40488,4,0.656,Futsal Boys!!!!!,Нишевые любимчики,Mixed media,Дебют
40507,4,0.9069,Arifureta Shokugyou de Sekai Saikyou 2nd Season,Флагманы,Light novel,Продолжение
40513,4,0.791,Nami yo Kiitekure,Остальные,Manga,Дебют
40526,4,0.6879,"Dragon, Ie wo Kau.",Остальные,Manga,Дебют
40529,4,0.8835,No Guns Life 2nd Season,Остальные,Manga,Продолжение
40530,4,0.8875,Jaku-Chara Tomozaki-kun,Надёжный просмотр,Light novel,Дебют
40550,4,0.746,Assault Lily: Bouquet,Остальные,Mixed media,Дебют
40571,4,0.8771,Majo no Tabitabi,Флагманы,Light novel,Дебют
40586,4,0.8568,"Slime Taoshite 300-nen, Shiranai Uchi ni Level Max ni Nattemashita",Надёжный просмотр,Light novel,Дебют
40591,4,0.9622,Kaguya-sama wa Kokurasetai? Tensai-tachi no Renai Zunousen,Флагманы,Manga,Продолжение
40594,4,0.8894,Tatoeba Last Dungeon Mae no Mura no Shounen ga Joban no Machi de Kurasu Youna Monogatari,Надёжный просмотр,Light novel,Дебют
40595,4,0.8548,"Kimi to Boku no Saigo no Senjou, Aruiwa Sekai ga Hajimaru Seisen",Надёжный просмотр,Light novel,Дебют
40608,4,0.709,Muv-Luv Alternative,Остальные,Visual novel,Дебют
40623,4,0.758,Dokyuu Hentai HxEros,Остальные,Manga,Дебют
40679,4,0.7871,2.43: Seiin Koukou Danshi Volley-bu,Остальные,Novel,Дебют
40685,4,0.8292,Super Cub,Нишевые любимчики,Light novel,Дебют
40708,4,0.8291,Monster Musume no Oishasan,Надёжный просмотр,Light novel,Дебют
40716,4,0.8581,Kakushigoto,Нишевые любимчики,Manga,Дебют
40738,4,0.7816,Natsunagu!,Остальные,Original,Дебют
40750,4,0.8776,Kaifuku Jutsushi no Yarinaoshi,Флагманы,Light novel,Дебют
40752,4,0.7395,Bishounen Tanteidan,Остальные,Novel,Дебют
40763,4,0.793,Show By Rock!! Mashumairesh!!,Остальные,Game,Продолжение
40776,4,0.9663,Haikyuu!! To the Top Part 2,Флагманы,Manga,Продолжение
40783,4,0.7161,"Shachou, Battle no Jikan desu!",Остальные,Game,Дебют
40786,4,0.7738,Skate-Leading☆Stars,Остальные,Original,Дебют
40815,4,0.9554,Honzuki no Gekokujou: Shisho ni Naru Tame ni wa Shudan wo Erandeiraremasen 2nd Season,Надёжный просмотр,Light novel,Продолжение
40839,4,0.9229,"Kanojo, Okarishimasu",Флагманы,Manga,Дебют
40842,4,0.7805,Idoly Pride,Нишевые любимчики,Mixed media,Дебют
40870,4,0.8158,SSSS.Dynazenon,Нишевые любимчики,Original,Дебют
40904,4,0.8746,Bokutachi no Remake,Флагманы,Light novel,Дебют
40907,4,0.9179,World Trigger 2nd Season,Остальные,Manga,Продолжение
40908,4,0.8823,Kemono Jihen,Надёжный просмотр,Manga,Дебют
40930,4,0.8732,Azur Lane: Bisoku Zenshin!,Остальные,4-koma manga,Продолжение
40935,4,0.9284,Beastars 2nd Season,Надёжный просмотр,Manga,Продолжение
40957,4,0.831,Shin Chuuka Ichiban! 2nd Season,Остальные,Manga,Продолжение
40958,4,0.7289,Rail Romanesque,Остальные,Visual novel,Дебют
40960,4,0.7586,Cheat Kusushi no Slow Life: Isekai ni Tsukurou Drugstore,Остальные,Light novel,Дебют
40961,4,0.6905,Hortensia Saga,Остальные,Game,Дебют
40974,4,0.8789,Kuma Kuma Kuma Bear,Надёжный просмотр,Light novel,Дебют
40995,4,0.7557,Hentatsu (TV),Остальные,Original,Дебют
41084,4,0.9275,Made in Abyss: Retsujitsu no Ougonkyou,Флагманы,Web manga,Продолжение
41103,4,0.855,Koi to Yobu ni wa Kimochi Warui,Флагманы,Web manga,Дебют
41109,4,0.8414,Log Horizon: Entaku Houkai,Остальные,Light novel,Продолжение
41169,4,0.8786,Love Live! Superstar!!,Нишевые любимчики,Other,Дебют
41226,4,0.8914,Uzaki-chan wa Asobitai!,Надёжный просмотр,Web manga,Дебют
41312,4,0.9043,Kami-tachi ni Hirowareta Otoko,Надёжный просмотр,Light novel,Дебют
41364,4,0.9096,One Room: Third Season,Остальные,Original,Продолжение
41372,4,0.6945,Senyoku no Sigrdrifa,Остальные,Original,Дебют
41380,4,0.8793,100-man no Inochi no Ue ni Ore wa Tatteiru,Надёжный просмотр,Manga,Дебют
41389,4,0.912,Tonikaku Kawaii,Флагманы,Manga,Дебют
41392,4,0.7345,Urasekai Picnic,Остальные,Novel,Дебют
41433,4,0.8953,Akudama Drive,Флагманы,Original,Дебют
41456,4,0.8605,"Sentouin, Haken shimasu!",Надёжный просмотр,Light novel,Дебют
41461,4,0.8987,Date A Live IV,Нишевые любимчики,Light novel,Продолжение
41487,4,0.9621,Tensei shitara Slime Datta Ken 2nd Season Part 2,Флагманы,Manga,Продолжение
41488,4,0.8842,Tensura Nikki: Tensei shitara Slime Datta Ken,Флагманы,Manga,Дебют
41514,4,0.8553,Itai no wa Iya nanode Bougyoryoku ni Kyokufuri Shitai to Omoimasu. 2,Остальные,Light novel,Продолжение
41520,4,0.8385,Show by Rock!! Stars!!,Остальные,Game,Продолжение
41521,4,0.7032,WIXOSS Diva(A)Live,Остальные,Card game,Дебют
41556,4,0.6376,Maiko-san Chi no Makanai-san,Остальные,Manga,Дебют
41574,4,0.8243,Guraburu!,Остальные,4-koma manga,Дебют
41589,4,0.729,Tokyo Mew Mew New ♡,Нишевые любимчики,Manga,Дебют
41762,4,0.7738,Tenchi Souzou Design-bu,Остальные,Manga,Дебют
41783,4,0.7494,Iwa Kakeru! Sport Climbing Girls,Остальные,Web manga,Дебют
41833,4,0.7689,Kyuuketsuki Sugu Shinu,Нишевые любимчики,Manga,Дебют
41899,4,0.8906,Ore dake Haireru Kakushi Dungeon,Надёжный просмотр,Light novel,Дебют
41930,4,0.8627,Kamisama ni Natta Hi,Нишевые любимчики,Original,Дебют
42071,4,0.8262,Yuuki Yuuna wa Yuusha de Aru Churutto!,Остальные,Game,Продолжение
42072,4,0.8011,Kenja no Deshi wo Nanoru Kenja,Надёжный просмотр,Light novel,Дебют
42203,4,0.948,Re:Zero kara Hajimeru Isekai Seikatsu 2nd Season Part 2,Флагманы,Light novel,Продолжение
42238,4,0.9487,Ani ni Tsukeru Kusuri wa Nai! 4,Надёжный просмотр,Web manga,Продолжение
42250,4,0.9029,Bungou Stray Dogs Wan!,Флагманы,Web manga,Продолжение
42282,4,0.8788,Otome Game no Hametsu Flag shika Nai Akuyaku Reijou ni Tensei shiteshimatta... X,Надёжный просмотр,Light novel,Продолжение
42307,4,0.6818,Subarashiki Kono Sekai The Animation,Остальные,Game,Дебют
42321,4,0.6289,Battle Athletess Daiundoukai ReSTART!,Остальные,Original,Дебют
42340,4,0.8592,Meikyuu Black Company,Надёжный просмотр,Web manga,Дебют
42351,4,0.8901,Senpai ga Uzai Kouhai no Hanashi,Надёжный просмотр,Web manga,Дебют
42361,4,0.8821,"Ijiranaide, Nagatoro-san",Флагманы,Web manga,Дебют
42385,4,0.7824,The iDOLM@STER Million Live!,Остальные,Game,Продолжение
42395,4,0.8064,Shakunetsu Kabaddi,Нишевые любимчики,Web manga,Дебют
42506,4,0.7929,World Witches Hasshin Shimasu!,Остальные,Original,Дебют
42516,4,0.6761,Cardfight!! Vanguard: overDress,Остальные,Original,Дебют
42544,4,0.821,Kaizoku Oujo,Нишевые любимчики,Original,Дебют
42568,4,0.7543,Yaku nara Mug Cup mo,Остальные,Manga,Дебют
42571,4,0.8474,Dogeza de Tanondemita,Остальные,Web manga,Дебют
42587,4,0.8416,Yuuki Yuuna wa Yuusha de Aru: Dai Mankai no Shou,Нишевые любимчики,Original,Продолжение
42590,4,0.8572,Mashiro no Oto,Остальные,Manga,Дебют
42627,4,0.7944,Peach Boy Riverside,Остальные,Manga,Дебют
42657,4,0.7102,Himitsukessha Taka no Tsume: Golden Spell,Остальные,Original,Дебют
42670,4,0.8675,Princess Connect! Re:Dive Season 2,Нишевые любимчики,Game,Продолжение
42745,4,0.8706,Machikado Mazoku: 2-choume,Остальные,4-koma manga,Продолжение
42822,4,0.806,Kai Byoui Ramune,Остальные,Manga,Дебют
42826,4,0.8649,Seijo no Maryoku wa Bannou desu,Надёжный просмотр,Light novel,Дебют
42883,4,0.8243,Sore dake ga Neck,Надёжный просмотр,Original,Дебют
42923,4,0.8929,SK∞,Флагманы,Original,Дебют
42959,4,0.9038,Yatogame-chan Kansatsu Nikki Sansatsume,Остальные,4-koma manga,Продолжение
42963,4,0.8511,"Kanojo, Okarishimasu 2nd Season",Нишевые любимчики,Manga,Продолжение
42994,4,0.8662,Jashin-chan Dropkick X,Остальные,Web manga,Продолжение
43007,4,0.8331,Osananajimi ga Zettai ni Makenai Love Comedy,Флагманы,Light novel,Дебют
43299,4,0.854,Wonder Egg Priority,Нишевые любимчики,Original,Дебют
43470,4,0.8406,Rikei ga Koi ni Ochita no de Shoumei shitemita. Heart,Остальные,Web manga,Продолжение
43523,4,0.9301,Tsuki ga Michibiku Isekai Douchuu,Флагманы,Light novel,Дебют
43756,4,0.8443,Bakuten!!,Нишевые любимчики,Original,Дебют
43767,4,0.7013,Night Head 2041,Нишевые любимчики,Other,Дебют
43814,4,0.8921,Deatte 5-byou de Battle,Надёжный просмотр,Web manga,Дебют
43969,4,0.8276,Kanojo mo Kanojo,Флагманы,Manga,Дебют
44040,4,0.7978,Abciee Shuugyou Nikki,Надёжный просмотр,Other,Дебют
44055,4,0.8614,Sasaki to Miyano,Флагманы,Web manga,Дебют
44081,4,0.6819,B-Project: Netsuretsu*Love Call,Остальные,Mixed media,Дебют
44203,4,0.9252,Seirei Gensouki,Флагманы,Light novel,Дебют
44204,4,0.8565,Kyokou Suiri Season 2,Остальные,Manga,Продолжение
44235,4,0.9325,Pui Pui Molcar,Флагманы,Other,Дебют
44274,4,0.7062,Puraore! Pride of Orange,Остальные,Mixed media,Дебют
44276,4,0.865,Kyuukyoku Shinka shita Full Dive RPG ga Genjitsu yori mo Kusoge Dattara,Надёжный просмотр,Light novel,Дебют
44387,4,0.7239,Sankaku Mado no Sotogawa wa Yoru,Нишевые любимчики,Manga,Дебют
44511,4,0.936,Chainsaw Man,Флагманы,Manga,Дебют
44516,4,0.7922,Koroshi Ai,Остальные,Manga,Дебют
44524,4,0.88,Isekai Meikyuu de Harem wo,Флагманы,Light novel,Дебют
44881,4,0.9194,100-man no Inochi no Ue ni Ore wa Tatteiru 2nd Season,Надёжный просмотр,Manga,Продолжение
45055,4,0.8693,Taishou Otome Otogibanashi,Нишевые любимчики,Manga,Дебют
45425,4,0.8122,Slow Loop,Остальные,Manga,Дебют
45486,4,0.8851,Kuma Kuma Kuma Bear Punch!,Остальные,Light novel,Продолжение
45560,4,0.7297,Orient,Остальные,Manga,Дебют
45576,4,0.962,Mushoku Tensei: Isekai Ittara Honki Dasu Part 2,Флагманы,Light novel,Продолжение
45587,4,0.8503,Itazuraguma no Gloomy,Надёжный просмотр,Other,Дебют
45613,4,0.7633,Kawaii dake ja Nai Shikimori-san,Флагманы,Web manga,Дебют
45653,4,0.788,Soredemo Ayumu wa Yosetekuru,Остальные,Manga,Дебют
45665,4,0.6152,Fairy Ranmaru: Anata no Kokoro Otasuke Shimasu,Нишевые любимчики,Original,Дебют
46118,4,0.7107,Wave!! Surfing Yappe!! (TV),Остальные,Mixed media,Дебют
46352,4,0.8447,Blue Period,Флагманы,Manga,Дебют
46471,4,0.7526,"Tantei wa Mou, Shindeiru.",Нишевые любимчики,Light novel,Дебют
46604,4,0.6373,Dolls' Frontline,Остальные,Game,Дебют
46985,4,0.8747,Shinka no Mi: Shiranai Uchi ni Kachigumi Jinsei,Надёжный просмотр,Light novel,Дебют
47159,4,0.8755,Tensai Ouji no Akaji Kokka Saisei Jutsu,Надёжный просмотр,Light novel,Дебют
47160,4,0.8771,Goblin Slayer II,Нишевые любимчики,Light novel,Продолжение
47161,4,0.8713,Shikkakumon no Saikyou Kenja,Надёжный просмотр,Light novel,Дебют
47162,4,0.7424,Shokei Shoujo no Virgin Road,Остальные,Light novel,Дебют
47163,4,0.8382,"Tensei Kenja no Isekai Life: Dai-2 no Shokugyou wo Ete, Sekai Saikyou ni Narimashita",Флагманы,Light novel,Дебют
47250,4,0.6714,Jouran: The Princess of Snow and Blood,Остальные,Original,Дебют
47257,4,0.8078,Shinigami Bocchan to Kuro Maid,Нишевые любимчики,Web manga,Дебют
47391,4,0.7592,Seven Knights Revolution: Eiyuu no Keishousha,Надёжный просмотр,Game,Дебют
47790,4,0.9318,"Sekai Saikou no Ansatsusha, Isekai Kizoku ni Tensei suru",Флагманы,Light novel,Дебют
47917,4,0.9258,Bocchi the Rock!,Флагманы,4-koma manga,Дебют
48239,4,0.8981,Leadale no Daichi nite,Надёжный просмотр,Light novel,Дебют
48252,4,0.8317,"Ore, Tsushima",Нишевые любимчики,Manga,Дебют
48363,4,0.7127,RPG Fudousan,Остальные,4-koma manga,Дебют
48406,4,0.8303,Re-Main,Нишевые любимчики,Original,Дебют
48413,4,0.8246,Hataraku Maou-sama!!,Нишевые любимчики,Light novel,Продолжение
48414,4,0.8312,Sabikui Bisco,Остальные,Light novel,Дебют
48415,4,0.8853,"Shijou Saikyou no Daimaou, Murabito A ni Tensei suru",Надёжный просмотр,Light novel,Дебют
48417,4,0.7915,"Maou Gakuin no Futekigousha II: Shijou Saikyou no Maou no Shiso, Tensei shite Shison-tachi no Gakkou e Kayou",Нишевые любимчики,Light novel,Дебют
48418,4,0.8214,"Maou Gakuin no Futekigousha II: Shijou Saikyou no Maou no Shiso, Tensei shite Shison-tachi no Gakkou e Kayou Part 2",Остальные,Light novel,Продолжение
48441,4,0.6029,The Legend of Heroes: Sen no Kiseki - Northern War,Остальные,Game,Дебют
48471,4,0.8052,Tsuki to Laika to Nosferatu,Остальные,Light novel,Дебют
48483,4,0.8572,Mieruko-chan,Флагманы,Web manga,Дебют
48491,4,0.8264,Yama no Susume: Next Summit,Остальные,Manga,Продолжение
48542,4,0.8316,Do It Yourself!!,Остальные,Original,Дебют
48553,4,0.8075,Akebi-chan no Sailor-fuku,Нишевые любимчики,Web manga,Дебют
48556,4,0.7867,Takt Op. Destiny,Нишевые любимчики,Mixed media,Дебют
48567,4,0.6476,Visual Prison,Нишевые любимчики,Original,Дебют
48569,4,0.9389,86 Part 2,Флагманы,Light novel,Продолжение
48580,4,0.841,Vanitas no Karte,Нишевые любимчики,Manga,Дебют
48583,4,0.9583,Shingeki no Kyojin: The Final Season Part 2,Флагманы,Manga,Продолжение
48633,4,0.7954,Liar Liar,Остальные,Light novel,Дебют
48643,4,0.8311,Koi wa Sekai Seifuku no Ato de,Надёжный просмотр,Manga,Дебют
48644,4,0.7138,Gyakuten Sekai no Denchi Shoujo,Остальные,Original,Дебют
48649,4,0.7488,Fuuto Tantei,Нишевые любимчики,Manga,Дебют
48736,4,0.9356,Sono Bisque Doll wa Koi wo Suru,Флагманы,Manga,Дебют
48742,4,0.6501,"Kono Healer, Mendokusai",Остальные,Web manga,Дебют
48760,4,0.9055,"Gaikotsu Kishi-sama, Tadaima Isekai e Odekakechuu",Надёжный просмотр,Light novel,Дебют
48761,4,0.8825,Saihate no Paladin,Надёжный просмотр,Light novel,Дебют
48775,4,0.8303,Kaginado,Остальные,Original,Дебют
48776,4,0.683,Build Divide: Code Black,Остальные,Mixed media,Дебют
48777,4,0.818,Build Divide: Code White,Остальные,Mixed media,Дебют
48779,4,0.8601,Deaimon,Надёжный просмотр,Manga,Дебют
48804,4,0.9046,Isekai Shokudou 2,Надёжный просмотр,Light novel,Продолжение
48842,4,0.7707,Mahoutsukai Reimeiki,Остальные,Light novel,Дебют
48849,4,0.8142,Sonny Boy,Нишевые любимчики,Original,Дебют
48857,4,0.7481,Healer Girl,Остальные,Original,Дебют
48858,4,0.7818,180-byou de Kimi no Mimi wo Shiawase ni Dekiru ka?,Остальные,Original,Дебют
48926,4,0.8781,"Komi-san wa, Comyushou desu.",Флагманы,Manga,Дебют
48981,4,0.6587,Mahou Shoujo Magical Destroyers,Остальные,Original,Дебют
48997,4,0.8569,Fantasy Bishoujo Juniku Ojisan to,Надёжный просмотр,Web manga,Дебют
49109,4,0.8982,Kami-tachi ni Hirowareta Otoko 2nd Season,Надёжный просмотр,Light novel,Продолжение
49114,4,0.9111,Vanitas no Karte Part 2,Флагманы,Manga,Продолжение
49154,4,0.8087,High Card,Остальные,Mixed media,Дебют
49160,4,0.7398,Shachiku-san wa Youjo Yuurei ni Iyasaretai.,Остальные,Manga,Дебют
49263,4,0.8843,Yaku nara Mug Cup mo: Niban Gama,Остальные,Manga,Продолжение
49292,4,0.6069,Deep Insanity: The Lost Child,Остальные,Mixed media,Дебют
49304,4,0.6127,Seiken Densetsu: Legend of Mana - The Teardrop Crystal,Остальные,Game,Дебют
49385,4,0.7168,Kaijin Kaihatsu-bu no Kuroitsu-san,Остальные,Web manga,Дебют
49438,4,0.9261,Isekai Yakkyoku,Надёжный просмотр,Light novel,Дебют
49470,4,0.8604,Mamahaha no Tsurego ga Motokano datta,Надёжный просмотр,Light novel,Дебют
49505,4,0.869,Deji Meets Girl,Остальные,Original,Дебют
49514,4,0.5175,Gensou Sangokushi: Tengen Reishinki,Остальные,Game,Дебют
49520,4,0.8186,Aharen-san wa Hakarenai,Флагманы,Manga,Дебют
49551,4,0.8446,Hanabi-chan wa Okuregachi,Надёжный просмотр,Manga,Дебют
49612,4,0.8201,Ningen Fushin no Boukensha-tachi ga Sekai wo Sukuu you desu,Надёжный просмотр,Light novel,Дебют
49692,4,0.8369,Heroine Tarumono! Kiraware Heroine to Naisho no Oshigoto,Остальные,Music,Дебют
49721,4,0.8969,Karakai Jouzu no Takagi-san 3,Флагманы,Manga,Продолжение
49766,4,0.7495,Under Ninja,Остальные,Manga,Дебют
49776,4,0.8426,Kumichou Musume to Sewagakari,Надёжный просмотр,Web manga,Дебют
49782,4,0.8925,Shadows House 2nd Season,Остальные,Manga,Продолжение
49820,4,0.8028,Cardfight!! Vanguard: will+Dress Season 2,Остальные,Original,Продолжение
49828,4,0.8902,Kidou Senshi Gundam: Suisei no Majo,Флагманы,Original,Дебют
49831,4,0.6737,Black★★Rock Shooter: Dawn Fall,Нишевые любимчики,Other,Дебют
49849,4,0.8424,Shinmai Renkinjutsushi no Tenpo Keiei,Надёжный просмотр,Light novel,Дебют
49858,4,0.8634,Shinigami Bocchan to Kuro Maid 2nd Season,Остальные,Web manga,Продолжение
49891,4,0.896,Tensei shitara Ken deshita,Флагманы,Light novel,Дебют
49894,4,0.7952,Eiyuu Kyoushitsu,Надёжный просмотр,Light novel,Дебют
49969,4,0.6892,Tribe Nine,Остальные,Mixed media,Дебют
49979,4,0.8881,Akuyaku Reijou nanode Last Boss wo Kattemimashita,Надёжный просмотр,Light novel,Дебют
49980,4,0.8379,Sugar Apple Fairy Tale,Нишевые любимчики,Light novel,Дебют
49981,4,0.7026,"Kimi to Boku no Saigo no Senjou, Aruiwa Sekai ga Hajimaru Seisen Season II",Остальные,Light novel,Продолжение
50010,4,0.8642,Meitantei Conan: Hannin no Hanzawa-san,Надёжный просмотр,Manga,Дебют
50172,4,0.9187,Mob Psycho 100 III,Флагманы,Web manga,Продолжение
50175,4,0.8791,"Yuusha, Yamemasu",Надёжный просмотр,Light novel,Дебют
50184,4,0.8511,Seiken Gakuin no Makentsukai,Надёжный просмотр,Light novel,Дебют
50185,4,0.8372,Ryman's Club,Нишевые любимчики,Original,Дебют
50197,4,0.8905,"Ijiranaide, Nagatoro-san 2nd Attack",Нишевые любимчики,Web manga,Продолжение
50203,4,0.912,Love Live! Superstar!! 2nd Season,Нишевые любимчики,Other,Продолжение
50204,4,0.7526,Tokyo 24-ku,Остальные,Original,Дебют
50220,4,0.7861,Isekai Shoukan wa Nidome desu,Надёжный просмотр,Light novel,Дебют
50221,4,0.7925,Shine Post,Остальные,Mixed media,Дебют
50265,4,0.9426,Spy x Family,Флагманы,Manga,Дебют
50273,4,0.8983,Tomodachi Game,Флагманы,Manga,Дебют
50284,4,0.5783,Technoroid: Overmind,Остальные,Mixed media,Дебют
50285,4,0.5882,On Air Dekinai!,Остальные,Manga,Дебют
50287,4,0.8668,Kyuuketsuki Sugu Shinu 2,Остальные,Manga,Продолжение
50306,4,0.8568,Seirei Gensouki 2,Нишевые любимчики,Light novel,Продолжение
50307,4,0.8364,Tonikaku Kawaii 2nd Season,Нишевые любимчики,Manga,Продолжение
50348,4,0.8608,Peter Grill to Kenja no Jikan: Super Extra,Остальные,Manga,Продолжение
50380,4,0.8789,Paripi Koumei,Флагманы,Web manga,Дебют
50384,4,0.816,Mononogatari,Остальные,Manga,Дебют
50392,4,0.8043,Mato Seihei no Slave,Нишевые любимчики,Manga,Дебют
50416,4,0.8883,Skip to Loafer,Флагманы,Manga,Дебют
50425,4,0.9086,"Fuufu Ijou, Koibito Miman.",Флагманы,Manga,Дебют
50461,4,0.9205,Otome Game Sekai wa Mob ni Kibishii Sekai desu,Флагманы,Light novel,Дебют
50481,4,0.8741,"Eiyuuou, Bu wo Kiwameru Tame Tenseisu: Soshite, Sekai Saikyou no Minarai Kishi♀",Надёжный просмотр,Light novel,Дебют
50583,4,0.7343,Buta no Liver wa Kanetsu Shiro,Остальные,Light novel,Дебют
50606,4,0.6732,Ayakashi Triangle,Остальные,Manga,Дебют
50631,4,0.9124,"Komi-san wa, Comyushou desu. 2nd Season",Флагманы,Manga,Продолжение
50638,4,0.8311,Muv-Luv Alternative 2nd Season,Остальные,Visual novel,Продолжение
50652,4,0.8025,Tsundere Akuyaku Reijou Liselotte to Jikkyou no Endou-kun to Kaisetsu no Kobayashi-san,Остальные,Light novel,Дебют
50664,4,0.82,Saihate no Paladin: Tetsusabi no Yama no Ou,Остальные,Light novel,Продолжение
50678,4,0.8725,Kyoukai Senki Part 2,Остальные,Original,Продолжение
50685,4,0.8613,Kaginado Season 2,Остальные,Original,Продолжение
50695,4,0.8686,MF Ghost,Флагманы,Manga,Дебют
50738,4,0.7612,"Slime Taoshite 300-nen, Shiranai Uchi ni Level Max ni Nattemashita: Sono Ni",Остальные,Light novel,Продолжение
50739,4,0.9088,Otonari no Tenshi-sama ni Itsunomanika Dame Ningen ni Sareteita Ken,Флагманы,Light novel,Дебют
50760,4,0.6423,Teppen!!!!!!!!!!!!!!!,Остальные,Manga,Дебют
50854,4,0.8519,"Benriya Saitou-san, Isekai ni Iku",Надёжный просмотр,Web manga,Дебют
50862,4,0.6816,Estab-Life: Great Escape,Остальные,Mixed media,Дебют
50871,4,0.605,Alice Gear Aegis Expansion,Остальные,Game,Дебют
50917,4,0.707,Prima Doll,Остальные,Mixed media,Дебют
50923,4,0.818,Mushikaburi-hime,Нишевые любимчики,Light novel,Дебют
50985,4,0.6604,Chimimo,Нишевые любимчики,Original,Дебют
50999,4,0.7072,Extreme Hearts,Остальные,Original,Дебют
51064,4,0.9151,Kuro no Shoukanshi,Надёжный просмотр,Light novel,Дебют
51092,4,0.6762,Yuurei Deco,Остальные,Original,Дебют
51098,4,0.7655,Shinobi no Ittoki,Остальные,Original,Дебют
51105,4,0.6671,NieR:Automata Ver1.1a,Нишевые любимчики,Game,Дебют
51128,4,0.8089,Noumin Kanren no Skill bakka Agetetara Nazeka Tsuyoku Natta.,Надёжный просмотр,Light novel,Дебют
51139,4,0.5323,Kizuna no Allele,Остальные,Original,Дебют
51179,4,0.9519,Mushoku Tensei II: Isekai Ittara Honki Dasu,Флагманы,Light novel,Дебют
51212,4,0.8012,Futoku no Guild,Остальные,Manga,Дебют
51213,4,0.8492,Kinsou no Vermeil: Gakeppuchi Majutsushi wa Saikyou no Yakusai to Mahou Sekai wo Tsukisusumu,Флагманы,Manga,Дебют
51215,4,0.8786,Seijo no Maryoku wa Bannou desu Season 2,Надёжный просмотр,Light novel,Продолжение
51219,4,0.7467,Isekai One Turn Kill Neesan: Ane Douhan no Isekai Seikatsu Hajimemashita,Остальные,Manga,Дебют
51252,4,0.6671,Spy Kyoushitsu,Остальные,Light novel,Дебют
51265,4,0.7694,Inu ni Nattara Suki na Hito ni Hirowareta.,Остальные,Web manga,Дебют
51368,4,0.8934,Orient: Awajishima Gekitou-hen,Надёжный просмотр,Manga,Продолжение
51371,4,0.6949,Bucchigire!,Остальные,Original,Дебют
51381,4,0.7495,RWBY: Hyousetsu Teikoku,Нишевые любимчики,Other,Дебют
51403,4,0.8256,Renai Flops,Остальные,Original,Дебют
51415,4,0.5808,Opus.COLORs,Остальные,Original,Дебют
51458,4,0.82,Lv1 Maou to One Room Yuusha,Надёжный просмотр,Web manga,Дебют
51462,4,0.9105,Isekai Nonbiri Nouka,Флагманы,Light novel,Дебют
51495,4,0.8692,Shin Shinka no Mi: Shiranai Uchi ni Kachigumi Jinsei,Надёжный просмотр,Light novel,Дебют
51498,4,0.8549,Masamune-kun no Revenge R,Остальные,Manga,Продолжение
51536,4,0.8255,The iDOLM@STER Cinderella Girls: U149,Нишевые любимчики,Web manga,Дебют
51552,4,0.9149,Watashi no Shiawase na Kekkon,Флагманы,Novel,Дебют
51586,4,0.8284,D4DJ All Mix,Нишевые любимчики,Mixed media,Дебют
51632,4,0.8227,Isekai wa Smartphone to Tomo ni. 2,Флагманы,Light novel,Продолжение
51648,4,0.9209,Nozomanu Fushi no Boukensha,Надёжный просмотр,Light novel,Дебют
51678,4,0.8292,Oniichan wa Oshimai!,Флагманы,Manga,Дебют
51693,4,0.8333,Kaminaki Sekai no Kamisama Katsudou,Надёжный просмотр,Manga,Дебют
51705,4,0.7984,Otonari ni Ginga,Остальные,Manga,Дебют
51706,4,0.7667,Yuusha ga Shinda!,Надёжный просмотр,Web manga,Дебют
51711,4,0.8836,Hyouken no Majutsushi ga Sekai wo Suberu,Надёжный просмотр,Light novel,Дебют
51764,4,0.875,Level 1 dakedo Unique Skill de Saikyou desu,Надёжный просмотр,Light novel,Дебют
51815,4,0.8314,Kubo-san wa Mob wo Yurusanai,Нишевые любимчики,Manga,Дебют
51817,4,0.7464,Watashi no Yuri wa Oshigoto desu!,Остальные,Manga,Дебют
51818,4,0.8465,Enen no Shouboutai: San no Shou,Нишевые любимчики,Manga,Продолжение
51923,4,0.6224,Warau Arsnotoria Sun!,Остальные,Game,Дебют
51956,4,0.6766,Paradox Live the Animation,Нишевые любимчики,Mixed media,Дебют
51958,4,0.8199,Kono Subarashii Sekai ni Bakuen wo!,Остальные,Light novel,Дебют
51986,4,0.8931,Pui Pui Molcar: Driving School,Надёжный просмотр,Original,Продолжение
52081,4,0.7669,Edomae Elf,Остальные,Manga,Дебют
52082,4,0.7914,Shiro Seijo to Kuro Bokushi,Остальные,4-koma manga,Дебют
52092,4,0.7664,My Home Hero,Остальные,Manga,Дебют
52093,4,0.796,Trigun Stampede,Нишевые любимчики,Manga,Дебют
52173,4,0.7923,Koori Zokusei Danshi to Cool na Douryou Joshi,Остальные,Web manga,Дебют
52193,4,0.8178,Akiba Meido Sensou,Нишевые любимчики,Original,Дебют
52196,4,0.866,Date A Live V,Нишевые любимчики,Light novel,Продолжение
52211,4,0.916,Mashle,Флагманы,Manga,Дебют
52229,4,0.9048,Birdie Wing: Golf Girls' Story Season 2,Остальные,Original,Продолжение
52299,4,0.9434,Ore dake Level Up na Ken,Флагманы,Web manga,Дебют
52308,4,0.8807,Kanojo ga Koushaku-tei ni Itta Riyuu,Флагманы,Web manga,Дебют
52359,4,0.8454,Isekai de Mofumofu Nadenade suru Tame ni Ganbattemasu.,Надёжный просмотр,Light novel,Дебют
52367,4,0.809,Isekai Shikkaku,Надёжный просмотр,Web manga,Дебют
52381,4,0.8031,Aru Asa Dummy Head Mic ni Natteita Ore-kun no Jinsei,Остальные,Original,Дебют
52405,4,0.5751,Highspeed Etoile,Остальные,Original,Дебют
52446,4,0.8815,Kaiko sareta Ankoku Heishi (30-dai) no Slow na Second Life,Надёжный просмотр,Light novel,Дебют
52461,4,0.8568,Rougo ni Sonaete Isekai de 8-manmai no Kinka wo Tamemasu,Надёжный просмотр,Light novel,Дебют
52481,4,0.8188,Gimai Seikatsu,Нишевые любимчики,Light novel,Дебют
52482,4,0.841,Sasaki to Pii-chan,Надёжный просмотр,Light novel,Дебют
52578,4,0.8895,Boku no Kokoro no Yabai Yatsu,Флагманы,Manga,Дебют
52588,4,0.9368,Kaijuu 8-gou,Флагманы,Manga,Дебют
52608,4,0.8889,Tensei Kizoku no Isekai Boukenroku: Jichou wo Shiranai Kamigami no Shito,Надёжный просмотр,Light novel,Дебют
52611,4,0.8847,Okashi na Tensei,Надёжный просмотр,Light novel,Дебют
52619,4,0.8174,Jidou Hanbaiki ni Umarekawatta Ore wa Meikyuu wo Samayou,Надёжный просмотр,Light novel,Дебют
52709,4,0.793,"Danjo no Yuujou wa Seiritsu suru? (Iya, Shinai!!)",Остальные,Light novel,Дебют
52736,4,0.8668,Tensei Oujo to Tensai Reijou no Mahou Kakumei,Флагманы,Light novel,Дебют
52816,4,0.769,Majo to Yajuu,Нишевые любимчики,Manga,Дебют
52934,4,0.8008,"Konyaku Haki sareta Reijou wo Hirotta Ore ga, Ikenai Koto wo Oshiekomu",Остальные,Light novel,Дебют
52955,4,0.8662,Mahoutsukai no Yome Season 2,Остальные,Manga,Продолжение
52962,4,0.8872,"Tearmoon Teikoku Monogatari: Dantoudai kara Hajimaru, Hime no Tensei Gyakuten Story",Надёжный просмотр,Light novel,Дебют
52969,4,0.874,"Jitsu wa Ore, Saikyou deshita?",Надёжный просмотр,Light novel,Дебют
52973,4,0.8408,Megami no Café Terrace,Надёжный просмотр,Manga,Дебют
52985,4,0.7183,Dekoboko Majo no Oyako Jijou,Остальные,4-koma manga,Дебют
52990,4,0.8449,"Keikenzumi na Kimi to, Keiken Zero na Ore ga, Otsukiai suru Hanashi.",Флагманы,Light novel,Дебют
53012,4,0.683,Human Bug Daigaku,Остальные,Web manga,Дебют
53026,4,0.7302,Synduality: Noir,Остальные,Mixed media,Дебют
53033,4,0.7419,Mecha-ude (TV),Остальные,Original,Дебют
53040,4,0.8751,Kanojo mo Kanojo Season 2,Надёжный просмотр,Manga,Продолжение
53050,4,0.891,"Kanojo, Okarishimasu 3rd Season",Надёжный просмотр,Manga,Продолжение
53065,4,0.8222,Sono Bisque Doll wa Koi wo Suru Season 2,Нишевые любимчики,Manga,Продолжение
53077,4,0.8464,Nijiyon Animation,Остальные,4-koma manga,Дебют
53097,4,0.8401,Tokyo Mew Mew New ♡ 2nd Season,Остальные,Manga,Продолжение
53132,4,0.714,UniteUp!,Нишевые любимчики,Music,Дебют
53162,4,0.7372,Majutsushi Orphen Hagure Tabi: Urbanrama-hen,Остальные,Light novel,Продолжение
53163,4,0.72,Kawaisugi Crisis,Остальные,Manga,Дебют
53179,4,0.6905,Ars no Kyojuu,Остальные,Original,Дебют
53199,4,0.9227,Kidou Senshi Gundam: Suisei no Majo Season 2,Флагманы,Original,Продолжение
53200,4,0.8465,Hataraku Maou-sama!! 2nd Season,Остальные,Light novel,Продолжение
53213,4,0.7206,Revenger,Остальные,Original,Дебют
53237,4,0.7284,Shy,Остальные,Manga,Дебют
53262,4,0.7173,Hoshikuzu Telepath,Нишевые любимчики,4-koma manga,Дебют
53263,4,0.8948,"Seija Musou: Salaryman, Isekai de Ikinokoru Tame ni Ayumu Michi",Надёжный просмотр,Light novel,Дебют
53287,4,0.8724,Love Live! Superstar!! 3rd Season,Нишевые любимчики,Other,Продолжение
53356,4,0.7996,Shuumatsu Train Doko e Iku?,Остальные,Original,Дебют
53379,4,0.7666,Uchi no Kaisha no Chiisai Senpai no Hanashi,Остальные,Web manga,Дебют
53397,4,0.8079,Tsuyokute New Saga,Остальные,Light novel,Дебют
53407,4,0.8067,Bartender: Kami no Glass,Остальные,Manga,Дебют
53410,4,0.8494,Yuru Camp△ Season 3,Нишевые любимчики,Manga,Продолжение
53411,4,0.8587,Buddy Daddies,Флагманы,Original,Дебют
53421,4,0.8501,Dosanko Gal wa Namara Menkoi,Надёжный просмотр,Manga,Дебют
53426,4,0.8078,Hyakushou Kizoku,Остальные,Manga,Дебют
53428,4,0.6558,Ayaka,Остальные,Original,Дебют
53434,4,0.8962,"Maou no Ore ga Dorei Elf wo Yome ni Shitanda ga, Dou Medereba Ii?",Надёжный просмотр,Light novel,Дебют
53438,4,0.88,Higeki no Genkyou to Naru Saikyou Gedou Last Boss Joou wa Tami no Tame ni Tsukushimasu.,Надёжный просмотр,Light novel,Дебют
53439,4,0.8975,Boushoku no Berserk,Надёжный просмотр,Light novel,Дебют
53446,4,0.9192,Tondemo Skill de Isekai Hourou Meshi,Флагманы,Light novel,Дебют
53488,4,0.8064,"Shin no Nakama ja Nai to Yuusha no Party wo Oidasareta node, Henkyou de Slow Life suru Koto ni Shimashita 2nd",Надёжный просмотр,Light novel,Продолжение
53516,4,0.9005,"Tensei shitara Dainana Ouji Datta node, Kimama ni Majutsu wo Kiwamemasu",Надёжный просмотр,Light novel,Дебют
53587,4,0.5679,The Marginal Service,Остальные,Original,Дебют
53590,4,0.8703,Saijaku Tamer wa Gomi Hiroi no Tabi wo Hajimemashita.,Надёжный просмотр,Light novel,Дебют
53613,4,0.8488,Dead Mount Death Play,Надёжный просмотр,Manga,Дебют
53632,4,0.8505,Yumemiru Danshi wa Genjitsushugisha,Надёжный просмотр,Light novel,Дебют
53633,4,0.6614,Bullbuster,Остальные,Mixed media,Дебют
53698,4,0.7559,World Dai Star,Остальные,Mixed media,Дебют
53723,4,0.7728,Acro Trip,Остальные,Manga,Дебют
53730,4,0.8625,"Sokushi Cheat ga Saikyou sugite, Isekai no Yatsura ga Marude Aite ni Naranai n desu ga.",Надёжный просмотр,Light novel,Дебют
53770,4,0.8439,Sentai Daishikkaku,Остальные,Manga,Дебют
53787,4,0.7179,AI no Idenshi,Остальные,Manga,Дебют
53833,4,0.8653,Watashi no Oshi wa Akuyaku Reijou.,Флагманы,Light novel,Дебют
53835,4,0.7882,Unnamed Memory,Остальные,Light novel,Дебют
53887,4,0.9039,Spy x Family Season 2,Флагманы,Manga,Продолжение
53889,4,0.8112,Ao no Exorcist: Shimane Illuminati-hen,Остальные,Manga,Продолжение
53912,4,0.7877,Seiyuu Radio no Uraomote,Остальные,Light novel,Дебют
53924,4,0.8265,Jibaku Shounen Hanako-kun 2,Нишевые любимчики,Manga,Продолжение
54028,4,0.6212,Turkey!,Остальные,Original,Дебют
54103,4,0.8172,Hikikomari Kyuuketsuki no Monmon,Нишевые любимчики,Light novel,Дебют
54112,4,0.8573,Zom 100: Zombie ni Naru made ni Shitai 100 no Koto,Флагманы,Manga,Дебют
54199,4,0.7443,Kaii to Otome to Kamikakushi,Остальные,Web manga,Дебют
54233,4,0.7114,Sasayaku You ni Koi wo Utau,Нишевые любимчики,Manga,Дебют
54259,4,0.7608,Rokudou no Onna-tachi,Остальные,Manga,Дебют
54265,4,0.7862,Kekkon Yubiwa Monogatari,Надёжный просмотр,Manga,Дебют
54275,4,0.8235,Temple,Остальные,Web manga,Дебют
54284,4,0.6727,VTuber Nandaga Haishin Kiri Wasuretara Densetsu ni Natteta,Остальные,Light novel,Дебют
54301,4,0.7904,Overtake!,Нишевые любимчики,Original,Дебют
54309,4,0.7005,Blue Archive the Animation,Нишевые любимчики,Game,Дебют
54362,4,0.8225,Hametsu no Oukoku,Остальные,Manga,Дебют
54431,4,0.8381,Toaru Ossan no VRMMO Katsudouki,Надёжный просмотр,Light novel,Дебют
54449,4,0.6873,Ishura,Остальные,Light novel,Дебют
54595,4,0.937,Kage no Jitsuryokusha ni Naritakute! 2nd Season,Флагманы,Light novel,Продолжение
54616,4,0.8697,Potion-danomi de Ikinobimasu!,Надёжный просмотр,Light novel,Дебют
54617,4,0.7144,Kyuujitsu no Warumono-san,Остальные,Web manga,Дебют
54632,4,0.8889,Gekai Elise,Надёжный просмотр,Web manga,Дебют
54638,4,0.6332,Kawagoe Boys Sing,Остальные,Original,Дебют
54714,4,0.8655,Kimi no Koto ga Daidaidaidaidaisuki na 100-nin no Kanojo,Флагманы,Manga,Дебют
54716,4,0.7319,Kibou no Chikara: Otona Precure '23,Остальные,Original,Дебют
54717,4,0.8042,Mahoutsukai Precure!! Mirai Days,Остальные,Original,Продолжение
54724,4,0.7971,Nige Jouzu no Wakagimi,Остальные,Manga,Дебют
54726,4,0.7604,"Tsuma, Shougakusei ni Naru.",Остальные,Manga,Дебют
54738,4,0.773,Majutsushi Orphen Hagure Tabi: Seiiki-hen,Остальные,Light novel,Продолжение
54743,4,0.8978,Dead Mount Death Play Part 2,Надёжный просмотр,Manga,Продолжение
54744,4,0.8936,Tokidoki Bosotto Russia-go de Dereru Tonari no Alya-san,Флагманы,Light novel,Дебют
54758,4,0.7488,The iDOLM@STER Shiny Colors,Остальные,Game,Продолжение
54760,4,0.675,Ryza no Atelier: Tokoyami no Joou to Himitsu no Kakurega,Остальные,Game,Дебют
54769,4,0.554,Sousei no Aquarion: Myth of Emotions,Остальные,Original,Дебют
54798,4,0.6165,Kamierabi,Остальные,Original,Дебют
54837,4,0.9267,Akuyaku Reijou Level 99: Watashi wa Ura-Boss desu ga Maou dewa Arimasen,Надёжный просмотр,Light novel,Дебют
54839,4,0.8078,Yoru no Kurage wa Oyogenai,Нишевые любимчики,Original,Дебют
54842,4,0.9018,Sugar Apple Fairy Tale Part 2,Надёжный просмотр,Light novel,Продолжение
54852,4,0.8983,Kikansha no Mahou wa Tokubetsu desu,Надёжный просмотр,Web manga,Дебют
54853,4,0.8478,Maou 2099,Надёжный просмотр,Light novel,Дебют
54855,4,0.7133,Senpai wa Otokonoko,Остальные,Web manga,Дебют
54859,4,0.6161,Rinkai!,Остальные,Mixed media,Дебют
54869,4,0.8342,High Card Season 2,Остальные,Mixed media,Продолжение
54883,4,0.8986,Mononogatari 2nd Season,Надёжный просмотр,Manga,Продолжение
54913,4,0.8992,"Shinmai Ossan Boukensha, Saikyou Party ni Shinu hodo Kitaerarete Muteki ni Naru.",Надёжный просмотр,Light novel,Дебют
54914,4,0.5505,Bikkurimen,Остальные,Other,Дебют
54947,4,0.8673,Spy Kyoushitsu 2nd Season,Остальные,Light novel,Продолжение
54968,4,0.7693,Giji Harem,Нишевые любимчики,Web manga,Дебют
55129,4,0.7568,Oroka na Tenshi wa Akuma to Odoru,Остальные,Manga,Дебют
55150,4,0.8631,Yarinaoshi Reijou wa Ryuutei Heika wo Kouryakuchuu,Надёжный просмотр,Light novel,Дебют
55153,4,0.8049,Yuzuki-san Chi no Yonkyoudai.,Остальные,Manga,Дебют
55265,4,0.9038,"Tensei Kizoku, Kantei Skill de Nariagaru",Надёжный просмотр,Light novel,Дебют
55310,4,0.8131,Atarashii Joushi wa Do Tennen,Нишевые любимчики,Web manga,Дебют
55358,4,0.8072,Bucchigiri?!,Остальные,Original,Дебют
55397,4,0.6365,Pon no Michi,Остальные,Original,Дебют
55514,4,0.6977,Zatsu Tabi: That's Journey,Остальные,Manga,Дебют
55528,4,0.7672,Yuuki Bakuhatsu Bang Bravern,Нишевые любимчики,Original,Дебют
55597,4,0.7535,Hananoi-kun to Koi no Yamai,Остальные,Manga,Дебют
55710,4,0.4763,Hana-Doll*: Reinterpretation of Flowering,Остальные,Mixed media,Дебют
55717,4,0.709,Dekisokonai to Yobareta Motoeiyuu wa Jikka kara Tsuihou sareta node Sukikatte ni Ikiru Koto ni Shita,Остальные,Light novel,Дебют
55742,4,0.9066,Mahoutsukai no Yome Season 2 Part 2,Остальные,Manga,Продолжение
55749,4,0.8659,Megami no Café Terrace 2nd Season,Остальные,Manga,Продолжение
55774,4,0.7124,"Himesama ""Goumon"" no Jikan desu",Остальные,Manga,Дебют
55775,4,0.8029,Kizuna no Allele Season 2,Остальные,Original,Продолжение
55813,4,0.9267,Mashle: Shinkakusha Kouho Senbatsu Shiken-hen,Надёжный просмотр,Manga,Продолжение
55823,4,0.825,Natsume Yuujinchou Shichi,Нишевые любимчики,Manga,Продолжение
55842,4,0.7158,Okinawa de Suki ni Natta Ko ga Hougen Sugite Tsurasugiru,Остальные,Web manga,Дебют
55844,4,0.7686,Tasogare Out Focus,Нишевые любимчики,Manga,Дебют
55866,4,0.8402,Yubisaki to Renren,Флагманы,Manga,Дебют
55877,4,0.8226,Henjin no Salad Bowl,Остальные,Light novel,Дебют
55887,4,0.8151,"Kekkon suru tte, Hontou desu ka",Остальные,Manga,Дебют
55888,4,0.9403,Mushoku Tensei II: Isekai Ittara Honki Dasu Part 2,Флагманы,Light novel,Продолжение
55894,4,0.7165,Bokura no Ame-iro Protocol,Остальные,Original,Дебют
55973,4,0.853,30-sai made Doutei dato Mahoutsukai ni Nareru Rashii,Флагманы,Manga,Дебют
55994,4,0.8032,Sword Art Online Alternative: Gun Gale Online II,Остальные,Light novel,Продолжение
55996,4,0.7426,Koi wa Futago de Warikirenai,Остальные,Light novel,Дебют
55997,4,0.8325,"Guild no Uketsukejou desu ga, Zangyou wa Iya nanode Boss wo Solo Toubatsu Shiyou to Omoimasu",Надёжный просмотр,Light novel,Дебют
55998,4,0.6777,Momochi-san Chi no Ayakashi Ouji,Остальные,Manga,Дебют
56062,4,0.8012,Naze Boku no Sekai wo Daremo Oboeteinai no ka?,Остальные,Light novel,Дебют
56063,4,0.861,NieR:Automata Ver1.1a Part 2,Остальные,Game,Продолжение
56135,4,0.7174,UniteUp! Uni:Birth,Нишевые любимчики,Music,Продолжение
56165,4,0.8055,Boukyaku Battery (TV),Нишевые любимчики,Manga,Дебют
56348,4,0.7961,Dungeon no Naka no Hito,Остальные,Web manga,Дебют
56352,4,0.9106,"Loop 7-kaime no Akuyaku Reijou wa, Moto Tekikoku de Jiyuu Kimama na Hanayome Seikatsu wo Mankitsu suru",Флагманы,Light novel,Дебют
56400,4,0.7705,"Maou-sama, Retry! R",Остальные,Web manga,Продолжение
56449,4,0.8032,Madougushi Dahliya wa Utsumukanai,Остальные,Light novel,Дебют
56461,4,0.5992,Hamidashi Creative,Остальные,Visual novel,Дебют
56690,4,0.8861,Re:Monster,Надёжный просмотр,Light novel,Дебют
56691,4,0.5157,Gekkan Mousou Kagaku,Остальные,Original,Дебют
56700,4,0.7716,Jidou Hanbaiki ni Umarekawatta Ore wa Meikyuu wo Samayou 2nd Season,Остальные,Light novel,Продолжение
56731,4,0.8432,Synduality: Noir Part 2,Остальные,Mixed media,Продолжение
56738,4,0.8927,Shinigami Bocchan to Kuro Maid 3rd Season,Остальные,Web manga,Продолжение
56768,4,0.7643,"Tadaima, Okaeri",Нишевые любимчики,Manga,Дебют
56838,4,0.8138,"One Room, Hiatari Futsuu, Tenshi-tsuki.",Остальные,Manga,Дебют
56843,4,0.8074,Goukon ni Ittara Onna ga Inakatta Hanashi,Нишевые любимчики,Web manga,Дебют
56845,4,0.8089,"Saikyou Tank no Meikyuu Kouryaku: Tairyoku 9999 no Rare Skill-mochi Tank, Yuusha Party wo Tsuihou sareru",Надёжный просмотр,Manga,Дебют
56907,4,0.781,Koujo Denka no Kateikyoushi,Остальные,Light novel,Дебют
56923,4,0.9028,Lv2 kara Cheat datta Motoyuusha Kouho no Mattari Isekai Life,Надёжный просмотр,Light novel,Дебют
56964,4,0.8015,Raise wa Tanin ga Ii,Остальные,Manga,Дебют
56967,4,0.7858,Kamierabi 2nd Season,Остальные,Original,Продолжение
57031,4,0.7383,Vampire Dormitory,Остальные,Manga,Дебют
57050,4,0.6743,Kisaki Kyouiku kara Nigetai Watashi,Остальные,Manga,Дебют
57058,4,0.8937,"Ore wa Subete wo ""Parry"" suru: Gyaku Kanchigai no Sekai Saikyou wa Boukensha ni Naritai",Надёжный просмотр,Light novel,Дебют
57099,4,0.6572,Na Nare Hana Nare,Остальные,Original,Дебют
57100,4,0.8884,The New Gate,Надёжный просмотр,Light novel,Дебют
57152,4,0.4961,Mahoutsukai no Yakusoku,Остальные,Game,Дебют
57217,4,0.8016,Katsute Mahou Shoujo to Aku wa Tekitai shiteita.,Остальные,Manga,Дебют
57315,4,0.7506,"Meitou ""Isekai no Yu"" Kaitakuki: Around 40 Onsen Mania no Tensei Saki wa, Nonbiri Onsen Tengoku deshita",Остальные,Light novel,Дебют
57325,4,0.7215,Ramen Akaneko,Остальные,Manga,Дебют
57334,4,0.9095,Dandadan,Флагманы,Manga,Дебют
57360,4,0.7555,Kabushikigaisha Magi-Lumière,Остальные,Manga,Дебют
57362,4,0.7865,Hoshifuru Oukoku no Nina,Нишевые любимчики,Manga,Дебют
57380,4,0.8444,Isekai Yururi Kikou: Kosodateshinagara Boukensha Shimasu,Надёжный просмотр,Light novel,Дебют
57391,4,0.7146,Astro Note,Остальные,Original,Дебют
57517,4,0.6889,Puniru wa Kawaii Slime,Остальные,Manga,Дебют
57524,4,0.8907,Make Heroine ga Oosugiru!,Флагманы,Light novel,Дебют
57559,4,0.9126,MF Ghost 2nd Season,Надёжный просмотр,Manga,Продолжение
57562,4,0.834,Hyakushou Kizoku 2nd Season,Остальные,Manga,Продолжение
57567,4,0.8355,Shy 2nd Season,Остальные,Manga,Продолжение
57592,4,0.913,Dr. Stone: Science Future,Надёжный просмотр,Manga,Продолжение
57611,4,0.7635,Kimi wa Meido-sama.,Остальные,Web manga,Дебют
57616,4,0.8811,Kimi no Koto ga Daidaidaidaidaisuki na 100-nin no Kanojo 2nd Season,Нишевые любимчики,Manga,Продолжение
57623,4,0.8967,Nijiyon Animation 2,Остальные,4-koma manga,Продолжение
57646,4,0.8027,Mob kara Hajimaru Tansaku Eiyuutan,Надёжный просмотр,Light novel,Дебют
57648,4,0.813,Nihon e Youkoso Elf-san.,Остальные,Light novel,Дебют
57719,4,0.8523,Akuyaku Reijou Tensei Ojisan,Надёжный просмотр,Manga,Дебют
57820,4,0.5131,Kamitsubaki-shi Kensetsuchuu.,Остальные,Other,Дебют
57845,4,0.7074,Elf-san wa Yaserarenai.,Остальные,Web manga,Дебют
57876,4,0.8003,Maougun Saikyou no Majutsushi wa Ningen datta,Надёжный просмотр,Manga,Дебют
57891,4,0.8649,Hitoribocchi no Isekai Kouryaku,Надёжный просмотр,Light novel,Дебют
57892,4,0.8932,"Hazurewaku no ""Joutai Ijou Skill"" de Saikyou ni Natta Ore ga Subete wo Juurin suru made",Надёжный просмотр,Light novel,Дебют
57907,4,0.8335,Tate no Yuusha no Nariagari Season 4,Остальные,Light novel,Продолжение
57944,4,0.8386,"Party kara Tsuihou sareta Sono Chiyushi, Jitsu wa Saikyou ni Tsuki",Надёжный просмотр,Light novel,Дебют
57947,4,0.7646,Mayonaka Punch,Остальные,Original,Дебют
58059,4,0.8858,Tsue to Tsurugi no Wistoria,Надёжный просмотр,Manga,Дебют
58066,4,0.7333,Sorairo Utility (TV),Остальные,Original,Дебют
58080,4,0.8181,Kenka Dokugaku,Надёжный просмотр,Web manga,Дебют
58131,4,0.8324,Shiunji-ke no Kodomotachi,Остальные,Manga,Дебют
58173,4,0.6904,Mahoutsukai ni Narenakatta Onnanoko no Hanashi,Остальные,Novel,Дебют
58197,4,0.5411,Nyaight of the Living Cat,Остальные,Manga,Дебют
58216,4,0.6848,Übel Blatt,Остальные,Manga,Дебют
58259,4,0.6165,"Douse, Koishite Shimaunda.",Остальные,Manga,Дебют
58265,4,0.6859,Babanbabanban Vampire,Остальные,Manga,Дебют
58271,4,0.7605,Honey Lemon Soda,Остальные,Manga,Дебют
58272,4,0.7316,Boku no Tsuma wa Kanjou ga Nai,Остальные,Manga,Дебют
58302,4,0.8062,The iDOLM@STER Shiny Colors 2nd Season,Остальные,Game,Продолжение
58359,4,0.8498,"Isshun de Chiryou shiteita noni Yakutatazu to Tsuihou sareta Tensai Chiyushi, Yami Healer toshite Tanoshiku Ikiru",Надёжный просмотр,Light novel,Дебют
58390,4,0.76,Yofukashi no Uta Season 2,Нишевые любимчики,Manga,Продолжение
58426,4,0.6864,Shikanoko Nokonoko Koshitantan,Нишевые любимчики,Manga,Дебют
58437,4,0.8639,"Botsuraku Yotei no Kizoku dakedo, Hima Datta kara Mahou wo Kiwametemita",Надёжный просмотр,Light novel,Дебют
58445,4,0.8264,"Sayounara Ryuusei, Konnichiwa Jinsei",Надёжный просмотр,Light novel,Дебют
58473,4,0.7689,"S-Rank Monster no ""Behemoth"" dakedo, Neko to Machigawarete Elf Musume no Pet toshite Kurashitemasu",Остальные,Manga,Дебют
58484,4,0.8454,Ishura 2nd Season,Остальные,Light novel,Продолжение
58492,4,0.7794,Mono,Остальные,4-koma manga,Дебют
58502,4,0.7831,Zenshuu.,Нишевые любимчики,Original,Дебют
58511,4,0.8488,Nanatsu no Taizai: Mokushiroku no Yonkishi 2nd Season,Остальные,Manga,Продолжение
58516,4,0.8702,Ao no Exorcist: Yuki no Hate-hen,Остальные,Manga,Продолжение
58600,4,0.7554,Ameku Takao no Suiri Karte,Остальные,Novel,Дебют
58614,4,0.8253,Teogonia,Остальные,Light novel,Дебют
58714,4,0.8807,"Saikyou no Shienshoku ""Wajutsushi"" de Aru Ore wa Sekai Saikyou Clan wo Shitagaeru",Надёжный просмотр,Light novel,Дебют
58725,4,0.7911,Ninja to Koroshiya no Futarigurashi,Остальные,Manga,Дебют
58822,4,0.9045,Izure Saikyou no Renkinjutsushi?,Надёжный просмотр,Light novel,Дебют
58833,4,0.6754,Kakushite! Makina-san!!,Остальные,Manga,Дебют
58853,4,0.765,Kuroiwa Medaka ni Watashi no Kawaii ga Tsuujinai,Остальные,Manga,Дебют
58854,4,0.6599,Kinoko Inu,Остальные,Manga,Дебют
58913,4,0.672,Hikaru ga Shinda Natsu,Нишевые любимчики,Web manga,Дебют
58926,4,0.6574,Egumi Legacy,Остальные,Card game,Дебют
58985,4,0.6078,0-saiji Start Dash Monogatari,Остальные,Manga,Дебют
59002,4,0.7971,"Hazure Skill ""Kinomi Master"": Skill no Mi (Tabetara Shinu) wo Mugen ni Taberareru You ni Natta Ken ni Tsuite",Надёжный просмотр,Manga,Дебют
59055,4,0.7208,"Hana wa Saku, Shura no Gotoku",Остальные,Manga,Дебют
59095,4,0.8752,"Tensei shitara Dainana Ouji Datta node, Kimama ni Majutsu wo Kiwamemasu 2nd Season",Остальные,Light novel,Продолжение
59113,4,0.5531,Farmagia,Остальные,Game,Дебют
59131,4,0.8796,"Tensei Kizoku, Kantei Skill de Nariagaru 2nd Season",Надёжный просмотр,Light novel,Продолжение
59135,4,0.8356,Class no Daikirai na Joshi to Kekkon suru Koto ni Natta.,Надёжный просмотр,Light novel,Дебют
59136,4,0.7374,Tasokare Hotel,Остальные,Game,Дебют
59142,4,0.8077,Unnamed Memory Act.2,Остальные,Light novel,Продолжение
59144,4,0.8458,"Fuguushoku ""Kanteishi"" ga Jitsu wa Saikyou Datta",Надёжный просмотр,Light novel,Дебют
59145,4,0.8646,Ranma ½ (2024),Флагманы,Manga,Дебют
59160,4,0.8613,Wind Breaker Season 2,Надёжный просмотр,Web manga,Продолжение
59161,4,0.6755,Bad Girl,Остальные,4-koma manga,Дебют
59169,4,0.7132,Aru Majo ga Shinu Made,Остальные,Light novel,Дебют
59189,4,0.8492,Sentai Daishikkaku 2nd Season,Остальные,Manga,Продолжение
59205,4,0.8466,Clevatess: Majuu no Ou to Akago to Shikabane no Yuusha,Остальные,Web manga,Дебют
59207,4,0.8443,"Mikadono Sanshimai wa Angai, Choroi.",Остальные,Manga,Дебют
59226,4,0.8928,Ao no Exorcist: Yosuga-hen,Остальные,Manga,Продолжение
59265,4,0.8433,Magic Maker: Isekai Mahou no Tsukurikata,Надёжный просмотр,Light novel,Дебют
59277,4,0.7565,"Kanojo, Okarishimasu 4th Season",Остальные,Manga,Продолжение
59322,4,0.8352,Shirobuta Kizoku desu ga Zense no Kioku ga Haeta node Hiyoko na Otouto Sodatemasu,Надёжный просмотр,Light novel,Дебют
59349,4,0.7975,Salaryman ga Isekai ni Ittara Shitennou ni Natta Hanashi,Надёжный просмотр,Web manga,Дебют
59361,4,0.7467,Kono Kaisha ni Suki na Hito ga Imasu,Остальные,Manga,Дебют
59402,4,0.7657,Kakkou no Iinazuke Season 2,Остальные,Manga,Продолжение
59421,4,0.8158,Zutaboro Reijou wa Ane no Moto Konyakusha ni Dekiai sareru,Остальные,Light novel,Дебют
59424,4,0.8337,"Yuusha Party wo Tsuihou sareta Shiromadoushi, S-Rank Boukensha ni Hirowareru: Kono Shiromadoushi ga Kikakugai Sugiru",Остальные,Manga,Дебют
59425,4,0.7774,NegaPosi Angler,Остальные,Original,Дебют
59452,4,0.8555,"Katainaka no Ossan, Kensei ni Naru",Надёжный просмотр,Light novel,Дебют
59457,4,0.6601,"Haite Kudasai, Takamine-san",Нишевые любимчики,Manga,Дебют
59466,4,0.8243,Aharen-san wa Hakarenai Season 2,Остальные,Manga,Продолжение
59514,4,0.7381,Sentai Red Isekai de Boukensha ni Naru,Остальные,Manga,Дебют
59619,4,0.6733,Ame to Kimi to,Остальные,Manga,Дебют
59632,4,0.6859,Mattaku Saikin no Tantei to Kitara,Остальные,Manga,Дебют
59675,4,0.7789,Apocalypse Hotel,Нишевые любимчики,Original,Дебют
59689,4,0.6902,Game Center Shoujo to Ibunka Kouryuu,Остальные,Web manga,Дебют
59744,4,0.64,Maebashi Witches,Остальные,Original,Дебют
59745,4,0.6988,Chotto dake Ai ga Omoi Dark Elf ga Isekai kara Oikaketekita,Остальные,Web manga,Дебют
59828,4,0.8713,Shoushimin Series 2nd Season,Нишевые любимчики,Novel,Продолжение
59935,4,0.8239,Gorilla no Kami kara Kago sareta Reijou wa Ouritsu Kishidan de Kawaigarareru,Надёжный просмотр,Web manga,Дебют
59961,4,0.626,Kizu darake Seijo yori Houfuku wo Komete,Остальные,Web manga,Дебют
59986,4,0.8044,Grand Blue Season 2,Нишевые любимчики,Manga,Продолжение
60009,4,0.6769,Chuuzenji-sensei Mononoke Kougiroku: Sensei ga Nazo wo Hodoite Shimau kara.,Остальные,Manga,Дебют
60140,4,0.8802,"Kanchigai no Atelier Meister: Eiyuu Party no Moto Zatsuyougakari ga, Jitsu wa Sentou Igai ga SSS Rank Datta to Iu Yoku Aru Hanashi",Надёжный просмотр,Light novel,Дебют
60146,4,0.7608,"Saikyou no Ousama, Nidome no Jinsei wa Nani wo Suru?",Флагманы,Other,Дебют
60154,4,0.8284,Ore wa Seikan Kokka no Akutoku Ryoushu!,Надёжный просмотр,Light novel,Дебют
60157,4,0.8847,Kanpekisugite Kawaige ga Nai to Konyaku Haki sareta Seijo wa Ringoku ni Urareru,Надёжный просмотр,Light novel,Дебют
60293,4,0.7695,Ballpark de Tsukamaete!,Остальные,Manga,Дебют
60315,4,0.5858,Dekin no Mogura,Остальные,Manga,Дебют
60316,4,0.7835,Busamen Gachi Fighter,Остальные,Manga,Дебют
60326,4,0.7486,"Watashi ga Koibito ni Nareru Wake Nai jan, Muri Muri! (※Muri ja Nakatta!?)",Нишевые любимчики,Light novel,Дебют
60377,4,0.6678,Nazotoki wa Dinner no Ato de,Остальные,Novel,Дебют
60425,4,0.7834,0-saiji Start Dash Monogatari Season 2,Остальные,Manga,Продолжение
60449,4,0.783,Kidou Senshi Gundam: GQuuuuuuX,Остальные,Original,Дебют
60505,4,0.5587,Necronomico no Cosmic Horror Show,Остальные,Original,Дебют
60523,4,0.8244,Tsuihousha Shokudou e Youkoso!,Остальные,Light novel,Дебют
60543,4,0.8602,Dandadan 2nd Season,Нишевые любимчики,Manga,Продолжение
60603,4,0.7911,Puniru wa Kawaii Slime 2nd Season,Остальные,Manga,Продолжение
60658,4,0.7963,Hibi wa Sugiredo Meshi Umashi,Нишевые любимчики,Original,Дебют
60697,4,0.7251,Fermat no Ryouri,Остальные,Manga,Дебют
60732,4,0.8597,Mizu Zokusei no Mahoutsukai,Остальные,Light novel,Дебют
60951,4,0.706,Kizetsu Yuusha to Ansatsu Hime,Остальные,Manga,Дебют
61150,4,0.672,Onmyou Kaiten Re:Birth,Остальные,Original,Дебют
61239,4,0.433,Binan Koukou Chikyuu Bouei-bu Haikara!,Остальные,Original,Дебют
61274,4,0.7813,Ginga Tokkyuu Milky☆Subway,Остальные,Original,Дебют
61322,4,0.8875,Dr. Stone: Science Future Part 2,Остальные,Manga,Продолжение
61339,4,0.7976,Jibaku Shounen Hanako-kun 2 Part 2,Остальные,Manga,Продолжение
61410,4,0.71,Chotto dake Ai ga Omoi Dark Elf ga Isekai kara Oikaketekita Mini Anime Gekijou,Остальные,Web manga,Дебют
32455,5,0.6725,Gekidol: Actidol Project,Остальные,Original,Дебют
35252,5,0.6638,Hatena☆Illusion,Остальные,Light novel,Дебют
35335,5,0.7134,Musashino!,Остальные,Original,Дебют
36458,5,0.6154,Soukou Musume Senki,Остальные,Game,Дебют
37587,5,0.7363,Lapis Re:LiGHTs,Остальные,Mixed media,Дебют
37599,5,0.7201,Magatsu Wahrheit: Zuerst,Остальные,Game,Дебют
37890,5,0.828,Oshi ga Budoukan Ittekuretara Shinu,Нишевые любимчики,Manga,Дебют
38005,5,0.8376,Strike Witches: Road to Berlin,Остальные,Original,Продолжение
38006,5,0.6786,Renmei Kuugun Koukuu Mahou Ongakutai Luminous Witches,Остальные,Original,Дебют
38192,5,0.7099,Sakugan,Остальные,Novel,Дебют
38302,5,0.709,Boku no Tonari ni Ankoku Hakaishin ga Imasu.,Остальные,Manga,Дебют
38337,5,0.8727,Gochuumon wa Usagi desu ka? Bloom,Нишевые любимчики,4-koma manga,Продолжение
38440,5,0.5807,Shikizakura,Остальные,Original,Дебют
38476,5,0.9171,Heya Camp△,Надёжный просмотр,Manga,Дебют
38555,5,0.9132,Otome Game no Hametsu Flag shika Nai Akuyaku Reijou ni Tensei shiteshimatta...,Флагманы,Light novel,Дебют
38668,5,0.8809,Dorohedoro,Флагманы,Manga,Дебют
38790,5,0.8965,Itai no wa Iya nanode Bougyoryoku ni Kyokufuri Shitai to Omoimasu.,Флагманы,Light novel,Дебют
38830,5,0.9014,"Hachi-nan tte, Sore wa Nai deshou!",Надёжный просмотр,Light novel,Дебют
38835,5,0.8896,Umayon,Надёжный просмотр,4-koma manga,Дебют
38843,5,0.8164,Shironeko Project: Zero Chronicle,Надёжный просмотр,Game,Дебют
38853,5,0.4185,Ex-Arm,Остальные,Manga,Дебют
38924,5,0.7632,Nekopara,Остальные,Visual novel,Дебют
38992,5,0.8082,Rikei ga Koi ni Ochita no de Shoumei shitemita.,Остальные,Web manga,Дебют
39017,5,0.8552,Kyokou Suiri,Надёжный просмотр,Manga,Дебют
39184,5,0.7441,A3! Season Spring & Summer,Нишевые любимчики,Game,Дебют
39247,5,0.9223,Kobayashi-san Chi no Maid Dragon S,Флагманы,Manga,Продолжение
39388,5,0.74,Koisuru Asteroid,Остальные,4-koma manga,Дебют
39469,5,0.8572,Tsugu Tsugumomo,Остальные,Manga,Дебют
39531,5,0.7648,Kuutei Dragons,Остальные,Manga,Дебют
39534,5,0.8379,Jibaku Shounen Hanako-kun,Флагманы,Manga,Дебют
39547,5,0.9225,Yahari Ore no Seishun Love Comedy wa Machigatteiru. Kan,Флагманы,Light novel,Продолжение
39551,5,0.9554,Tensei shitara Slime Datta Ken 2nd Season,Флагманы,Manga,Продолжение
39575,5,0.7889,Somali to Mori no Kamisama,Остальные,Web manga,Дебют
39582,5,0.6706,Kitsutsuki Tanteidokoro,Остальные,Novel,Дебют
39583,5,0.7495,number24,Остальные,Original,Дебют
39609,5,0.7625,Ochikobore Fruit Tart,Остальные,4-koma manga,Дебют
39710,5,0.8501,Yesterday wo Utatte,Остальные,Manga,Дебют
39725,5,0.6731,I★Chu: Halfway Through the Idol,Нишевые любимчики,Game,Дебют
39730,5,0.8069,Houkago Teibou Nisshi,Остальные,Manga,Дебют
39783,5,0.949,5-toubun no Hanayome ∬,Флагманы,Manga,Продолжение
39790,5,0.8141,Adachi to Shimamura,Нишевые любимчики,Light novel,Дебют
39792,5,0.7825,Eizouken ni wa Te wo Dasu na!,Нишевые любимчики,Manga,Дебют
39808,5,0.898,Non Non Biyori Nonstop,Нишевые любимчики,Manga,Продолжение
39893,5,0.6071,Muteking the Dancing Hero,Остальные,Original,Дебют
39917,5,0.4583,Sabiiro no Armor: Reimei,Остальные,Mixed media,Дебют
39948,5,0.821,Muhyo to Rouji no Mahouritsu Soudan Jimusho 2nd Season,Остальные,Manga,Продолжение
39960,5,0.9048,Yatogame-chan Kansatsu Nikki Nisatsume,Надёжный просмотр,4-koma manga,Продолжение
39966,5,0.6431,Tamayomi,Остальные,Manga,Дебют
39988,5,0.9424,Isekai Quartet 2,Надёжный просмотр,Original,Продолжение
40010,5,0.8396,Ishuzoku Reviewers,Флагманы,Web manga,Дебют
40056,5,0.817,Deca-Dence,Надёжный просмотр,Original,Дебют
40059,5,0.9363,Golden Kamuy 3rd Season,Флагманы,Manga,Продолжение
40060,5,0.8931,BNA,Флагманы,Original,Дебют
40074,5,0.5411,Gibiate,Остальные,Original,Дебют
40075,5,0.7173,Koi to Producer: EVOLxLOVE,Остальные,Game,Дебют
40085,5,0.607,Maesetsu!,Остальные,Original,Дебют
40128,5,0.8205,Arte,Остальные,Manga,Дебют
40136,5,0.6711,Oda Cinnamon Nobunaga,Остальные,Manga,Дебют
40148,5,0.7622,22/7,Остальные,Other,Дебют
40165,5,0.5716,Listeners,Остальные,Original,Дебют
40174,5,0.8664,Zombieland Saga Revenge,Нишевые любимчики,Original,Продолжение
40230,5,0.77,Housekishou Richard-shi no Nazo Kantei,Остальные,Novel,Дебют
40272,5,0.8729,A3! Season Autumn & Winter,Нишевые любимчики,Game,Дебют
40357,5,0.8948,Tate no Yuusha no Nariagari Season 3,Нишевые любимчики,Light novel,Продолжение
40358,5,0.5816,Gal to Kyouryuu,Остальные,Manga,Дебют
40359,5,0.7205,Ikebukuro West Gate Park,Остальные,Novel,Дебют
40392,5,0.8467,Runway de Waratte,Остальные,Manga,Дебют
40397,5,0.8437,Maoujou de Oyasumi,Флагманы,Manga,Дебют
40403,5,0.5959,Shin Sakura Taisen the Animation,Остальные,Game,Дебют
40436,5,0.7837,Peter Grill to Kenja no Jikan,Надёжный просмотр,Manga,Дебют
40454,5,0.9216,Dungeon ni Deai wo Motomeru no wa Machigatteiru Darou ka III,Надёжный просмотр,Light novel,Продолжение
40483,5,0.8722,Murenase! Seton Gakuen,Надёжный просмотр,Web manga,Дебют
40488,5,0.622,Futsal Boys!!!!!,Нишевые любимчики,Mixed media,Дебют
40507,5,0.8946,Arifureta Shokugyou de Sekai Saikyou 2nd Season,Флагманы,Light novel,Продолжение
40513,5,0.7797,Nami yo Kiitekure,Остальные,Manga,Дебют
40526,5,0.6594,"Dragon, Ie wo Kau.",Остальные,Manga,Дебют
40529,5,0.8707,No Guns Life 2nd Season,Остальные,Manga,Продолжение
40530,5,0.878,Jaku-Chara Tomozaki-kun,Надёжный просмотр,Light novel,Дебют
40550,5,0.724,Assault Lily: Bouquet,Остальные,Mixed media,Дебют
40571,5,0.8587,Majo no Tabitabi,Флагманы,Light novel,Дебют
40586,5,0.8311,"Slime Taoshite 300-nen, Shiranai Uchi ni Level Max ni Nattemashita",Надёжный просмотр,Light novel,Дебют
40591,5,0.9585,Kaguya-sama wa Kokurasetai? Tensai-tachi no Renai Zunousen,Флагманы,Manga,Продолжение
40594,5,0.8641,Tatoeba Last Dungeon Mae no Mura no Shounen ga Joban no Machi de Kurasu Youna Monogatari,Надёжный просмотр,Light novel,Дебют
40595,5,0.8329,"Kimi to Boku no Saigo no Senjou, Aruiwa Sekai ga Hajimaru Seisen",Надёжный просмотр,Light novel,Дебют
40608,5,0.69,Muv-Luv Alternative,Остальные,Visual novel,Дебют
40623,5,0.7284,Dokyuu Hentai HxEros,Остальные,Manga,Дебют
40679,5,0.7496,2.43: Seiin Koukou Danshi Volley-bu,Остальные,Novel,Дебют
40685,5,0.8082,Super Cub,Нишевые любимчики,Light novel,Дебют
40708,5,0.8142,Monster Musume no Oishasan,Надёжный просмотр,Light novel,Дебют
40716,5,0.8439,Kakushigoto,Нишевые любимчики,Manga,Дебют
40738,5,0.7681,Natsunagu!,Остальные,Original,Дебют
40750,5,0.8558,Kaifuku Jutsushi no Yarinaoshi,Флагманы,Light novel,Дебют
40752,5,0.7133,Bishounen Tanteidan,Остальные,Novel,Дебют
40763,5,0.7844,Show By Rock!! Mashumairesh!!,Остальные,Game,Продолжение
40776,5,0.9624,Haikyuu!! To the Top Part 2,Флагманы,Manga,Продолжение
40783,5,0.6973,"Shachou, Battle no Jikan desu!",Остальные,Game,Дебют
40786,5,0.7317,Skate-Leading☆Stars,Остальные,Original,Дебют
40815,5,0.9515,Honzuki no Gekokujou: Shisho ni Naru Tame ni wa Shudan wo Erandeiraremasen 2nd Season,Надёжный просмотр,Light novel,Продолжение
40839,5,0.913,"Kanojo, Okarishimasu",Флагманы,Manga,Дебют
40842,5,0.7679,Idoly Pride,Нишевые любимчики,Mixed media,Дебют
40870,5,0.8003,SSSS.Dynazenon,Нишевые любимчики,Original,Дебют
40904,5,0.8606,Bokutachi no Remake,Флагманы,Light novel,Дебют
40907,5,0.9148,World Trigger 2nd Season,Остальные,Manga,Продолжение
40908,5,0.8631,Kemono Jihen,Надёжный просмотр,Manga,Дебют
40930,5,0.8635,Azur Lane: Bisoku Zenshin!,Остальные,4-koma manga,Продолжение
40935,5,0.9212,Beastars 2nd Season,Надёжный просмотр,Manga,Продолжение
40957,5,0.8255,Shin Chuuka Ichiban! 2nd Season,Остальные,Manga,Продолжение
40958,5,0.7132,Rail Romanesque,Остальные,Visual novel,Дебют
40960,5,0.7429,Cheat Kusushi no Slow Life: Isekai ni Tsukurou Drugstore,Остальные,Light novel,Дебют
40961,5,0.6681,Hortensia Saga,Остальные,Game,Дебют
40974,5,0.8694,Kuma Kuma Kuma Bear,Надёжный просмотр,Light novel,Дебют
40995,5,0.7274,Hentatsu (TV),Остальные,Original,Дебют
41084,5,0.9189,Made in Abyss: Retsujitsu no Ougonkyou,Флагманы,Web manga,Продолжение
41103,5,0.8403,Koi to Yobu ni wa Kimochi Warui,Флагманы,Web manga,Дебют
41109,5,0.8306,Log Horizon: Entaku Houkai,Остальные,Light novel,Продолжение
41169,5,0.8671,Love Live! Superstar!!,Нишевые любимчики,Other,Дебют
41226,5,0.8768,Uzaki-chan wa Asobitai!,Надёжный просмотр,Web manga,Дебют
41312,5,0.8936,Kami-tachi ni Hirowareta Otoko,Надёжный просмотр,Light novel,Дебют
41364,5,0.9053,One Room: Third Season,Остальные,Original,Продолжение
41372,5,0.6631,Senyoku no Sigrdrifa,Остальные,Original,Дебют
41380,5,0.8607,100-man no Inochi no Ue ni Ore wa Tatteiru,Надёжный просмотр,Manga,Дебют
41389,5,0.9,Tonikaku Kawaii,Флагманы,Manga,Дебют
41392,5,0.709,Urasekai Picnic,Остальные,Novel,Дебют
41433,5,0.885,Akudama Drive,Флагманы,Original,Дебют
41456,5,0.8486,"Sentouin, Haken shimasu!",Надёжный просмотр,Light novel,Дебют
41461,5,0.8872,Date A Live IV,Нишевые любимчики,Light novel,Продолжение
41487,5,0.9584,Tensei shitara Slime Datta Ken 2nd Season Part 2,Флагманы,Manga,Продолжение
41488,5,0.8721,Tensura Nikki: Tensei shitara Slime Datta Ken,Флагманы,Manga,Дебют
41514,5,0.8393,Itai no wa Iya nanode Bougyoryoku ni Kyokufuri Shitai to Omoimasu. 2,Остальные,Light novel,Продолжение
41520,5,0.8333,Show by Rock!! Stars!!,Остальные,Game,Продолжение
41521,5,0.6852,WIXOSS Diva(A)Live,Остальные,Card game,Дебют
41556,5,0.6114,Maiko-san Chi no Makanai-san,Остальные,Manga,Дебют
41574,5,0.813,Guraburu!,Остальные,4-koma manga,Дебют
41589,5,0.6961,Tokyo Mew Mew New ♡,Нишевые любимчики,Manga,Дебют
41762,5,0.756,Tenchi Souzou Design-bu,Остальные,Manga,Дебют
41783,5,0.7284,Iwa Kakeru! Sport Climbing Girls,Остальные,Web manga,Дебют
41833,5,0.7498,Kyuuketsuki Sugu Shinu,Нишевые любимчики,Manga,Дебют
41899,5,0.8804,Ore dake Haireru Kakushi Dungeon,Надёжный просмотр,Light novel,Дебют
41930,5,0.8447,Kamisama ni Natta Hi,Нишевые любимчики,Original,Дебют
42071,5,0.824,Yuuki Yuuna wa Yuusha de Aru Churutto!,Остальные,Game,Продолжение
42072,5,0.784,Kenja no Deshi wo Nanoru Kenja,Надёжный просмотр,Light novel,Дебют
42203,5,0.9421,Re:Zero kara Hajimeru Isekai Seikatsu 2nd Season Part 2,Флагманы,Light novel,Продолжение
42238,5,0.946,Ani ni Tsukeru Kusuri wa Nai! 4,Надёжный просмотр,Web manga,Продолжение
42250,5,0.8933,Bungou Stray Dogs Wan!,Флагманы,Web manga,Продолжение
42282,5,0.8671,Otome Game no Hametsu Flag shika Nai Akuyaku Reijou ni Tensei shiteshimatta... X,Надёжный просмотр,Light novel,Продолжение
42307,5,0.6507,Subarashiki Kono Sekai The Animation,Остальные,Game,Дебют
42321,5,0.6092,Battle Athletess Daiundoukai ReSTART!,Остальные,Original,Дебют
42340,5,0.8467,Meikyuu Black Company,Надёжный просмотр,Web manga,Дебют
42351,5,0.8804,Senpai ga Uzai Kouhai no Hanashi,Надёжный просмотр,Web manga,Дебют
42361,5,0.8659,"Ijiranaide, Nagatoro-san",Флагманы,Web manga,Дебют
42385,5,0.7661,The iDOLM@STER Million Live!,Остальные,Game,Продолжение
42395,5,0.7813,Shakunetsu Kabaddi,Нишевые любимчики,Web manga,Дебют
42506,5,0.7838,World Witches Hasshin Shimasu!,Остальные,Original,Дебют
42516,5,0.6503,Cardfight!! Vanguard: overDress,Остальные,Original,Дебют
42544,5,0.8018,Kaizoku Oujo,Нишевые любимчики,Original,Дебют
42568,5,0.7343,Yaku nara Mug Cup mo,Остальные,Manga,Дебют
42571,5,0.8374,Dogeza de Tanondemita,Остальные,Web manga,Дебют
42587,5,0.8328,Yuuki Yuuna wa Yuusha de Aru: Dai Mankai no Shou,Нишевые любимчики,Original,Продолжение
42590,5,0.8392,Mashiro no Oto,Остальные,Manga,Дебют
42627,5,0.7648,Peach Boy Riverside,Остальные,Manga,Дебют
42657,5,,Himitsukessha Taka no Tsume: Golden Spell,Остальные,Original,Дебют
42670,5,0.8561,Princess Connect! Re:Dive Season 2,Нишевые любимчики,Game,Продолжение
42745,5,0.8608,Machikado Mazoku: 2-choume,Остальные,4-koma manga,Продолжение
42822,5,0.7875,Kai Byoui Ramune,Остальные,Manga,Дебют
42826,5,0.8558,Seijo no Maryoku wa Bannou desu,Надёжный просмотр,Light novel,Дебют
42883,5,0.8109,Sore dake ga Neck,Надёжный просмотр,Original,Дебют
42923,5,0.8802,SK∞,Флагманы,Original,Дебют
42959,5,0.8988,Yatogame-chan Kansatsu Nikki Sansatsume,Остальные,4-koma manga,Продолжение
42963,5,0.8365,"Kanojo, Okarishimasu 2nd Season",Нишевые любимчики,Manga,Продолжение
42994,5,0.8589,Jashin-chan Dropkick X,Остальные,Web manga,Продолжение
43007,5,0.8055,Osananajimi ga Zettai ni Makenai Love Comedy,Флагманы,Light novel,Дебют
43299,5,0.8356,Wonder Egg Priority,Нишевые любимчики,Original,Дебют
43470,5,0.8294,Rikei ga Koi ni Ochita no de Shoumei shitemita. Heart,Остальные,Web manga,Продолжение
43523,5,0.9251,Tsuki ga Michibiku Isekai Douchuu,Флагманы,Light novel,Дебют
43756,5,0.8238,Bakuten!!,Нишевые любимчики,Original,Дебют
43767,5,0.6785,Night Head 2041,Нишевые любимчики,Other,Дебют
43814,5,0.8837,Deatte 5-byou de Battle,Надёжный просмотр,Web manga,Дебют
43969,5,0.8086,Kanojo mo Kanojo,Флагманы,Manga,Дебют
44040,5,0.7903,Abciee Shuugyou Nikki,Надёжный просмотр,Other,Дебют
44055,5,0.8465,Sasaki to Miyano,Флагманы,Web manga,Дебют
44081,5,0.6691,B-Project: Netsuretsu*Love Call,Остальные,Mixed media,Дебют
44203,5,0.9171,Seirei Gensouki,Флагманы,Light novel,Дебют
44204,5,0.8401,Kyokou Suiri Season 2,Остальные,Manga,Продолжение
44235,5,0.9259,Pui Pui Molcar,Флагманы,Other,Дебют
44274,5,0.6877,Puraore! Pride of Orange,Остальные,Mixed media,Дебют
44276,5,0.8426,Kyuukyoku Shinka shita Full Dive RPG ga Genjitsu yori mo Kusoge Dattara,Надёжный просмотр,Light novel,Дебют
44387,5,0.6994,Sankaku Mado no Sotogawa wa Yoru,Нишевые любимчики,Manga,Дебют
44511,5,0.9261,Chainsaw Man,Флагманы,Manga,Дебют
44516,5,0.7708,Koroshi Ai,Остальные,Manga,Дебют
44524,5,0.8513,Isekai Meikyuu de Harem wo,Флагманы,Light novel,Дебют
44881,5,0.9108,100-man no Inochi no Ue ni Ore wa Tatteiru 2nd Season,Надёжный просмотр,Manga,Продолжение
45055,5,0.856,Taishou Otome Otogibanashi,Нишевые любимчики,Manga,Дебют
45425,5,0.7924,Slow Loop,Остальные,Manga,Дебют
45486,5,0.8739,Kuma Kuma Kuma Bear Punch!,Остальные,Light novel,Продолжение
45560,5,0.7097,Orient,Остальные,Manga,Дебют
45576,5,0.9585,Mushoku Tensei: Isekai Ittara Honki Dasu Part 2,Флагманы,Light novel,Продолжение
45587,5,0.8373,Itazuraguma no Gloomy,Надёжный просмотр,Other,Дебют
45613,5,0.7371,Kawaii dake ja Nai Shikimori-san,Флагманы,Web manga,Дебют
45653,5,0.7659,Soredemo Ayumu wa Yosetekuru,Остальные,Manga,Дебют
45665,5,0.5996,Fairy Ranmaru: Anata no Kokoro Otasuke Shimasu,Нишевые любимчики,Original,Дебют
46118,5,0.6715,Wave!! Surfing Yappe!! (TV),Остальные,Mixed media,Дебют
46352,5,0.8219,Blue Period,Флагманы,Manga,Дебют
46471,5,0.7204,"Tantei wa Mou, Shindeiru.",Нишевые любимчики,Light novel,Дебют
46604,5,0.6064,Dolls' Frontline,Остальные,Game,Дебют
46985,5,0.8594,Shinka no Mi: Shiranai Uchi ni Kachigumi Jinsei,Надёжный просмотр,Light novel,Дебют
47159,5,0.8583,Tensai Ouji no Akaji Kokka Saisei Jutsu,Надёжный просмотр,Light novel,Дебют
47160,5,0.8601,Goblin Slayer II,Нишевые любимчики,Light novel,Продолжение
47161,5,0.8558,Shikkakumon no Saikyou Kenja,Надёжный просмотр,Light novel,Дебют
47162,5,0.7158,Shokei Shoujo no Virgin Road,Остальные,Light novel,Дебют
47163,5,0.8152,"Tensei Kenja no Isekai Life: Dai-2 no Shokugyou wo Ete, Sekai Saikyou ni Narimashita",Флагманы,Light novel,Дебют
47250,5,0.624,Jouran: The Princess of Snow and Blood,Остальные,Original,Дебют
47257,5,0.7891,Shinigami Bocchan to Kuro Maid,Нишевые любимчики,Web manga,Дебют
47391,5,0.7355,Seven Knights Revolution: Eiyuu no Keishousha,Надёжный просмотр,Game,Дебют
47790,5,0.9241,"Sekai Saikou no Ansatsusha, Isekai Kizoku ni Tensei suru",Флагманы,Light novel,Дебют
47917,5,0.9157,Bocchi the Rock!,Флагманы,4-koma manga,Дебют
48239,5,0.8843,Leadale no Daichi nite,Надёжный просмотр,Light novel,Дебют
48252,5,0.7987,"Ore, Tsushima",Нишевые любимчики,Manga,Дебют
48363,5,0.6959,RPG Fudousan,Остальные,4-koma manga,Дебют
48406,5,0.8115,Re-Main,Нишевые любимчики,Original,Дебют
48413,5,0.7953,Hataraku Maou-sama!!,Нишевые любимчики,Light novel,Продолжение
48414,5,0.8092,Sabikui Bisco,Остальные,Light novel,Дебют
48415,5,0.8663,"Shijou Saikyou no Daimaou, Murabito A ni Tensei suru",Надёжный просмотр,Light novel,Дебют
48417,5,0.7662,"Maou Gakuin no Futekigousha II: Shijou Saikyou no Maou no Shiso, Tensei shite Shison-tachi no Gakkou e Kayou",Нишевые любимчики,Light novel,Дебют
48418,5,0.806,"Maou Gakuin no Futekigousha II: Shijou Saikyou no Maou no Shiso, Tensei shite Shison-tachi no Gakkou e Kayou Part 2",Остальные,Light novel,Продолжение
48441,5,0.5741,The Legend of Heroes: Sen no Kiseki - Northern War,Остальные,Game,Дебют
48471,5,0.7848,Tsuki to Laika to Nosferatu,Остальные,Light novel,Дебют
48483,5,0.8389,Mieruko-chan,Флагманы,Web manga,Дебют
48491,5,0.8167,Yama no Susume: Next Summit,Остальные,Manga,Продолжение
48542,5,0.8107,Do It Yourself!!,Остальные,Original,Дебют
48553,5,0.7873,Akebi-chan no Sailor-fuku,Нишевые любимчики,Web manga,Дебют
48556,5,0.7564,Takt Op. Destiny,Нишевые любимчики,Mixed media,Дебют
48567,5,0.6288,Visual Prison,Нишевые любимчики,Original,Дебют
48569,5,0.9319,86 Part 2,Флагманы,Light novel,Продолжение
48580,5,0.8252,Vanitas no Karte,Нишевые любимчики,Manga,Дебют
48583,5,0.9539,Shingeki no Kyojin: The Final Season Part 2,Флагманы,Manga,Продолжение
48633,5,0.7603,Liar Liar,Остальные,Light novel,Дебют
48643,5,0.8169,Koi wa Sekai Seifuku no Ato de,Надёжный просмотр,Manga,Дебют
48644,5,0.6919,Gyakuten Sekai no Denchi Shoujo,Остальные,Original,Дебют
48649,5,0.7235,Fuuto Tantei,Нишевые любимчики,Manga,Дебют
48736,5,0.927,Sono Bisque Doll wa Koi wo Suru,Флагманы,Manga,Дебют
48742,5,0.6243,"Kono Healer, Mendokusai",Остальные,Web manga,Дебют
48760,5,0.8961,"Gaikotsu Kishi-sama, Tadaima Isekai e Odekakechuu",Надёжный просмотр,Light novel,Дебют
48761,5,0.8635,Saihate no Paladin,Надёжный просмотр,Light novel,Дебют
48775,5,0.8222,Kaginado,Остальные,Original,Дебют
48776,5,0.658,Build Divide: Code Black,Остальные,Mixed media,Дебют
48777,5,0.8101,Build Divide: Code White,Остальные,Mixed media,Дебют
48779,5,0.8429,Deaimon,Надёжный просмотр,Manga,Дебют
48804,5,0.8953,Isekai Shokudou 2,Надёжный просмотр,Light novel,Продолжение
48842,5,0.7496,Mahoutsukai Reimeiki,Остальные,Light novel,Дебют
48849,5,0.7888,Sonny Boy,Нишевые любимчики,Original,Дебют
48857,5,0.7305,Healer Girl,Остальные,Original,Дебют
48858,5,0.7622,180-byou de Kimi no Mimi wo Shiawase ni Dekiru ka?,Остальные,Original,Дебют
48926,5,0.861,"Komi-san wa, Comyushou desu.",Флагманы,Manga,Дебют
48981,5,0.6239,Mahou Shoujo Magical Destroyers,Остальные,Original,Дебют
48997,5,0.841,Fantasy Bishoujo Juniku Ojisan to,Надёжный просмотр,Web manga,Дебют
49109,5,0.8888,Kami-tachi ni Hirowareta Otoko 2nd Season,Надёжный просмотр,Light novel,Продолжение
49114,5,0.9043,Vanitas no Karte Part 2,Флагманы,Manga,Продолжение
49154,5,0.7864,High Card,Остальные,Mixed media,Дебют
49160,5,0.7158,Shachiku-san wa Youjo Yuurei ni Iyasaretai.,Остальные,Manga,Дебют
49263,5,0.8746,Yaku nara Mug Cup mo: Niban Gama,Остальные,Manga,Продолжение
49292,5,0.5764,Deep Insanity: The Lost Child,Остальные,Mixed media,Дебют
49304,5,0.5833,Seiken Densetsu: Legend of Mana - The Teardrop Crystal,Остальные,Game,Дебют
49385,5,0.6956,Kaijin Kaihatsu-bu no Kuroitsu-san,Остальные,Web manga,Дебют
49438,5,0.917,Isekai Yakkyoku,Надёжный просмотр,Light novel,Дебют
49470,5,0.8399,Mamahaha no Tsurego ga Motokano datta,Надёжный просмотр,Light novel,Дебют
49505,5,0.8582,Deji Meets Girl,Остальные,Original,Дебют
49514,5,0.4975,Gensou Sangokushi: Tengen Reishinki,Остальные,Game,Дебют
49520,5,0.7915,Aharen-san wa Hakarenai,Флагманы,Manga,Дебют
49551,5,0.8346,Hanabi-chan wa Okuregachi,Надёжный просмотр,Manga,Дебют
49612,5,0.7828,Ningen Fushin no Boukensha-tachi ga Sekai wo Sukuu you desu,Надёжный просмотр,Light novel,Дебют
49692,5,0.8255,Heroine Tarumono! Kiraware Heroine to Naisho no Oshigoto,Остальные,Music,Дебют
49721,5,0.8902,Karakai Jouzu no Takagi-san 3,Флагманы,Manga,Продолжение
49766,5,0.7234,Under Ninja,Остальные,Manga,Дебют
49776,5,0.8204,Kumichou Musume to Sewagakari,Надёжный просмотр,Web manga,Дебют
49782,5,0.8836,Shadows House 2nd Season,Остальные,Manga,Продолжение
49820,5,,Cardfight!! Vanguard: will+Dress Season 2,Остальные,Original,Продолжение
49828,5,0.8774,Kidou Senshi Gundam: Suisei no Majo,Флагманы,Original,Дебют
49831,5,0.6566,Black★★Rock Shooter: Dawn Fall,Нишевые любимчики,Other,Дебют
49849,5,0.8213,Shinmai Renkinjutsushi no Tenpo Keiei,Надёжный просмотр,Light novel,Дебют
49858,5,0.8527,Shinigami Bocchan to Kuro Maid 2nd Season,Остальные,Web manga,Продолжение
49891,5,0.8844,Tensei shitara Ken deshita,Флагманы,Light novel,Дебют
49894,5,0.7593,Eiyuu Kyoushitsu,Надёжный просмотр,Light novel,Дебют
49969,5,0.6603,Tribe Nine,Остальные,Mixed media,Дебют
49979,5,0.8648,Akuyaku Reijou nanode Last Boss wo Kattemimashita,Надёжный просмотр,Light novel,Дебют
49980,5,0.8178,Sugar Apple Fairy Tale,Нишевые любимчики,Light novel,Дебют
49981,5,0.5789,"Kimi to Boku no Saigo no Senjou, Aruiwa Sekai ga Hajimaru Seisen Season II",Остальные,Light novel,Продолжение
50010,5,0.8565,Meitantei Conan: Hannin no Hanzawa-san,Надёжный просмотр,Manga,Дебют
50172,5,0.9129,Mob Psycho 100 III,Флагманы,Web manga,Продолжение
50175,5,0.8631,"Yuusha, Yamemasu",Надёжный просмотр,Light novel,Дебют
50184,5,0.8255,Seiken Gakuin no Makentsukai,Надёжный просмотр,Light novel,Дебют
50185,5,0.8186,Ryman's Club,Нишевые любимчики,Original,Дебют
50197,5,0.8807,"Ijiranaide, Nagatoro-san 2nd Attack",Нишевые любимчики,Web manga,Продолжение
50203,5,0.9039,Love Live! Superstar!! 2nd Season,Нишевые любимчики,Other,Продолжение
50204,5,0.7277,Tokyo 24-ku,Остальные,Original,Дебют
50220,5,0.7474,Isekai Shoukan wa Nidome desu,Надёжный просмотр,Light novel,Дебют
50221,5,0.7797,Shine Post,Остальные,Mixed media,Дебют
50265,5,0.9327,Spy x Family,Флагманы,Manga,Дебют
50273,5,0.8882,Tomodachi Game,Флагманы,Manga,Дебют
50284,5,0.5612,Technoroid: Overmind,Остальные,Mixed media,Дебют
50285,5,,On Air Dekinai!,Остальные,Manga,Дебют
50287,5,0.8574,Kyuuketsuki Sugu Shinu 2,Остальные,Manga,Продолжение
50306,5,0.8394,Seirei Gensouki 2,Нишевые любимчики,Light novel,Продолжение
50307,5,0.8192,Tonikaku Kawaii 2nd Season,Нишевые любимчики,Manga,Продолжение
50348,5,0.8515,Peter Grill to Kenja no Jikan: Super Extra,Остальные,Manga,Продолжение
50380,5,0.8616,Paripi Koumei,Флагманы,Web manga,Дебют
50384,5,0.804,Mononogatari,Остальные,Manga,Дебют
50392,5,0.7855,Mato Seihei no Slave,Нишевые любимчики,Manga,Дебют
50416,5,0.8731,Skip to Loafer,Флагманы,Manga,Дебют
50425,5,0.8993,"Fuufu Ijou, Koibito Miman.",Флагманы,Manga,Дебют
50461,5,0.9162,Otome Game Sekai wa Mob ni Kibishii Sekai desu,Флагманы,Light novel,Дебют
50481,5,0.8508,"Eiyuuou, Bu wo Kiwameru Tame Tenseisu: Soshite, Sekai Saikyou no Minarai Kishi♀",Надёжный просмотр,Light novel,Дебют
50583,5,0.7095,Buta no Liver wa Kanetsu Shiro,Остальные,Light novel,Дебют
50606,5,0.6293,Ayakashi Triangle,Остальные,Manga,Дебют
50631,5,0.9024,"Komi-san wa, Comyushou desu. 2nd Season",Флагманы,Manga,Продолжение
50638,5,0.8257,Muv-Luv Alternative 2nd Season,Остальные,Visual novel,Продолжение
50652,5,0.7869,Tsundere Akuyaku Reijou Liselotte to Jikkyou no Endou-kun to Kaisetsu no Kobayashi-san,Остальные,Light novel,Дебют
50664,5,0.8085,Saihate no Paladin: Tetsusabi no Yama no Ou,Остальные,Light novel,Продолжение
50678,5,0.864,Kyoukai Senki Part 2,Остальные,Original,Продолжение
50685,5,0.8575,Kaginado Season 2,Остальные,Original,Продолжение
50695,5,0.8566,MF Ghost,Флагманы,Manga,Дебют
50738,5,0.7395,"Slime Taoshite 300-nen, Shiranai Uchi ni Level Max ni Nattemashita: Sono Ni",Остальные,Light novel,Продолжение
50739,5,0.8977,Otonari no Tenshi-sama ni Itsunomanika Dame Ningen ni Sareteita Ken,Флагманы,Light novel,Дебют
50760,5,0.6228,Teppen!!!!!!!!!!!!!!!,Остальные,Manga,Дебют
50854,5,0.8356,"Benriya Saitou-san, Isekai ni Iku",Надёжный просмотр,Web manga,Дебют
50862,5,0.6639,Estab-Life: Great Escape,Остальные,Mixed media,Дебют
50871,5,0.5845,Alice Gear Aegis Expansion,Остальные,Game,Дебют
50917,5,0.693,Prima Doll,Остальные,Mixed media,Дебют
50923,5,0.7898,Mushikaburi-hime,Нишевые любимчики,Light novel,Дебют
50985,5,0.6334,Chimimo,Нишевые любимчики,Original,Дебют
50999,5,0.6909,Extreme Hearts,Остальные,Original,Дебют
51064,5,0.9071,Kuro no Shoukanshi,Надёжный просмотр,Light novel,Дебют
51092,5,0.6458,Yuurei Deco,Остальные,Original,Дебют
51098,5,0.7279,Shinobi no Ittoki,Остальные,Original,Дебют
51105,5,0.642,NieR:Automata Ver1.1a,Нишевые любимчики,Game,Дебют
51128,5,0.782,Noumin Kanren no Skill bakka Agetetara Nazeka Tsuyoku Natta.,Надёжный просмотр,Light novel,Дебют
51139,5,0.5002,Kizuna no Allele,Остальные,Original,Дебют
51179,5,0.9473,Mushoku Tensei II: Isekai Ittara Honki Dasu,Флагманы,Light novel,Дебют
51212,5,0.7857,Futoku no Guild,Остальные,Manga,Дебют
51213,5,0.8309,Kinsou no Vermeil: Gakeppuchi Majutsushi wa Saikyou no Yakusai to Mahou Sekai wo Tsukisusumu,Флагманы,Manga,Дебют
51215,5,0.8694,Seijo no Maryoku wa Bannou desu Season 2,Надёжный просмотр,Light novel,Продолжение
51219,5,0.7228,Isekai One Turn Kill Neesan: Ane Douhan no Isekai Seikatsu Hajimemashita,Остальные,Manga,Дебют
51252,5,0.6311,Spy Kyoushitsu,Остальные,Light novel,Дебют
51265,5,0.7477,Inu ni Nattara Suki na Hito ni Hirowareta.,Остальные,Web manga,Дебют
51368,5,0.8848,Orient: Awajishima Gekitou-hen,Надёжный просмотр,Manga,Продолжение
51371,5,0.6653,Bucchigire!,Остальные,Original,Дебют
51381,5,0.7096,RWBY: Hyousetsu Teikoku,Нишевые любимчики,Other,Дебют
51403,5,0.8089,Renai Flops,Остальные,Original,Дебют
51415,5,0.5578,Opus.COLORs,Остальные,Original,Дебют
51458,5,0.8044,Lv1 Maou to One Room Yuusha,Надёжный просмотр,Web manga,Дебют
51462,5,0.9039,Isekai Nonbiri Nouka,Флагманы,Light novel,Дебют
51495,5,0.8485,Shin Shinka no Mi: Shiranai Uchi ni Kachigumi Jinsei,Надёжный просмотр,Light novel,Дебют
51498,5,0.8467,Masamune-kun no Revenge R,Остальные,Manga,Продолжение
51536,5,0.8106,The iDOLM@STER Cinderella Girls: U149,Нишевые любимчики,Web manga,Дебют
51552,5,0.9036,Watashi no Shiawase na Kekkon,Флагманы,Novel,Дебют
51586,5,0.8125,D4DJ All Mix,Нишевые любимчики,Mixed media,Дебют
51632,5,0.8115,Isekai wa Smartphone to Tomo ni. 2,Флагманы,Light novel,Продолжение
51648,5,0.9132,Nozomanu Fushi no Boukensha,Надёжный просмотр,Light novel,Дебют
51678,5,0.8157,Oniichan wa Oshimai!,Флагманы,Manga,Дебют
51693,5,0.8134,Kaminaki Sekai no Kamisama Katsudou,Надёжный просмотр,Manga,Дебют
51705,5,0.7759,Otonari ni Ginga,Остальные,Manga,Дебют
51706,5,0.745,Yuusha ga Shinda!,Надёжный просмотр,Web manga,Дебют
51711,5,0.8644,Hyouken no Majutsushi ga Sekai wo Suberu,Надёжный просмотр,Light novel,Дебют
51764,5,0.8544,Level 1 dakedo Unique Skill de Saikyou desu,Надёжный просмотр,Light novel,Дебют
51815,5,0.8146,Kubo-san wa Mob wo Yurusanai,Нишевые любимчики,Manga,Дебют
51817,5,0.7307,Watashi no Yuri wa Oshigoto desu!,Остальные,Manga,Дебют
51818,5,0.8342,Enen no Shouboutai: San no Shou,Нишевые любимчики,Manga,Продолжение
51923,5,0.5914,Warau Arsnotoria Sun!,Остальные,Game,Дебют
51956,5,0.6471,Paradox Live the Animation,Нишевые любимчики,Mixed media,Дебют
51958,5,0.8037,Kono Subarashii Sekai ni Bakuen wo!,Остальные,Light novel,Дебют
51986,5,0.8821,Pui Pui Molcar: Driving School,Надёжный просмотр,Original,Продолжение
52081,5,0.7483,Edomae Elf,Остальные,Manga,Дебют
52082,5,0.772,Shiro Seijo to Kuro Bokushi,Остальные,4-koma manga,Дебют
52092,5,0.7384,My Home Hero,Остальные,Manga,Дебют
52093,5,0.7731,Trigun Stampede,Нишевые любимчики,Manga,Дебют
52173,5,0.7723,Koori Zokusei Danshi to Cool na Douryou Joshi,Остальные,Web manga,Дебют
52193,5,0.7954,Akiba Meido Sensou,Нишевые любимчики,Original,Дебют
52196,5,0.8573,Date A Live V,Нишевые любимчики,Light novel,Продолжение
52211,5,0.9017,Mashle,Флагманы,Manga,Дебют
52229,5,0.8985,Birdie Wing: Golf Girls' Story Season 2,Остальные,Original,Продолжение
52299,5,0.9363,Ore dake Level Up na Ken,Флагманы,Web manga,Дебют
52308,5,0.8712,Kanojo ga Koushaku-tei ni Itta Riyuu,Флагманы,Web manga,Дебют
52359,5,0.8255,Isekai de Mofumofu Nadenade suru Tame ni Ganbattemasu.,Надёжный просмотр,Light novel,Дебют
52367,5,0.7844,Isekai Shikkaku,Надёжный просмотр,Web manga,Дебют
52381,5,0.7839,Aru Asa Dummy Head Mic ni Natteita Ore-kun no Jinsei,Остальные,Original,Дебют
52405,5,0.5603,Highspeed Etoile,Остальные,Original,Дебют
52446,5,0.8729,Kaiko sareta Ankoku Heishi (30-dai) no Slow na Second Life,Надёжный просмотр,Light novel,Дебют
52461,5,0.8459,Rougo ni Sonaete Isekai de 8-manmai no Kinka wo Tamemasu,Надёжный просмотр,Light novel,Дебют
52481,5,0.7903,Gimai Seikatsu,Нишевые любимчики,Light novel,Дебют
52482,5,0.8199,Sasaki to Pii-chan,Надёжный просмотр,Light novel,Дебют
52578,5,0.8816,Boku no Kokoro no Yabai Yatsu,Флагманы,Manga,Дебют
52588,5,0.929,Kaijuu 8-gou,Флагманы,Manga,Дебют
52608,5,0.8791,Tensei Kizoku no Isekai Boukenroku: Jichou wo Shiranai Kamigami no Shito,Надёжный просмотр,Light novel,Дебют
52611,5,0.8738,Okashi na Tensei,Надёжный просмотр,Light novel,Дебют
52619,5,0.7948,Jidou Hanbaiki ni Umarekawatta Ore wa Meikyuu wo Samayou,Надёжный просмотр,Light novel,Дебют
52709,5,0.7639,"Danjo no Yuujou wa Seiritsu suru? (Iya, Shinai!!)",Остальные,Light novel,Дебют
52736,5,0.8538,Tensei Oujo to Tensai Reijou no Mahou Kakumei,Флагманы,Light novel,Дебют
52816,5,0.7498,Majo to Yajuu,Нишевые любимчики,Manga,Дебют
52934,5,0.7795,"Konyaku Haki sareta Reijou wo Hirotta Ore ga, Ikenai Koto wo Oshiekomu",Остальные,Light novel,Дебют
52955,5,0.8554,Mahoutsukai no Yome Season 2,Остальные,Manga,Продолжение
52962,5,0.8773,"Tearmoon Teikoku Monogatari: Dantoudai kara Hajimaru, Hime no Tensei Gyakuten Story",Надёжный просмотр,Light novel,Дебют
52969,5,0.8574,"Jitsu wa Ore, Saikyou deshita?",Надёжный просмотр,Light novel,Дебют
52973,5,0.8263,Megami no Café Terrace,Надёжный просмотр,Manga,Дебют
52985,5,0.687,Dekoboko Majo no Oyako Jijou,Остальные,4-koma manga,Дебют
52990,5,0.8275,"Keikenzumi na Kimi to, Keiken Zero na Ore ga, Otsukiai suru Hanashi.",Флагманы,Light novel,Дебют
53012,5,0.6703,Human Bug Daigaku,Остальные,Web manga,Дебют
53026,5,0.7073,Synduality: Noir,Остальные,Mixed media,Дебют
53033,5,0.7082,Mecha-ude (TV),Остальные,Original,Дебют
53040,5,0.8571,Kanojo mo Kanojo Season 2,Надёжный просмотр,Manga,Продолжение
53050,5,0.8802,"Kanojo, Okarishimasu 3rd Season",Надёжный просмотр,Manga,Продолжение
53065,5,0.8039,Sono Bisque Doll wa Koi wo Suru Season 2,Нишевые любимчики,Manga,Продолжение
53077,5,0.837,Nijiyon Animation,Остальные,4-koma manga,Дебют
53097,5,0.8315,Tokyo Mew Mew New ♡ 2nd Season,Остальные,Manga,Продолжение
53132,5,0.6942,UniteUp!,Нишевые любимчики,Music,Дебют
53162,5,0.73,Majutsushi Orphen Hagure Tabi: Urbanrama-hen,Остальные,Light novel,Продолжение
53163,5,0.6929,Kawaisugi Crisis,Остальные,Manga,Дебют
53179,5,0.654,Ars no Kyojuu,Остальные,Original,Дебют
53199,5,0.9147,Kidou Senshi Gundam: Suisei no Majo Season 2,Флагманы,Original,Продолжение
53200,5,0.8345,Hataraku Maou-sama!! 2nd Season,Остальные,Light novel,Продолжение
53213,5,0.6938,Revenger,Остальные,Original,Дебют
53237,5,0.6939,Shy,Остальные,Manga,Дебют
53262,5,0.6941,Hoshikuzu Telepath,Нишевые любимчики,4-koma manga,Дебют
53263,5,0.8825,"Seija Musou: Salaryman, Isekai de Ikinokoru Tame ni Ayumu Michi",Надёжный просмотр,Light novel,Дебют
53287,5,0.863,Love Live! Superstar!! 3rd Season,Нишевые любимчики,Other,Продолжение
53356,5,0.7853,Shuumatsu Train Doko e Iku?,Остальные,Original,Дебют
53379,5,0.7514,Uchi no Kaisha no Chiisai Senpai no Hanashi,Остальные,Web manga,Дебют
53397,5,0.7859,Tsuyokute New Saga,Остальные,Light novel,Дебют
53407,5,0.7739,Bartender: Kami no Glass,Остальные,Manga,Дебют
53410,5,0.8368,Yuru Camp△ Season 3,Нишевые любимчики,Manga,Продолжение
53411,5,0.8453,Buddy Daddies,Флагманы,Original,Дебют
53421,5,0.8338,Dosanko Gal wa Namara Menkoi,Надёжный просмотр,Manga,Дебют
53426,5,0.7978,Hyakushou Kizoku,Остальные,Manga,Дебют
53428,5,0.6257,Ayaka,Остальные,Original,Дебют
53434,5,0.8846,"Maou no Ore ga Dorei Elf wo Yome ni Shitanda ga, Dou Medereba Ii?",Надёжный просмотр,Light novel,Дебют
53438,5,0.8679,Higeki no Genkyou to Naru Saikyou Gedou Last Boss Joou wa Tami no Tame ni Tsukushimasu.,Надёжный просмотр,Light novel,Дебют
53439,5,0.8849,Boushoku no Berserk,Надёжный просмотр,Light novel,Дебют
53446,5,0.9099,Tondemo Skill de Isekai Hourou Meshi,Флагманы,Light novel,Дебют
53488,5,0.7829,"Shin no Nakama ja Nai to Yuusha no Party wo Oidasareta node, Henkyou de Slow Life suru Koto ni Shimashita 2nd",Надёжный просмотр,Light novel,Продолжение
53516,5,0.8918,"Tensei shitara Dainana Ouji Datta node, Kimama ni Majutsu wo Kiwamemasu",Надёжный просмотр,Light novel,Дебют
53587,5,0.538,The Marginal Service,Остальные,Original,Дебют
53590,5,0.8604,Saijaku Tamer wa Gomi Hiroi no Tabi wo Hajimemashita.,Надёжный просмотр,Light novel,Дебют
53613,5,0.832,Dead Mount Death Play,Надёжный просмотр,Manga,Дебют
53632,5,0.8329,Yumemiru Danshi wa Genjitsushugisha,Надёжный просмотр,Light novel,Дебют
53633,5,0.6452,Bullbuster,Остальные,Mixed media,Дебют
53698,5,0.7315,World Dai Star,Остальные,Mixed media,Дебют
53723,5,0.7438,Acro Trip,Остальные,Manga,Дебют
53730,5,0.8404,"Sokushi Cheat ga Saikyou sugite, Isekai no Yatsura ga Marude Aite ni Naranai n desu ga.",Надёжный просмотр,Light novel,Дебют
53770,5,0.8157,Sentai Daishikkaku,Остальные,Manga,Дебют
53787,5,0.6879,AI no Idenshi,Остальные,Manga,Дебют
53833,5,0.8472,Watashi no Oshi wa Akuyaku Reijou.,Флагманы,Light novel,Дебют
53835,5,0.7551,Unnamed Memory,Остальные,Light novel,Дебют
53887,5,0.8931,Spy x Family Season 2,Флагманы,Manga,Продолжение
53889,5,0.7965,Ao no Exorcist: Shimane Illuminati-hen,Остальные,Manga,Продолжение
53912,5,0.7672,Seiyuu Radio no Uraomote,Остальные,Light novel,Дебют
53924,5,0.8127,Jibaku Shounen Hanako-kun 2,Нишевые любимчики,Manga,Продолжение
54028,5,0.5842,Turkey!,Остальные,Original,Дебют
54103,5,0.7975,Hikikomari Kyuuketsuki no Monmon,Нишевые любимчики,Light novel,Дебют
54112,5,0.8292,Zom 100: Zombie ni Naru made ni Shitai 100 no Koto,Флагманы,Manga,Дебют
54199,5,0.7177,Kaii to Otome to Kamikakushi,Остальные,Web manga,Дебют
54233,5,0.6759,Sasayaku You ni Koi wo Utau,Нишевые любимчики,Manga,Дебют
54259,5,0.7296,Rokudou no Onna-tachi,Остальные,Manga,Дебют
54265,5,0.7608,Kekkon Yubiwa Monogatari,Надёжный просмотр,Manga,Дебют
54275,5,0.8039,Temple,Остальные,Web manga,Дебют
54284,5,0.6412,VTuber Nandaga Haishin Kiri Wasuretara Densetsu ni Natteta,Остальные,Light novel,Дебют
54301,5,0.7612,Overtake!,Нишевые любимчики,Original,Дебют
54309,5,0.6756,Blue Archive the Animation,Нишевые любимчики,Game,Дебют
54362,5,0.7961,Hametsu no Oukoku,Остальные,Manga,Дебют
54431,5,0.8261,Toaru Ossan no VRMMO Katsudouki,Надёжный просмотр,Light novel,Дебют
54449,5,0.6584,Ishura,Остальные,Light novel,Дебют
54595,5,0.9282,Kage no Jitsuryokusha ni Naritakute! 2nd Season,Флагманы,Light novel,Продолжение
54616,5,0.8561,Potion-danomi de Ikinobimasu!,Надёжный просмотр,Light novel,Дебют
54617,5,0.69,Kyuujitsu no Warumono-san,Остальные,Web manga,Дебют
54632,5,0.8814,Gekai Elise,Надёжный просмотр,Web manga,Дебют
54638,5,0.6068,Kawagoe Boys Sing,Остальные,Original,Дебют
54714,5,0.8502,Kimi no Koto ga Daidaidaidaidaisuki na 100-nin no Kanojo,Флагманы,Manga,Дебют
54716,5,0.7123,Kibou no Chikara: Otona Precure '23,Остальные,Original,Дебют
54717,5,0.7859,Mahoutsukai Precure!! Mirai Days,Остальные,Original,Продолжение
54724,5,0.779,Nige Jouzu no Wakagimi,Остальные,Manga,Дебют
54726,5,0.7422,"Tsuma, Shougakusei ni Naru.",Остальные,Manga,Дебют
54738,5,0.7639,Majutsushi Orphen Hagure Tabi: Seiiki-hen,Остальные,Light novel,Продолжение
54743,5,0.8901,Dead Mount Death Play Part 2,Надёжный просмотр,Manga,Продолжение
54744,5,0.8764,Tokidoki Bosotto Russia-go de Dereru Tonari no Alya-san,Флагманы,Light novel,Дебют
54758,5,0.7343,The iDOLM@STER Shiny Colors,Остальные,Game,Продолжение
54760,5,0.6419,Ryza no Atelier: Tokoyami no Joou to Himitsu no Kakurega,Остальные,Game,Дебют
54769,5,0.5348,Sousei no Aquarion: Myth of Emotions,Остальные,Original,Дебют
54798,5,0.5943,Kamierabi,Остальные,Original,Дебют
54837,5,0.919,Akuyaku Reijou Level 99: Watashi wa Ura-Boss desu ga Maou dewa Arimasen,Надёжный просмотр,Light novel,Дебют
54839,5,0.7925,Yoru no Kurage wa Oyogenai,Нишевые любимчики,Original,Дебют
54842,5,0.8906,Sugar Apple Fairy Tale Part 2,Надёжный просмотр,Light novel,Продолжение
54852,5,0.8868,Kikansha no Mahou wa Tokubetsu desu,Надёжный просмотр,Web manga,Дебют
54853,5,0.8339,Maou 2099,Надёжный просмотр,Light novel,Дебют
54855,5,0.6871,Senpai wa Otokonoko,Остальные,Web manga,Дебют
54859,5,0.5918,Rinkai!,Остальные,Mixed media,Дебют
54869,5,0.8166,High Card Season 2,Остальные,Mixed media,Продолжение
54883,5,0.892,Mononogatari 2nd Season,Надёжный просмотр,Manga,Продолжение
54913,5,0.8846,"Shinmai Ossan Boukensha, Saikyou Party ni Shinu hodo Kitaerarete Muteki ni Naru.",Надёжный просмотр,Light novel,Дебют
54914,5,0.5433,Bikkurimen,Остальные,Other,Дебют
54947,5,0.8583,Spy Kyoushitsu 2nd Season,Остальные,Light novel,Продолжение
54968,5,0.7507,Giji Harem,Нишевые любимчики,Web manga,Дебют
55129,5,0.7336,Oroka na Tenshi wa Akuma to Odoru,Остальные,Manga,Дебют
55150,5,0.8409,Yarinaoshi Reijou wa Ryuutei Heika wo Kouryakuchuu,Надёжный просмотр,Light novel,Дебют
55153,5,0.7916,Yuzuki-san Chi no Yonkyoudai.,Остальные,Manga,Дебют
55265,5,0.8907,"Tensei Kizoku, Kantei Skill de Nariagaru",Надёжный просмотр,Light novel,Дебют
55310,5,0.7978,Atarashii Joushi wa Do Tennen,Нишевые любимчики,Web manga,Дебют
55358,5,0.7769,Bucchigiri?!,Остальные,Original,Дебют
55397,5,0.6175,Pon no Michi,Остальные,Original,Дебют
55514,5,0.6672,Zatsu Tabi: That's Journey,Остальные,Manga,Дебют
55528,5,0.7482,Yuuki Bakuhatsu Bang Bravern,Нишевые любимчики,Original,Дебют
55597,5,0.72,Hananoi-kun to Koi no Yamai,Остальные,Manga,Дебют
55710,5,0.4652,Hana-Doll*: Reinterpretation of Flowering,Остальные,Mixed media,Дебют
55717,5,0.6682,Dekisokonai to Yobareta Motoeiyuu wa Jikka kara Tsuihou sareta node Sukikatte ni Ikiru Koto ni Shita,Остальные,Light novel,Дебют
55742,5,0.8991,Mahoutsukai no Yome Season 2 Part 2,Остальные,Manga,Продолжение
55749,5,0.854,Megami no Café Terrace 2nd Season,Остальные,Manga,Продолжение
55774,5,0.6889,"Himesama ""Goumon"" no Jikan desu",Остальные,Manga,Дебют
55775,5,0.7956,Kizuna no Allele Season 2,Остальные,Original,Продолжение
55813,5,0.9185,Mashle: Shinkakusha Kouho Senbatsu Shiken-hen,Надёжный просмотр,Manga,Продолжение
55823,5,0.8163,Natsume Yuujinchou Shichi,Нишевые любимчики,Manga,Продолжение
55842,5,0.6912,Okinawa de Suki ni Natta Ko ga Hougen Sugite Tsurasugiru,Остальные,Web manga,Дебют
55844,5,0.7365,Tasogare Out Focus,Нишевые любимчики,Manga,Дебют
55866,5,0.8238,Yubisaki to Renren,Флагманы,Manga,Дебют
55877,5,0.8027,Henjin no Salad Bowl,Остальные,Light novel,Дебют
55887,5,0.7986,"Kekkon suru tte, Hontou desu ka",Остальные,Manga,Дебют
55888,5,0.9356,Mushoku Tensei II: Isekai Ittara Honki Dasu Part 2,Флагманы,Light novel,Продолжение
55894,5,0.6907,Bokura no Ame-iro Protocol,Остальные,Original,Дебют
55973,5,0.8414,30-sai made Doutei dato Mahoutsukai ni Nareru Rashii,Флагманы,Manga,Дебют
55994,5,0.7863,Sword Art Online Alternative: Gun Gale Online II,Остальные,Light novel,Продолжение
55996,5,0.7167,Koi wa Futago de Warikirenai,Остальные,Light novel,Дебют
55997,5,0.7988,"Guild no Uketsukejou desu ga, Zangyou wa Iya nanode Boss wo Solo Toubatsu Shiyou to Omoimasu",Надёжный просмотр,Light novel,Дебют
55998,5,0.6469,Momochi-san Chi no Ayakashi Ouji,Остальные,Manga,Дебют
56062,5,0.7543,Naze Boku no Sekai wo Daremo Oboeteinai no ka?,Остальные,Light novel,Дебют
56063,5,0.8512,NieR:Automata Ver1.1a Part 2,Остальные,Game,Продолжение
56135,5,0.7074,UniteUp! Uni:Birth,Нишевые любимчики,Music,Продолжение
56165,5,0.7874,Boukyaku Battery (TV),Нишевые любимчики,Manga,Дебют
56348,5,0.7719,Dungeon no Naka no Hito,Остальные,Web manga,Дебют
56352,5,0.8987,"Loop 7-kaime no Akuyaku Reijou wa, Moto Tekikoku de Jiyuu Kimama na Hanayome Seikatsu wo Mankitsu suru",Флагманы,Light novel,Дебют
56400,5,0.7548,"Maou-sama, Retry! R",Остальные,Web manga,Продолжение
56449,5,0.7884,Madougushi Dahliya wa Utsumukanai,Остальные,Light novel,Дебют
56461,5,0.5877,Hamidashi Creative,Остальные,Visual novel,Дебют
56690,5,0.8667,Re:Monster,Надёжный просмотр,Light novel,Дебют
56691,5,0.4942,Gekkan Mousou Kagaku,Остальные,Original,Дебют
56700,5,0.7505,Jidou Hanbaiki ni Umarekawatta Ore wa Meikyuu wo Samayou 2nd Season,Остальные,Light novel,Продолжение
56731,5,0.8374,Synduality: Noir Part 2,Остальные,Mixed media,Продолжение
56738,5,0.8878,Shinigami Bocchan to Kuro Maid 3rd Season,Остальные,Web manga,Продолжение
56768,5,0.7423,"Tadaima, Okaeri",Нишевые любимчики,Manga,Дебют
56838,5,0.7938,"One Room, Hiatari Futsuu, Tenshi-tsuki.",Остальные,Manga,Дебют
56843,5,0.791,Goukon ni Ittara Onna ga Inakatta Hanashi,Нишевые любимчики,Web manga,Дебют
56845,5,0.7802,"Saikyou Tank no Meikyuu Kouryaku: Tairyoku 9999 no Rare Skill-mochi Tank, Yuusha Party wo Tsuihou sareru",Надёжный просмотр,Manga,Дебют
56907,5,0.7444,Koujo Denka no Kateikyoushi,Остальные,Light novel,Дебют
56923,5,0.8888,Lv2 kara Cheat datta Motoyuusha Kouho no Mattari Isekai Life,Надёжный просмотр,Light novel,Дебют
56964,5,0.7745,Raise wa Tanin ga Ii,Остальные,Manga,Дебют
56967,5,0.772,Kamierabi 2nd Season,Остальные,Original,Продолжение
57031,5,0.713,Vampire Dormitory,Остальные,Manga,Дебют
57050,5,0.6286,Kisaki Kyouiku kara Nigetai Watashi,Остальные,Manga,Дебют
57058,5,0.8683,"Ore wa Subete wo ""Parry"" suru: Gyaku Kanchigai no Sekai Saikyou wa Boukensha ni Naritai",Надёжный просмотр,Light novel,Дебют
57099,5,0.6293,Na Nare Hana Nare,Остальные,Original,Дебют
57100,5,0.8768,The New Gate,Надёжный просмотр,Light novel,Дебют
57152,5,0.4528,Mahoutsukai no Yakusoku,Остальные,Game,Дебют
57217,5,0.7846,Katsute Mahou Shoujo to Aku wa Tekitai shiteita.,Остальные,Manga,Дебют
57315,5,0.7306,"Meitou ""Isekai no Yu"" Kaitakuki: Around 40 Onsen Mania no Tensei Saki wa, Nonbiri Onsen Tengoku deshita",Остальные,Light novel,Дебют
57325,5,0.7055,Ramen Akaneko,Остальные,Manga,Дебют
57334,5,0.8974,Dandadan,Флагманы,Manga,Дебют
57360,5,0.7324,Kabushikigaisha Magi-Lumière,Остальные,Manga,Дебют
57362,5,0.766,Hoshifuru Oukoku no Nina,Нишевые любимчики,Manga,Дебют
57380,5,0.8196,Isekai Yururi Kikou: Kosodateshinagara Boukensha Shimasu,Надёжный просмотр,Light novel,Дебют
57391,5,0.6949,Astro Note,Остальные,Original,Дебют
57517,5,0.6592,Puniru wa Kawaii Slime,Остальные,Manga,Дебют
57524,5,0.8801,Make Heroine ga Oosugiru!,Флагманы,Light novel,Дебют
57559,5,0.9062,MF Ghost 2nd Season,Надёжный просмотр,Manga,Продолжение
57562,5,0.8281,Hyakushou Kizoku 2nd Season,Остальные,Manga,Продолжение
57567,5,0.8235,Shy 2nd Season,Остальные,Manga,Продолжение
57592,5,0.9068,Dr. Stone: Science Future,Надёжный просмотр,Manga,Продолжение
57611,5,0.738,Kimi wa Meido-sama.,Остальные,Web manga,Дебют
57616,5,0.8686,Kimi no Koto ga Daidaidaidaidaisuki na 100-nin no Kanojo 2nd Season,Нишевые любимчики,Manga,Продолжение
57623,5,0.8916,Nijiyon Animation 2,Остальные,4-koma manga,Продолжение
57646,5,0.7802,Mob kara Hajimaru Tansaku Eiyuutan,Надёжный просмотр,Light novel,Дебют
57648,5,0.7922,Nihon e Youkoso Elf-san.,Остальные,Light novel,Дебют
57719,5,0.8368,Akuyaku Reijou Tensei Ojisan,Надёжный просмотр,Manga,Дебют
57820,5,0.4883,Kamitsubaki-shi Kensetsuchuu.,Остальные,Other,Дебют
57845,5,0.6794,Elf-san wa Yaserarenai.,Остальные,Web manga,Дебют
57876,5,0.7773,Maougun Saikyou no Majutsushi wa Ningen datta,Надёжный просмотр,Manga,Дебют
57891,5,0.845,Hitoribocchi no Isekai Kouryaku,Надёжный просмотр,Light novel,Дебют
57892,5,0.8763,"Hazurewaku no ""Joutai Ijou Skill"" de Saikyou ni Natta Ore ga Subete wo Juurin suru made",Надёжный просмотр,Light novel,Дебют
57907,5,0.8167,Tate no Yuusha no Nariagari Season 4,Остальные,Light novel,Продолжение
57944,5,0.8012,"Party kara Tsuihou sareta Sono Chiyushi, Jitsu wa Saikyou ni Tsuki",Надёжный просмотр,Light novel,Дебют
57947,5,0.7382,Mayonaka Punch,Остальные,Original,Дебют
58059,5,0.8739,Tsue to Tsurugi no Wistoria,Надёжный просмотр,Manga,Дебют
58066,5,0.7159,Sorairo Utility (TV),Остальные,Original,Дебют
58080,5,0.8051,Kenka Dokugaku,Надёжный просмотр,Web manga,Дебют
58131,5,0.8162,Shiunji-ke no Kodomotachi,Остальные,Manga,Дебют
58173,5,0.6635,Mahoutsukai ni Narenakatta Onnanoko no Hanashi,Остальные,Novel,Дебют
58197,5,0.5095,Nyaight of the Living Cat,Остальные,Manga,Дебют
58216,5,0.6417,Übel Blatt,Остальные,Manga,Дебют
58259,5,0.5886,"Douse, Koishite Shimaunda.",Остальные,Manga,Дебют
58265,5,0.6618,Babanbabanban Vampire,Остальные,Manga,Дебют
58271,5,0.7404,Honey Lemon Soda,Остальные,Manga,Дебют
58272,5,0.7069,Boku no Tsuma wa Kanjou ga Nai,Остальные,Manga,Дебют
58302,5,0.7967,The iDOLM@STER Shiny Colors 2nd Season,Остальные,Game,Продолжение
58359,5,0.8355,"Isshun de Chiryou shiteita noni Yakutatazu to Tsuihou sareta Tensai Chiyushi, Yami Healer toshite Tanoshiku Ikiru",Надёжный просмотр,Light novel,Дебют
58390,5,0.7424,Yofukashi no Uta Season 2,Нишевые любимчики,Manga,Продолжение
58426,5,0.6454,Shikanoko Nokonoko Koshitantan,Нишевые любимчики,Manga,Дебют
58437,5,0.8396,"Botsuraku Yotei no Kizoku dakedo, Hima Datta kara Mahou wo Kiwametemita",Надёжный просмотр,Light novel,Дебют
58445,5,0.7964,"Sayounara Ryuusei, Konnichiwa Jinsei",Надёжный просмотр,Light novel,Дебют
58473,5,0.737,"S-Rank Monster no ""Behemoth"" dakedo, Neko to Machigawarete Elf Musume no Pet toshite Kurashitemasu",Остальные,Manga,Дебют
58484,5,0.8338,Ishura 2nd Season,Остальные,Light novel,Продолжение
58492,5,0.7591,Mono,Остальные,4-koma manga,Дебют
58502,5,0.7606,Zenshuu.,Нишевые любимчики,Original,Дебют
58511,5,0.8386,Nanatsu no Taizai: Mokushiroku no Yonkishi 2nd Season,Остальные,Manga,Продолжение
58516,5,0.8644,Ao no Exorcist: Yuki no Hate-hen,Остальные,Manga,Продолжение
58600,5,0.7265,Ameku Takao no Suiri Karte,Остальные,Novel,Дебют
58614,5,0.8103,Teogonia,Остальные,Light novel,Дебют
58714,5,0.8692,"Saikyou no Shienshoku ""Wajutsushi"" de Aru Ore wa Sekai Saikyou Clan wo Shitagaeru",Надёжный просмотр,Light novel,Дебют
58725,5,0.7724,Ninja to Koroshiya no Futarigurashi,Остальные,Manga,Дебют
58822,5,0.8863,Izure Saikyou no Renkinjutsushi?,Надёжный просмотр,Light novel,Дебют
58833,5,0.647,Kakushite! Makina-san!!,Остальные,Manga,Дебют
58853,5,0.7403,Kuroiwa Medaka ni Watashi no Kawaii ga Tsuujinai,Остальные,Manga,Дебют
58854,5,0.6379,Kinoko Inu,Остальные,Manga,Дебют
58913,5,0.6376,Hikaru ga Shinda Natsu,Нишевые любимчики,Web manga,Дебют
58926,5,0.6458,Egumi Legacy,Остальные,Card game,Дебют
58985,5,0.5521,0-saiji Start Dash Monogatari,Остальные,Manga,Дебют
59002,5,0.761,"Hazure Skill ""Kinomi Master"": Skill no Mi (Tabetara Shinu) wo Mugen ni Taberareru You ni Natta Ken ni Tsuite",Надёжный просмотр,Manga,Дебют
59055,5,0.6934,"Hana wa Saku, Shura no Gotoku",Остальные,Manga,Дебют
59095,5,0.8649,"Tensei shitara Dainana Ouji Datta node, Kimama ni Majutsu wo Kiwamemasu 2nd Season",Остальные,Light novel,Продолжение
59113,5,0.5253,Farmagia,Остальные,Game,Дебют
59131,5,0.8663,"Tensei Kizoku, Kantei Skill de Nariagaru 2nd Season",Надёжный просмотр,Light novel,Продолжение
59135,5,0.8168,Class no Daikirai na Joshi to Kekkon suru Koto ni Natta.,Надёжный просмотр,Light novel,Дебют
59136,5,0.7155,Tasokare Hotel,Остальные,Game,Дебют
59142,5,0.7928,Unnamed Memory Act.2,Остальные,Light novel,Продолжение
59144,5,0.8198,"Fuguushoku ""Kanteishi"" ga Jitsu wa Saikyou Datta",Надёжный просмотр,Light novel,Дебют
59145,5,0.8511,Ranma ½ (2024),Флагманы,Manga,Дебют
59160,5,0.8429,Wind Breaker Season 2,Надёжный просмотр,Web manga,Продолжение
59161,5,0.6508,Bad Girl,Остальные,4-koma manga,Дебют
59169,5,0.6907,Aru Majo ga Shinu Made,Остальные,Light novel,Дебют
59189,5,0.8354,Sentai Daishikkaku 2nd Season,Остальные,Manga,Продолжение
59205,5,0.8311,Clevatess: Majuu no Ou to Akago to Shikabane no Yuusha,Остальные,Web manga,Дебют
59207,5,0.8283,"Mikadono Sanshimai wa Angai, Choroi.",Остальные,Manga,Дебют
59226,5,0.8889,Ao no Exorcist: Yosuga-hen,Остальные,Manga,Продолжение
59265,5,0.8249,Magic Maker: Isekai Mahou no Tsukurikata,Надёжный просмотр,Light novel,Дебют
59277,5,0.7361,"Kanojo, Okarishimasu 4th Season",Остальные,Manga,Продолжение
59322,5,0.8135,Shirobuta Kizoku desu ga Zense no Kioku ga Haeta node Hiyoko na Otouto Sodatemasu,Надёжный просмотр,Light novel,Дебют
59349,5,0.7723,Salaryman ga Isekai ni Ittara Shitennou ni Natta Hanashi,Надёжный просмотр,Web manga,Дебют
59361,5,0.724,Kono Kaisha ni Suki na Hito ga Imasu,Остальные,Manga,Дебют
59402,5,0.7435,Kakkou no Iinazuke Season 2,Остальные,Manga,Продолжение
59421,5,0.799,Zutaboro Reijou wa Ane no Moto Konyakusha ni Dekiai sareru,Остальные,Light novel,Дебют
59424,5,0.8071,"Yuusha Party wo Tsuihou sareta Shiromadoushi, S-Rank Boukensha ni Hirowareru: Kono Shiromadoushi ga Kikakugai Sugiru",Остальные,Manga,Дебют
59425,5,0.7514,NegaPosi Angler,Остальные,Original,Дебют
59452,5,0.8318,"Katainaka no Ossan, Kensei ni Naru",Надёжный просмотр,Light novel,Дебют
59457,5,0.6251,"Haite Kudasai, Takamine-san",Нишевые любимчики,Manga,Дебют
59466,5,0.803,Aharen-san wa Hakarenai Season 2,Остальные,Manga,Продолжение
59514,5,0.711,Sentai Red Isekai de Boukensha ni Naru,Остальные,Manga,Дебют
59619,5,0.644,Ame to Kimi to,Остальные,Manga,Дебют
59632,5,0.6596,Mattaku Saikin no Tantei to Kitara,Остальные,Manga,Дебют
59675,5,0.7564,Apocalypse Hotel,Нишевые любимчики,Original,Дебют
59689,5,0.6572,Game Center Shoujo to Ibunka Kouryuu,Остальные,Web manga,Дебют
59744,5,0.6218,Maebashi Witches,Остальные,Original,Дебют
59745,5,0.6691,Chotto dake Ai ga Omoi Dark Elf ga Isekai kara Oikaketekita,Остальные,Web manga,Дебют
59828,5,0.8623,Shoushimin Series 2nd Season,Нишевые любимчики,Novel,Продолжение
59935,5,0.8011,Gorilla no Kami kara Kago sareta Reijou wa Ouritsu Kishidan de Kawaigarareru,Надёжный просмотр,Web manga,Дебют
59961,5,0.6059,Kizu darake Seijo yori Houfuku wo Komete,Остальные,Web manga,Дебют
59986,5,0.7822,Grand Blue Season 2,Нишевые любимчики,Manga,Продолжение
60009,5,0.6503,Chuuzenji-sensei Mononoke Kougiroku: Sensei ga Nazo wo Hodoite Shimau kara.,Остальные,Manga,Дебют
60140,5,0.8588,"Kanchigai no Atelier Meister: Eiyuu Party no Moto Zatsuyougakari ga, Jitsu wa Sentou Igai ga SSS Rank Datta to Iu Yoku Aru Hanashi",Надёжный просмотр,Light novel,Дебют
60146,5,0.7414,"Saikyou no Ousama, Nidome no Jinsei wa Nani wo Suru?",Флагманы,Other,Дебют
60154,5,0.8138,Ore wa Seikan Kokka no Akutoku Ryoushu!,Надёжный просмотр,Light novel,Дебют
60157,5,0.8716,Kanpekisugite Kawaige ga Nai to Konyaku Haki sareta Seijo wa Ringoku ni Urareru,Надёжный просмотр,Light novel,Дебют
60293,5,0.7478,Ballpark de Tsukamaete!,Остальные,Manga,Дебют
60315,5,0.5619,Dekin no Mogura,Остальные,Manga,Дебют
60316,5,0.7571,Busamen Gachi Fighter,Остальные,Manga,Дебют
60326,5,0.7213,"Watashi ga Koibito ni Nareru Wake Nai jan, Muri Muri! (※Muri ja Nakatta!?)",Нишевые любимчики,Light novel,Дебют
60377,5,0.6407,Nazotoki wa Dinner no Ato de,Остальные,Novel,Дебют
60425,5,0.7774,0-saiji Start Dash Monogatari Season 2,Остальные,Manga,Продолжение
60449,5,0.7542,Kidou Senshi Gundam: GQuuuuuuX,Остальные,Original,Дебют
60505,5,0.541,Necronomico no Cosmic Horror Show,Остальные,Original,Дебют
60523,5,0.8073,Tsuihousha Shokudou e Youkoso!,Остальные,Light novel,Дебют
60543,5,0.8403,Dandadan 2nd Season,Нишевые любимчики,Manga,Продолжение
60603,5,0.7765,Puniru wa Kawaii Slime 2nd Season,Остальные,Manga,Продолжение
60658,5,0.7796,Hibi wa Sugiredo Meshi Umashi,Нишевые любимчики,Original,Дебют
60697,5,0.6846,Fermat no Ryouri,Остальные,Manga,Дебют
60732,5,0.8412,Mizu Zokusei no Mahoutsukai,Остальные,Light novel,Дебют
60951,5,0.6768,Kizetsu Yuusha to Ansatsu Hime,Остальные,Manga,Дебют
61150,5,0.6419,Onmyou Kaiten Re:Birth,Остальные,Original,Дебют
61239,5,0.4149,Binan Koukou Chikyuu Bouei-bu Haikara!,Остальные,Original,Дебют
61274,5,0.7693,Ginga Tokkyuu Milky☆Subway,Остальные,Original,Дебют
61322,5,0.8785,Dr. Stone: Science Future Part 2,Остальные,Manga,Продолжение
61339,5,0.7849,Jibaku Shounen Hanako-kun 2 Part 2,Остальные,Manga,Продолжение
61410,5,0.6843,Chotto dake Ai ga Omoi Dark Elf ga Isekai kara Oikaketekita Mini Anime Gekijou,Остальные,Web manga,Дебют
32455,6,0.6538,Gekidol: Actidol Project,Остальные,Original,Дебют
35252,6,0.637,Hatena☆Illusion,Остальные,Light novel,Дебют
35335,6,0.7046,Musashino!,Остальные,Original,Дебют
36458,6,0.6027,Soukou Musume Senki,Остальные,Game,Дебют
37587,6,0.7191,Lapis Re:LiGHTs,Остальные,Mixed media,Дебют
37599,6,0.7024,Magatsu Wahrheit: Zuerst,Остальные,Game,Дебют
37890,6,0.8197,Oshi ga Budoukan Ittekuretara Shinu,Нишевые любимчики,Manga,Дебют
38005,6,0.8326,Strike Witches: Road to Berlin,Остальные,Original,Продолжение
38006,6,0.664,Renmei Kuugun Koukuu Mahou Ongakutai Luminous Witches,Остальные,Original,Дебют
38192,6,0.6844,Sakugan,Остальные,Novel,Дебют
38302,6,0.697,Boku no Tonari ni Ankoku Hakaishin ga Imasu.,Остальные,Manga,Дебют
38337,6,0.866,Gochuumon wa Usagi desu ka? Bloom,Нишевые любимчики,4-koma manga,Продолжение
38440,6,0.5678,Shikizakura,Остальные,Original,Дебют
38476,6,0.9126,Heya Camp△,Надёжный просмотр,Manga,Дебют
38555,6,0.9041,Otome Game no Hametsu Flag shika Nai Akuyaku Reijou ni Tensei shiteshimatta...,Флагманы,Light novel,Дебют
38668,6,0.8737,Dorohedoro,Флагманы,Manga,Дебют
38790,6,0.8858,Itai no wa Iya nanode Bougyoryoku ni Kyokufuri Shitai to Omoimasu.,Флагманы,Light novel,Дебют
38830,6,0.8931,"Hachi-nan tte, Sore wa Nai deshou!",Надёжный просмотр,Light novel,Дебют
38835,6,0.8845,Umayon,Надёжный просмотр,4-koma manga,Дебют
38843,6,0.806,Shironeko Project: Zero Chronicle,Надёжный просмотр,Game,Дебют
38853,6,0.4052,Ex-Arm,Остальные,Manga,Дебют
38924,6,0.7477,Nekopara,Остальные,Visual novel,Дебют
38992,6,0.7957,Rikei ga Koi ni Ochita no de Shoumei shitemita.,Остальные,Web manga,Дебют
39017,6,0.8382,Kyokou Suiri,Надёжный просмотр,Manga,Дебют
39184,6,0.7347,A3! Season Spring & Summer,Нишевые любимчики,Game,Дебют
39247,6,0.9148,Kobayashi-san Chi no Maid Dragon S,Флагманы,Manga,Продолжение
39388,6,0.7251,Koisuru Asteroid,Остальные,4-koma manga,Дебют
39469,6,0.8485,Tsugu Tsugumomo,Остальные,Manga,Дебют
39531,6,0.7558,Kuutei Dragons,Остальные,Manga,Дебют
39534,6,0.8259,Jibaku Shounen Hanako-kun,Флагманы,Manga,Дебют
39547,6,0.9161,Yahari Ore no Seishun Love Comedy wa Machigatteiru. Kan,Флагманы,Light novel,Продолжение
39551,6,0.9533,Tensei shitara Slime Datta Ken 2nd Season,Флагманы,Manga,Продолжение
39575,6,0.7771,Somali to Mori no Kamisama,Остальные,Web manga,Дебют
39582,6,0.6474,Kitsutsuki Tanteidokoro,Остальные,Novel,Дебют
39583,6,0.7379,number24,Остальные,Original,Дебют
39609,6,0.7504,Ochikobore Fruit Tart,Остальные,4-koma manga,Дебют
39710,6,0.8368,Yesterday wo Utatte,Остальные,Manga,Дебют
39725,6,0.6587,I★Chu: Halfway Through the Idol,Нишевые любимчики,Game,Дебют
39730,6,0.7986,Houkago Teibou Nisshi,Остальные,Manga,Дебют
39783,6,0.9449,5-toubun no Hanayome ∬,Флагманы,Manga,Продолжение
39790,6,0.7997,Adachi to Shimamura,Нишевые любимчики,Light novel,Дебют
39792,6,0.7653,Eizouken ni wa Te wo Dasu na!,Нишевые любимчики,Manga,Дебют
39808,6,0.8918,Non Non Biyori Nonstop,Нишевые любимчики,Manga,Продолжение
39893,6,0.5922,Muteking the Dancing Hero,Остальные,Original,Дебют
39917,6,0.4467,Sabiiro no Armor: Reimei,Остальные,Mixed media,Дебют
39948,6,0.8155,Muhyo to Rouji no Mahouritsu Soudan Jimusho 2nd Season,Остальные,Manga,Продолжение
39960,6,0.9003,Yatogame-chan Kansatsu Nikki Nisatsume,Надёжный просмотр,4-koma manga,Продолжение
39966,6,0.623,Tamayomi,Остальные,Manga,Дебют
39988,6,0.9376,Isekai Quartet 2,Надёжный просмотр,Original,Продолжение
40010,6,0.8222,Ishuzoku Reviewers,Флагманы,Web manga,Дебют
40056,6,0.8043,Deca-Dence,Надёжный просмотр,Original,Дебют
40059,6,0.9327,Golden Kamuy 3rd Season,Флагманы,Manga,Продолжение
40060,6,0.8848,BNA,Флагманы,Original,Дебют
40074,6,0.5131,Gibiate,Остальные,Original,Дебют
40075,6,0.6957,Koi to Producer: EVOLxLOVE,Остальные,Game,Дебют
40085,6,0.5915,Maesetsu!,Остальные,Original,Дебют
40128,6,0.8061,Arte,Остальные,Manga,Дебют
40136,6,0.6524,Oda Cinnamon Nobunaga,Остальные,Manga,Дебют
40148,6,0.7477,22/7,Остальные,Other,Дебют
40165,6,0.5439,Listeners,Остальные,Original,Дебют
40174,6,0.8586,Zombieland Saga Revenge,Нишевые любимчики,Original,Продолжение
40230,6,0.7566,Housekishou Richard-shi no Nazo Kantei,Остальные,Novel,Дебют
40272,6,0.8658,A3! Season Autumn & Winter,Нишевые любимчики,Game,Дебют
40357,6,0.8868,Tate no Yuusha no Nariagari Season 3,Нишевые любимчики,Light novel,Продолжение
40358,6,0.5649,Gal to Kyouryuu,Остальные,Manga,Дебют
40359,6,0.7019,Ikebukuro West Gate Park,Остальные,Novel,Дебют
40392,6,0.8383,Runway de Waratte,Остальные,Manga,Дебют
40397,6,0.8318,Maoujou de Oyasumi,Флагманы,Manga,Дебют
40403,6,0.5849,Shin Sakura Taisen the Animation,Остальные,Game,Дебют
40436,6,0.7688,Peter Grill to Kenja no Jikan,Надёжный просмотр,Manga,Дебют
40454,6,0.9144,Dungeon ni Deai wo Motomeru no wa Machigatteiru Darou ka III,Надёжный просмотр,Light novel,Продолжение
40483,6,0.8622,Murenase! Seton Gakuen,Надёжный просмотр,Web manga,Дебют
40488,6,0.6008,Futsal Boys!!!!!,Нишевые любимчики,Mixed media,Дебют
40507,6,0.8835,Arifureta Shokugyou de Sekai Saikyou 2nd Season,Флагманы,Light novel,Продолжение
40513,6,0.7703,Nami yo Kiitekure,Остальные,Manga,Дебют
40526,6,0.6409,"Dragon, Ie wo Kau.",Остальные,Manga,Дебют
40529,6,0.8632,No Guns Life 2nd Season,Остальные,Manga,Продолжение
40530,6,0.8679,Jaku-Chara Tomozaki-kun,Надёжный просмотр,Light novel,Дебют
40550,6,0.7098,Assault Lily: Bouquet,Остальные,Mixed media,Дебют
40571,6,0.845,Majo no Tabitabi,Флагманы,Light novel,Дебют
40586,6,0.8116,"Slime Taoshite 300-nen, Shiranai Uchi ni Level Max ni Nattemashita",Надёжный просмотр,Light novel,Дебют
40591,6,0.9554,Kaguya-sama wa Kokurasetai? Tensai-tachi no Renai Zunousen,Флагманы,Manga,Продолжение
40594,6,0.8489,Tatoeba Last Dungeon Mae no Mura no Shounen ga Joban no Machi de Kurasu Youna Monogatari,Надёжный просмотр,Light novel,Дебют
40595,6,0.8173,"Kimi to Boku no Saigo no Senjou, Aruiwa Sekai ga Hajimaru Seisen",Надёжный просмотр,Light novel,Дебют
40608,6,0.6745,Muv-Luv Alternative,Остальные,Visual novel,Дебют
40623,6,0.7102,Dokyuu Hentai HxEros,Остальные,Manga,Дебют
40679,6,0.718,2.43: Seiin Koukou Danshi Volley-bu,Остальные,Novel,Дебют
40685,6,0.7888,Super Cub,Нишевые любимчики,Light novel,Дебют
40708,6,0.8022,Monster Musume no Oishasan,Надёжный просмотр,Light novel,Дебют
40716,6,0.8345,Kakushigoto,Нишевые любимчики,Manga,Дебют
40738,6,0.7577,Natsunagu!,Остальные,Original,Дебют
40750,6,0.8396,Kaifuku Jutsushi no Yarinaoshi,Флагманы,Light novel,Дебют
40752,6,0.6871,Bishounen Tanteidan,Остальные,Novel,Дебют
40763,6,0.7817,Show By Rock!! Mashumairesh!!,Остальные,Game,Продолжение
40776,6,0.9594,Haikyuu!! To the Top Part 2,Флагманы,Manga,Продолжение
40783,6,0.6866,"Shachou, Battle no Jikan desu!",Остальные,Game,Дебют
40786,6,0.7078,Skate-Leading☆Stars,Остальные,Original,Дебют
40815,6,0.9473,Honzuki no Gekokujou: Shisho ni Naru Tame ni wa Shudan wo Erandeiraremasen 2nd Season,Надёжный просмотр,Light novel,Продолжение
40839,6,0.9044,"Kanojo, Okarishimasu",Флагманы,Manga,Дебют
40842,6,0.7561,Idoly Pride,Нишевые любимчики,Mixed media,Дебют
40870,6,0.7905,SSSS.Dynazenon,Нишевые любимчики,Original,Дебют
40904,6,0.8485,Bokutachi no Remake,Флагманы,Light novel,Дебют
40907,6,0.911,World Trigger 2nd Season,Остальные,Manga,Продолжение
40908,6,0.8499,Kemono Jihen,Надёжный просмотр,Manga,Дебют
40930,6,0.8605,Azur Lane: Bisoku Zenshin!,Остальные,4-koma manga,Продолжение
40935,6,0.9161,Beastars 2nd Season,Надёжный просмотр,Manga,Продолжение
40957,6,0.8158,Shin Chuuka Ichiban! 2nd Season,Остальные,Manga,Продолжение
40958,6,0.7031,Rail Romanesque,Остальные,Visual novel,Дебют
40960,6,0.7298,Cheat Kusushi no Slow Life: Isekai ni Tsukurou Drugstore,Остальные,Light novel,Дебют
40961,6,0.6488,Hortensia Saga,Остальные,Game,Дебют
40974,6,0.8594,Kuma Kuma Kuma Bear,Надёжный просмотр,Light novel,Дебют
40995,6,0.7217,Hentatsu (TV),Остальные,Original,Дебют
41084,6,0.9124,Made in Abyss: Retsujitsu no Ougonkyou,Флагманы,Web manga,Продолжение
41103,6,0.8288,Koi to Yobu ni wa Kimochi Warui,Флагманы,Web manga,Дебют
41109,6,0.8198,Log Horizon: Entaku Houkai,Остальные,Light novel,Продолжение
41169,6,0.856,Love Live! Superstar!!,Нишевые любимчики,Other,Дебют
41226,6,0.8652,Uzaki-chan wa Asobitai!,Надёжный просмотр,Web manga,Дебют
41312,6,0.8842,Kami-tachi ni Hirowareta Otoko,Надёжный просмотр,Light novel,Дебют
41364,6,0.9014,One Room: Third Season,Остальные,Original,Продолжение
41372,6,0.6474,Senyoku no Sigrdrifa,Остальные,Original,Дебют
41380,6,0.8438,100-man no Inochi no Ue ni Ore wa Tatteiru,Надёжный просмотр,Manga,Дебют
41389,6,0.891,Tonikaku Kawaii,Флагманы,Manga,Дебют
41392,6,0.6918,Urasekai Picnic,Остальные,Novel,Дебют
41433,6,0.8753,Akudama Drive,Флагманы,Original,Дебют
41456,6,0.8387,"Sentouin, Haken shimasu!",Надёжный просмотр,Light novel,Дебют
41461,6,0.8806,Date A Live IV,Нишевые любимчики,Light novel,Продолжение
41487,6,0.9563,Tensei shitara Slime Datta Ken 2nd Season Part 2,Флагманы,Manga,Продолжение
41488,6,0.863,Tensura Nikki: Tensei shitara Slime Datta Ken,Флагманы,Manga,Дебют
41514,6,0.827,Itai no wa Iya nanode Bougyoryoku ni Kyokufuri Shitai to Omoimasu. 2,Остальные,Light novel,Продолжение
41520,6,0.8289,Show by Rock!! Stars!!,Остальные,Game,Продолжение
41521,6,0.6723,WIXOSS Diva(A)Live,Остальные,Card game,Дебют
41556,6,0.598,Maiko-san Chi no Makanai-san,Остальные,Manga,Дебют
41574,6,0.8054,Guraburu!,Остальные,4-koma manga,Дебют
41589,6,0.674,Tokyo Mew Mew New ♡,Нишевые любимчики,Manga,Дебют
41762,6,0.7393,Tenchi Souzou Design-bu,Остальные,Manga,Дебют
41783,6,0.7142,Iwa Kakeru! Sport Climbing Girls,Остальные,Web manga,Дебют
41833,6,0.7368,Kyuuketsuki Sugu Shinu,Нишевые любимчики,Manga,Дебют
41899,6,0.8712,Ore dake Haireru Kakushi Dungeon,Надёжный просмотр,Light novel,Дебют
41930,6,0.8326,Kamisama ni Natta Hi,Нишевые любимчики,Original,Дебют
42071,6,,Yuuki Yuuna wa Yuusha de Aru Churutto!,Остальные,Game,Продолжение
42072,6,0.7682,Kenja no Deshi wo Nanoru Kenja,Надёжный просмотр,Light novel,Дебют
42203,6,0.9368,Re:Zero kara Hajimeru Isekai Seikatsu 2nd Season Part 2,Флагманы,Light novel,Продолжение
42238,6,0.9448,Ani ni Tsukeru Kusuri wa Nai! 4,Надёжный просмотр,Web manga,Продолжение
42250,6,0.8851,Bungou Stray Dogs Wan!,Флагманы,Web manga,Продолжение
42282,6,0.8553,Otome Game no Hametsu Flag shika Nai Akuyaku Reijou ni Tensei shiteshimatta... X,Надёжный просмотр,Light novel,Продолжение
42307,6,0.6336,Subarashiki Kono Sekai The Animation,Остальные,Game,Дебют
42321,6,0.5994,Battle Athletess Daiundoukai ReSTART!,Остальные,Original,Дебют
42340,6,0.8331,Meikyuu Black Company,Надёжный просмотр,Web manga,Дебют
42351,6,0.8725,Senpai ga Uzai Kouhai no Hanashi,Надёжный просмотр,Web manga,Дебют
42361,6,0.8526,"Ijiranaide, Nagatoro-san",Флагманы,Web manga,Дебют
42385,6,0.7531,The iDOLM@STER Million Live!,Остальные,Game,Продолжение
42395,6,0.7636,Shakunetsu Kabaddi,Нишевые любимчики,Web manga,Дебют
42506,6,0.7803,World Witches Hasshin Shimasu!,Остальные,Original,Дебют
42516,6,0.6285,Cardfight!! Vanguard: overDress,Остальные,Original,Дебют
42544,6,0.7876,Kaizoku Oujo,Нишевые любимчики,Original,Дебют
42568,6,0.7186,Yaku nara Mug Cup mo,Остальные,Manga,Дебют
42571,6,0.8319,Dogeza de Tanondemita,Остальные,Web manga,Дебют
42587,6,0.8259,Yuuki Yuuna wa Yuusha de Aru: Dai Mankai no Shou,Нишевые любимчики,Original,Продолжение
42590,6,0.8222,Mashiro no Oto,Остальные,Manga,Дебют
42627,6,0.7426,Peach Boy Riverside,Остальные,Manga,Дебют
42657,6,0.6926,Himitsukessha Taka no Tsume: Golden Spell,Остальные,Original,Дебют
42670,6,0.8441,Princess Connect! Re:Dive Season 2,Нишевые любимчики,Game,Продолжение
42745,6,0.8544,Machikado Mazoku: 2-choume,Остальные,4-koma manga,Продолжение
42822,6,0.7755,Kai Byoui Ramune,Остальные,Manga,Дебют
42826,6,0.8474,Seijo no Maryoku wa Bannou desu,Надёжный просмотр,Light novel,Дебют
42883,6,0.8022,Sore dake ga Neck,Надёжный просмотр,Original,Дебют
42923,6,0.8684,SK∞,Флагманы,Original,Дебют
42959,6,0.8946,Yatogame-chan Kansatsu Nikki Sansatsume,Остальные,4-koma manga,Продолжение
42963,6,0.8264,"Kanojo, Okarishimasu 2nd Season",Нишевые любимчики,Manga,Продолжение
42994,6,0.8503,Jashin-chan Dropkick X,Остальные,Web manga,Продолжение
43007,6,0.7757,Osananajimi ga Zettai ni Makenai Love Comedy,Флагманы,Light novel,Дебют
43299,6,0.8203,Wonder Egg Priority,Нишевые любимчики,Original,Дебют
43470,6,0.8189,Rikei ga Koi ni Ochita no de Shoumei shitemita. Heart,Остальные,Web manga,Продолжение
43523,6,0.9204,Tsuki ga Michibiku Isekai Douchuu,Флагманы,Light novel,Дебют
43756,6,0.8086,Bakuten!!,Нишевые любимчики,Original,Дебют
43767,6,0.6605,Night Head 2041,Нишевые любимчики,Other,Дебют
43814,6,0.8725,Deatte 5-byou de Battle,Надёжный просмотр,Web manga,Дебют
43969,6,0.7942,Kanojo mo Kanojo,Флагманы,Manga,Дебют
44040,6,0.7865,Abciee Shuugyou Nikki,Надёжный просмотр,Other,Дебют
44055,6,0.8354,Sasaki to Miyano,Флагманы,Web manga,Дебют
44081,6,0.6654,B-Project: Netsuretsu*Love Call,Остальные,Mixed media,Дебют
44203,6,0.9066,Seirei Gensouki,Флагманы,Light novel,Дебют
44204,6,0.8279,Kyokou Suiri Season 2,Остальные,Manga,Продолжение
44235,6,0.9198,Pui Pui Molcar,Флагманы,Other,Дебют
44274,6,0.6751,Puraore! Pride of Orange,Остальные,Mixed media,Дебют
44276,6,0.8254,Kyuukyoku Shinka shita Full Dive RPG ga Genjitsu yori mo Kusoge Dattara,Надёжный просмотр,Light novel,Дебют
44387,6,0.6804,Sankaku Mado no Sotogawa wa Yoru,Нишевые любимчики,Manga,Дебют
44511,6,0.918,Chainsaw Man,Флагманы,Manga,Дебют
44516,6,0.7538,Koroshi Ai,Остальные,Manga,Дебют
44524,6,0.8321,Isekai Meikyuu de Harem wo,Флагманы,Light novel,Дебют
44881,6,0.9025,100-man no Inochi no Ue ni Ore wa Tatteiru 2nd Season,Надёжный просмотр,Manga,Продолжение
45055,6,0.8441,Taishou Otome Otogibanashi,Нишевые любимчики,Manga,Дебют
45425,6,0.7764,Slow Loop,Остальные,Manga,Дебют
45486,6,0.8677,Kuma Kuma Kuma Bear Punch!,Остальные,Light novel,Продолжение
45560,6,0.6916,Orient,Остальные,Manga,Дебют
45576,6,0.9557,Mushoku Tensei: Isekai Ittara Honki Dasu Part 2,Флагманы,Light novel,Продолжение
45587,6,0.8314,Itazuraguma no Gloomy,Надёжный просмотр,Other,Дебют
45613,6,0.7162,Kawaii dake ja Nai Shikimori-san,Флагманы,Web manga,Дебют
45653,6,0.7497,Soredemo Ayumu wa Yosetekuru,Остальные,Manga,Дебют
45665,6,0.5852,Fairy Ranmaru: Anata no Kokoro Otasuke Shimasu,Нишевые любимчики,Original,Дебют
46118,6,0.6361,Wave!! Surfing Yappe!! (TV),Остальные,Mixed media,Дебют
46352,6,0.8046,Blue Period,Флагманы,Manga,Дебют
46471,6,0.6901,"Tantei wa Mou, Shindeiru.",Нишевые любимчики,Light novel,Дебют
46604,6,0.591,Dolls' Frontline,Остальные,Game,Дебют
46985,6,0.8433,Shinka no Mi: Shiranai Uchi ni Kachigumi Jinsei,Надёжный просмотр,Light novel,Дебют
47159,6,0.8455,Tensai Ouji no Akaji Kokka Saisei Jutsu,Надёжный просмотр,Light novel,Дебют
47160,6,0.8469,Goblin Slayer II,Нишевые любимчики,Light novel,Продолжение
47161,6,0.8429,Shikkakumon no Saikyou Kenja,Надёжный просмотр,Light novel,Дебют
47162,6,0.6993,Shokei Shoujo no Virgin Road,Остальные,Light novel,Дебют
47163,6,0.7992,"Tensei Kenja no Isekai Life: Dai-2 no Shokugyou wo Ete, Sekai Saikyou ni Narimashita",Флагманы,Light novel,Дебют
47250,6,0.5971,Jouran: The Princess of Snow and Blood,Остальные,Original,Дебют
47257,6,0.7779,Shinigami Bocchan to Kuro Maid,Нишевые любимчики,Web manga,Дебют
47391,6,0.7217,Seven Knights Revolution: Eiyuu no Keishousha,Надёжный просмотр,Game,Дебют
47790,6,0.9175,"Sekai Saikou no Ansatsusha, Isekai Kizoku ni Tensei suru",Флагманы,Light novel,Дебют
47917,6,0.9086,Bocchi the Rock!,Флагманы,4-koma manga,Дебют
48239,6,0.8742,Leadale no Daichi nite,Надёжный просмотр,Light novel,Дебют
48252,6,0.7839,"Ore, Tsushima",Нишевые любимчики,Manga,Дебют
48363,6,0.6858,RPG Fudousan,Остальные,4-koma manga,Дебют
48406,6,0.7972,Re-Main,Нишевые любимчики,Original,Дебют
48413,6,0.7739,Hataraku Maou-sama!!,Нишевые любимчики,Light novel,Продолжение
48414,6,0.7927,Sabikui Bisco,Остальные,Light novel,Дебют
48415,6,0.8481,"Shijou Saikyou no Daimaou, Murabito A ni Tensei suru",Надёжный просмотр,Light novel,Дебют
48417,6,0.7423,"Maou Gakuin no Futekigousha II: Shijou Saikyou no Maou no Shiso, Tensei shite Shison-tachi no Gakkou e Kayou",Нишевые любимчики,Light novel,Дебют
48418,6,0.7919,"Maou Gakuin no Futekigousha II: Shijou Saikyou no Maou no Shiso, Tensei shite Shison-tachi no Gakkou e Kayou Part 2",Остальные,Light novel,Продолжение
48441,6,0.5576,The Legend of Heroes: Sen no Kiseki - Northern War,Остальные,Game,Дебют
48471,6,0.7696,Tsuki to Laika to Nosferatu,Остальные,Light novel,Дебют
48483,6,0.8255,Mieruko-chan,Флагманы,Web manga,Дебют
48491,6,0.8116,Yama no Susume: Next Summit,Остальные,Manga,Продолжение
48542,6,0.7931,Do It Yourself!!,Остальные,Original,Дебют
48553,6,0.77,Akebi-chan no Sailor-fuku,Нишевые любимчики,Web manga,Дебют
48556,6,0.7363,Takt Op. Destiny,Нишевые любимчики,Mixed media,Дебют
48567,6,0.6152,Visual Prison,Нишевые любимчики,Original,Дебют
48569,6,0.9259,86 Part 2,Флагманы,Light novel,Продолжение
48580,6,0.8144,Vanitas no Karte,Нишевые любимчики,Manga,Дебют
48583,6,0.9469,Shingeki no Kyojin: The Final Season Part 2,Флагманы,Manga,Продолжение
48633,6,0.7293,Liar Liar,Остальные,Light novel,Дебют
48643,6,0.8037,Koi wa Sekai Seifuku no Ato de,Надёжный просмотр,Manga,Дебют
48644,6,0.678,Gyakuten Sekai no Denchi Shoujo,Остальные,Original,Дебют
48649,6,0.7074,Fuuto Tantei,Нишевые любимчики,Manga,Дебют
48736,6,0.9193,Sono Bisque Doll wa Koi wo Suru,Флагманы,Manga,Дебют
48742,6,0.6104,"Kono Healer, Mendokusai",Остальные,Web manga,Дебют
48760,6,0.8875,"Gaikotsu Kishi-sama, Tadaima Isekai e Odekakechuu",Надёжный просмотр,Light novel,Дебют
48761,6,0.8479,Saihate no Paladin,Надёжный просмотр,Light novel,Дебют
48775,6,0.8144,Kaginado,Остальные,Original,Дебют
48776,6,0.6404,Build Divide: Code Black,Остальные,Mixed media,Дебют
48777,6,0.7974,Build Divide: Code White,Остальные,Mixed media,Дебют
48779,6,0.8284,Deaimon,Надёжный просмотр,Manga,Дебют
48804,6,0.8883,Isekai Shokudou 2,Надёжный просмотр,Light novel,Продолжение
48842,6,0.7283,Mahoutsukai Reimeiki,Остальные,Light novel,Дебют
48849,6,0.7663,Sonny Boy,Нишевые любимчики,Original,Дебют
48857,6,0.7162,Healer Girl,Остальные,Original,Дебют
48858,6,0.7482,180-byou de Kimi no Mimi wo Shiawase ni Dekiru ka?,Остальные,Original,Дебют
48926,6,0.8479,"Komi-san wa, Comyushou desu.",Флагманы,Manga,Дебют
48981,6,0.6034,Mahou Shoujo Magical Destroyers,Остальные,Original,Дебют
48997,6,0.8292,Fantasy Bishoujo Juniku Ojisan to,Надёжный просмотр,Web manga,Дебют
49109,6,0.8794,Kami-tachi ni Hirowareta Otoko 2nd Season,Надёжный просмотр,Light novel,Продолжение
49114,6,0.8965,Vanitas no Karte Part 2,Флагманы,Manga,Продолжение
49154,6,0.7689,High Card,Остальные,Mixed media,Дебют
49160,6,0.6992,Shachiku-san wa Youjo Yuurei ni Iyasaretai.,Остальные,Manga,Дебют
49263,6,0.8693,Yaku nara Mug Cup mo: Niban Gama,Остальные,Manga,Продолжение
49292,6,0.5588,Deep Insanity: The Lost Child,Остальные,Mixed media,Дебют
49304,6,0.5637,Seiken Densetsu: Legend of Mana - The Teardrop Crystal,Остальные,Game,Дебют
49385,6,0.6824,Kaijin Kaihatsu-bu no Kuroitsu-san,Остальные,Web manga,Дебют
49438,6,0.9055,Isekai Yakkyoku,Надёжный просмотр,Light novel,Дебют
49470,6,0.8234,Mamahaha no Tsurego ga Motokano datta,Надёжный просмотр,Light novel,Дебют
49505,6,0.8514,Deji Meets Girl,Остальные,Original,Дебют
49514,6,0.487,Gensou Sangokushi: Tengen Reishinki,Остальные,Game,Дебют
49520,6,0.7711,Aharen-san wa Hakarenai,Флагманы,Manga,Дебют
49551,6,0.8247,Hanabi-chan wa Okuregachi,Надёжный просмотр,Manga,Дебют
49612,6,0.7578,Ningen Fushin no Boukensha-tachi ga Sekai wo Sukuu you desu,Надёжный просмотр,Light novel,Дебют
49692,6,0.8131,Heroine Tarumono! Kiraware Heroine to Naisho no Oshigoto,Остальные,Music,Дебют
49721,6,0.8845,Karakai Jouzu no Takagi-san 3,Флагманы,Manga,Продолжение
49766,6,0.7088,Under Ninja,Остальные,Manga,Дебют
49776,6,0.8069,Kumichou Musume to Sewagakari,Надёжный просмотр,Web manga,Дебют
49782,6,0.8754,Shadows House 2nd Season,Остальные,Manga,Продолжение
49820,6,0.7997,Cardfight!! Vanguard: will+Dress Season 2,Остальные,Original,Продолжение
49828,6,0.8673,Kidou Senshi Gundam: Suisei no Majo,Флагманы,Original,Дебют
49831,6,0.643,Black★★Rock Shooter: Dawn Fall,Нишевые любимчики,Other,Дебют
49849,6,0.8036,Shinmai Renkinjutsushi no Tenpo Keiei,Надёжный просмотр,Light novel,Дебют
49858,6,0.8442,Shinigami Bocchan to Kuro Maid 2nd Season,Остальные,Web manga,Продолжение
49891,6,0.8752,Tensei shitara Ken deshita,Флагманы,Light novel,Дебют
49894,6,0.7328,Eiyuu Kyoushitsu,Надёжный просмотр,Light novel,Дебют
49969,6,0.6366,Tribe Nine,Остальные,Mixed media,Дебют
49979,6,0.8471,Akuyaku Reijou nanode Last Boss wo Kattemimashita,Надёжный просмотр,Light novel,Дебют
49980,6,0.7995,Sugar Apple Fairy Tale,Нишевые любимчики,Light novel,Дебют
49981,6,0.5584,"Kimi to Boku no Saigo no Senjou, Aruiwa Sekai ga Hajimaru Seisen Season II",Остальные,Light novel,Продолжение
50010,6,0.8492,Meitantei Conan: Hannin no Hanzawa-san,Надёжный просмотр,Manga,Дебют
50172,6,0.9082,Mob Psycho 100 III,Флагманы,Web manga,Продолжение
50175,6,0.85,"Yuusha, Yamemasu",Надёжный просмотр,Light novel,Дебют
50184,6,0.8016,Seiken Gakuin no Makentsukai,Надёжный просмотр,Light novel,Дебют
50185,6,0.7974,Ryman's Club,Нишевые любимчики,Original,Дебют
50197,6,0.8729,"Ijiranaide, Nagatoro-san 2nd Attack",Нишевые любимчики,Web manga,Продолжение
50203,6,0.8963,Love Live! Superstar!! 2nd Season,Нишевые любимчики,Other,Продолжение
50204,6,0.7068,Tokyo 24-ku,Остальные,Original,Дебют
50220,6,0.7156,Isekai Shoukan wa Nidome desu,Надёжный просмотр,Light novel,Дебют
50221,6,0.7727,Shine Post,Остальные,Mixed media,Дебют
50265,6,0.922,Spy x Family,Флагманы,Manga,Дебют
50273,6,0.8811,Tomodachi Game,Флагманы,Manga,Дебют
50284,6,0.5453,Technoroid: Overmind,Остальные,Mixed media,Дебют
50285,6,0.5775,On Air Dekinai!,Остальные,Manga,Дебют
50287,6,0.8487,Kyuuketsuki Sugu Shinu 2,Остальные,Manga,Продолжение
50306,6,0.8308,Seirei Gensouki 2,Нишевые любимчики,Light novel,Продолжение
50307,6,0.8048,Tonikaku Kawaii 2nd Season,Нишевые любимчики,Manga,Продолжение
50348,6,0.8406,Peter Grill to Kenja no Jikan: Super Extra,Остальные,Manga,Продолжение
50380,6,0.8486,Paripi Koumei,Флагманы,Web manga,Дебют
50384,6,0.7918,Mononogatari,Остальные,Manga,Дебют
50392,6,0.7694,Mato Seihei no Slave,Нишевые любимчики,Manga,Дебют
50416,6,0.8607,Skip to Loafer,Флагманы,Manga,Дебют
50425,6,0.8914,"Fuufu Ijou, Koibito Miman.",Флагманы,Manga,Дебют
50461,6,0.9088,Otome Game Sekai wa Mob ni Kibishii Sekai desu,Флагманы,Light novel,Дебют
50481,6,0.8327,"Eiyuuou, Bu wo Kiwameru Tame Tenseisu: Soshite, Sekai Saikyou no Minarai Kishi♀",Надёжный просмотр,Light novel,Дебют
50583,6,0.6864,Buta no Liver wa Kanetsu Shiro,Остальные,Light novel,Дебют
50606,6,0.6096,Ayakashi Triangle,Остальные,Manga,Дебют
50631,6,0.894,"Komi-san wa, Comyushou desu. 2nd Season",Флагманы,Manga,Продолжение
50638,6,0.8175,Muv-Luv Alternative 2nd Season,Остальные,Visual novel,Продолжение
50652,6,0.7723,Tsundere Akuyaku Reijou Liselotte to Jikkyou no Endou-kun to Kaisetsu no Kobayashi-san,Остальные,Light novel,Дебют
50664,6,0.7997,Saihate no Paladin: Tetsusabi no Yama no Ou,Остальные,Light novel,Продолжение
50678,6,0.8554,Kyoukai Senki Part 2,Остальные,Original,Продолжение
50685,6,0.8556,Kaginado Season 2,Остальные,Original,Продолжение
50695,6,0.8477,MF Ghost,Флагманы,Manga,Дебют
50738,6,0.7186,"Slime Taoshite 300-nen, Shiranai Uchi ni Level Max ni Nattemashita: Sono Ni",Остальные,Light novel,Продолжение
50739,6,0.8876,Otonari no Tenshi-sama ni Itsunomanika Dame Ningen ni Sareteita Ken,Флагманы,Light novel,Дебют
50760,6,0.6098,Teppen!!!!!!!!!!!!!!!,Остальные,Manga,Дебют
50854,6,0.823,"Benriya Saitou-san, Isekai ni Iku",Надёжный просмотр,Web manga,Дебют
50862,6,0.6532,Estab-Life: Great Escape,Остальные,Mixed media,Дебют
50871,6,0.5733,Alice Gear Aegis Expansion,Остальные,Game,Дебют
50917,6,0.68,Prima Doll,Остальные,Mixed media,Дебют
50923,6,0.7628,Mushikaburi-hime,Нишевые любимчики,Light novel,Дебют
50985,6,0.6159,Chimimo,Нишевые любимчики,Original,Дебют
50999,6,0.6825,Extreme Hearts,Остальные,Original,Дебют
51064,6,0.8983,Kuro no Shoukanshi,Надёжный просмотр,Light novel,Дебют
51092,6,0.6182,Yuurei Deco,Остальные,Original,Дебют
51098,6,0.7003,Shinobi no Ittoki,Остальные,Original,Дебют
51105,6,0.6261,NieR:Automata Ver1.1a,Нишевые любимчики,Game,Дебют
51128,6,0.7632,Noumin Kanren no Skill bakka Agetetara Nazeka Tsuyoku Natta.,Надёжный просмотр,Light novel,Дебют
51139,6,0.4862,Kizuna no Allele,Остальные,Original,Дебют
51179,6,0.9431,Mushoku Tensei II: Isekai Ittara Honki Dasu,Флагманы,Light novel,Дебют
51212,6,0.7722,Futoku no Guild,Остальные,Manga,Дебют
51213,6,0.8156,Kinsou no Vermeil: Gakeppuchi Majutsushi wa Saikyou no Yakusai to Mahou Sekai wo Tsukisusumu,Флагманы,Manga,Дебют
51215,6,0.8625,Seijo no Maryoku wa Bannou desu Season 2,Надёжный просмотр,Light novel,Продолжение
51219,6,0.7051,Isekai One Turn Kill Neesan: Ane Douhan no Isekai Seikatsu Hajimemashita,Остальные,Manga,Дебют
51252,6,0.603,Spy Kyoushitsu,Остальные,Light novel,Дебют
51265,6,0.7339,Inu ni Nattara Suki na Hito ni Hirowareta.,Остальные,Web manga,Дебют
51368,6,0.8782,Orient: Awajishima Gekitou-hen,Надёжный просмотр,Manga,Продолжение
51371,6,0.6443,Bucchigire!,Остальные,Original,Дебют
51381,6,0.6785,RWBY: Hyousetsu Teikoku,Нишевые любимчики,Other,Дебют
51403,6,0.7906,Renai Flops,Остальные,Original,Дебют
51415,6,0.5437,Opus.COLORs,Остальные,Original,Дебют
51458,6,0.791,Lv1 Maou to One Room Yuusha,Надёжный просмотр,Web manga,Дебют
51462,6,0.8972,Isekai Nonbiri Nouka,Флагманы,Light novel,Дебют
51495,6,0.8316,Shin Shinka no Mi: Shiranai Uchi ni Kachigumi Jinsei,Надёжный просмотр,Light novel,Дебют
51498,6,0.8346,Masamune-kun no Revenge R,Остальные,Manga,Продолжение
51536,6,0.8008,The iDOLM@STER Cinderella Girls: U149,Нишевые любимчики,Web manga,Дебют
51552,6,0.8924,Watashi no Shiawase na Kekkon,Флагманы,Novel,Дебют
51586,6,0.8041,D4DJ All Mix,Нишевые любимчики,Mixed media,Дебют
51632,6,0.8028,Isekai wa Smartphone to Tomo ni. 2,Флагманы,Light novel,Продолжение
51648,6,0.9059,Nozomanu Fushi no Boukensha,Надёжный просмотр,Light novel,Дебют
51678,6,0.8048,Oniichan wa Oshimai!,Флагманы,Manga,Дебют
51693,6,0.792,Kaminaki Sekai no Kamisama Katsudou,Надёжный просмотр,Manga,Дебют
51705,6,0.7549,Otonari ni Ginga,Остальные,Manga,Дебют
51706,6,0.7276,Yuusha ga Shinda!,Надёжный просмотр,Web manga,Дебют
51711,6,0.8462,Hyouken no Majutsushi ga Sekai wo Suberu,Надёжный просмотр,Light novel,Дебют
51764,6,0.8396,Level 1 dakedo Unique Skill de Saikyou desu,Надёжный просмотр,Light novel,Дебют
51815,6,0.8006,Kubo-san wa Mob wo Yurusanai,Нишевые любимчики,Manga,Дебют
51817,6,0.7186,Watashi no Yuri wa Oshigoto desu!,Остальные,Manga,Дебют
51818,6,0.8217,Enen no Shouboutai: San no Shou,Нишевые любимчики,Manga,Продолжение
51923,6,0.5762,Warau Arsnotoria Sun!,Остальные,Game,Дебют
51956,6,0.6253,Paradox Live the Animation,Нишевые любимчики,Mixed media,Дебют
51958,6,0.7891,Kono Subarashii Sekai ni Bakuen wo!,Остальные,Light novel,Дебют
51986,6,0.8767,Pui Pui Molcar: Driving School,Надёжный просмотр,Original,Продолжение
52081,6,0.7319,Edomae Elf,Остальные,Manga,Дебют
52082,6,0.7571,Shiro Seijo to Kuro Bokushi,Остальные,4-koma manga,Дебют
52092,6,0.7147,My Home Hero,Остальные,Manga,Дебют
52093,6,0.7554,Trigun Stampede,Нишевые любимчики,Manga,Дебют
52173,6,0.7574,Koori Zokusei Danshi to Cool na Douryou Joshi,Остальные,Web manga,Дебют
52193,6,0.7802,Akiba Meido Sensou,Нишевые любимчики,Original,Дебют
52196,6,0.8488,Date A Live V,Нишевые любимчики,Light novel,Продолжение
52211,6,0.8918,Mashle,Флагманы,Manga,Дебют
52229,6,0.8944,Birdie Wing: Golf Girls' Story Season 2,Остальные,Original,Продолжение
52299,6,0.931,Ore dake Level Up na Ken,Флагманы,Web manga,Дебют
52308,6,0.8628,Kanojo ga Koushaku-tei ni Itta Riyuu,Флагманы,Web manga,Дебют
52359,6,0.808,Isekai de Mofumofu Nadenade suru Tame ni Ganbattemasu.,Надёжный просмотр,Light novel,Дебют
52367,6,0.7675,Isekai Shikkaku,Надёжный просмотр,Web manga,Дебют
52381,6,0.7702,Aru Asa Dummy Head Mic ni Natteita Ore-kun no Jinsei,Остальные,Original,Дебют
52405,6,0.5504,Highspeed Etoile,Остальные,Original,Дебют
52446,6,0.8649,Kaiko sareta Ankoku Heishi (30-dai) no Slow na Second Life,Надёжный просмотр,Light novel,Дебют
52461,6,0.8358,Rougo ni Sonaete Isekai de 8-manmai no Kinka wo Tamemasu,Надёжный просмотр,Light novel,Дебют
52481,6,0.7735,Gimai Seikatsu,Нишевые любимчики,Light novel,Дебют
52482,6,0.8032,Sasaki to Pii-chan,Надёжный просмотр,Light novel,Дебют
52578,6,0.877,Boku no Kokoro no Yabai Yatsu,Флагманы,Manga,Дебют
52588,6,0.9227,Kaijuu 8-gou,Флагманы,Manga,Дебют
52608,6,0.8727,Tensei Kizoku no Isekai Boukenroku: Jichou wo Shiranai Kamigami no Shito,Надёжный просмотр,Light novel,Дебют
52611,6,0.8636,Okashi na Tensei,Надёжный просмотр,Light novel,Дебют
52619,6,0.7737,Jidou Hanbaiki ni Umarekawatta Ore wa Meikyuu wo Samayou,Надёжный просмотр,Light novel,Дебют
52709,6,0.7433,"Danjo no Yuujou wa Seiritsu suru? (Iya, Shinai!!)",Остальные,Light novel,Дебют
52736,6,0.8434,Tensei Oujo to Tensai Reijou no Mahou Kakumei,Флагманы,Light novel,Дебют
52816,6,0.7338,Majo to Yajuu,Нишевые любимчики,Manga,Дебют
52934,6,0.7616,"Konyaku Haki sareta Reijou wo Hirotta Ore ga, Ikenai Koto wo Oshiekomu",Остальные,Light novel,Дебют
52955,6,0.8477,Mahoutsukai no Yome Season 2,Остальные,Manga,Продолжение
52962,6,0.866,"Tearmoon Teikoku Monogatari: Dantoudai kara Hajimaru, Hime no Tensei Gyakuten Story",Надёжный просмотр,Light novel,Дебют
52969,6,0.8397,"Jitsu wa Ore, Saikyou deshita?",Надёжный просмотр,Light novel,Дебют
52973,6,0.8165,Megami no Café Terrace,Надёжный просмотр,Manga,Дебют
52985,6,0.6647,Dekoboko Majo no Oyako Jijou,Остальные,4-koma manga,Дебют
52990,6,0.8144,"Keikenzumi na Kimi to, Keiken Zero na Ore ga, Otsukiai suru Hanashi.",Флагманы,Light novel,Дебют
53012,6,0.6626,Human Bug Daigaku,Остальные,Web manga,Дебют
53026,6,0.6883,Synduality: Noir,Остальные,Mixed media,Дебют
53033,6,0.6844,Mecha-ude (TV),Остальные,Original,Дебют
53040,6,0.8464,Kanojo mo Kanojo Season 2,Надёжный просмотр,Manga,Продолжение
53050,6,0.8724,"Kanojo, Okarishimasu 3rd Season",Надёжный просмотр,Manga,Продолжение
53065,6,0.7889,Sono Bisque Doll wa Koi wo Suru Season 2,Нишевые любимчики,Manga,Продолжение
53077,6,0.8321,Nijiyon Animation,Остальные,4-koma manga,Дебют
53097,6,0.8219,Tokyo Mew Mew New ♡ 2nd Season,Остальные,Manga,Продолжение
53132,6,0.675,UniteUp!,Нишевые любимчики,Music,Дебют
53162,6,0.7196,Majutsushi Orphen Hagure Tabi: Urbanrama-hen,Остальные,Light novel,Продолжение
53163,6,0.6707,Kawaisugi Crisis,Остальные,Manga,Дебют
53179,6,0.6279,Ars no Kyojuu,Остальные,Original,Дебют
53199,6,0.9066,Kidou Senshi Gundam: Suisei no Majo Season 2,Флагманы,Original,Продолжение
53200,6,0.8267,Hataraku Maou-sama!! 2nd Season,Остальные,Light novel,Продолжение
53213,6,0.672,Revenger,Остальные,Original,Дебют
53237,6,0.6674,Shy,Остальные,Manga,Дебют
53262,6,0.6767,Hoshikuzu Telepath,Нишевые любимчики,4-koma manga,Дебют
53263,6,0.8733,"Seija Musou: Salaryman, Isekai de Ikinokoru Tame ni Ayumu Michi",Надёжный просмотр,Light novel,Дебют
53287,6,0.8569,Love Live! Superstar!! 3rd Season,Нишевые любимчики,Other,Продолжение
53356,6,0.771,Shuumatsu Train Doko e Iku?,Остальные,Original,Дебют
53379,6,0.7383,Uchi no Kaisha no Chiisai Senpai no Hanashi,Остальные,Web manga,Дебют
53397,6,0.7684,Tsuyokute New Saga,Остальные,Light novel,Дебют
53407,6,0.7487,Bartender: Kami no Glass,Остальные,Manga,Дебют
53410,6,0.8248,Yuru Camp△ Season 3,Нишевые любимчики,Manga,Продолжение
53411,6,0.8344,Buddy Daddies,Флагманы,Original,Дебют
53421,6,0.8181,Dosanko Gal wa Namara Menkoi,Надёжный просмотр,Manga,Дебют
53426,6,0.7898,Hyakushou Kizoku,Остальные,Manga,Дебют
53428,6,0.6098,Ayaka,Остальные,Original,Дебют
53434,6,0.8742,"Maou no Ore ga Dorei Elf wo Yome ni Shitanda ga, Dou Medereba Ii?",Надёжный просмотр,Light novel,Дебют
53438,6,0.8578,Higeki no Genkyou to Naru Saikyou Gedou Last Boss Joou wa Tami no Tame ni Tsukushimasu.,Надёжный просмотр,Light novel,Дебют
53439,6,0.8735,Boushoku no Berserk,Надёжный просмотр,Light novel,Дебют
53446,6,0.8999,Tondemo Skill de Isekai Hourou Meshi,Флагманы,Light novel,Дебют
53488,6,0.7659,"Shin no Nakama ja Nai to Yuusha no Party wo Oidasareta node, Henkyou de Slow Life suru Koto ni Shimashita 2nd",Надёжный просмотр,Light novel,Продолжение
53516,6,0.8829,"Tensei shitara Dainana Ouji Datta node, Kimama ni Majutsu wo Kiwamemasu",Надёжный просмотр,Light novel,Дебют
53587,6,0.5199,The Marginal Service,Остальные,Original,Дебют
53590,6,0.8534,Saijaku Tamer wa Gomi Hiroi no Tabi wo Hajimemashita.,Надёжный просмотр,Light novel,Дебют
53613,6,0.8183,Dead Mount Death Play,Надёжный просмотр,Manga,Дебют
53632,6,0.8192,Yumemiru Danshi wa Genjitsushugisha,Надёжный просмотр,Light novel,Дебют
53633,6,0.6315,Bullbuster,Остальные,Mixed media,Дебют
53698,6,0.719,World Dai Star,Остальные,Mixed media,Дебют
53723,6,0.7257,Acro Trip,Остальные,Manga,Дебют
53730,6,0.8257,"Sokushi Cheat ga Saikyou sugite, Isekai no Yatsura ga Marude Aite ni Naranai n desu ga.",Надёжный просмотр,Light novel,Дебют
53770,6,0.7961,Sentai Daishikkaku,Остальные,Manga,Дебют
53787,6,0.6634,AI no Idenshi,Остальные,Manga,Дебют
53833,6,0.833,Watashi no Oshi wa Akuyaku Reijou.,Флагманы,Light novel,Дебют
53835,6,0.7212,Unnamed Memory,Остальные,Light novel,Дебют
53887,6,0.8867,Spy x Family Season 2,Флагманы,Manga,Продолжение
53889,6,0.785,Ao no Exorcist: Shimane Illuminati-hen,Остальные,Manga,Продолжение
53912,6,0.7462,Seiyuu Radio no Uraomote,Остальные,Light novel,Дебют
53924,6,0.8001,Jibaku Shounen Hanako-kun 2,Нишевые любимчики,Manga,Продолжение
54028,6,0.5607,Turkey!,Остальные,Original,Дебют
54103,6,0.7821,Hikikomari Kyuuketsuki no Monmon,Нишевые любимчики,Light novel,Дебют
54112,6,0.8026,Zom 100: Zombie ni Naru made ni Shitai 100 no Koto,Флагманы,Manga,Дебют
54199,6,0.6956,Kaii to Otome to Kamikakushi,Остальные,Web manga,Дебют
54233,6,0.6517,Sasayaku You ni Koi wo Utau,Нишевые любимчики,Manga,Дебют
54259,6,0.7104,Rokudou no Onna-tachi,Остальные,Manga,Дебют
54265,6,0.7466,Kekkon Yubiwa Monogatari,Надёжный просмотр,Manga,Дебют
54275,6,0.7889,Temple,Остальные,Web manga,Дебют
54284,6,0.619,VTuber Nandaga Haishin Kiri Wasuretara Densetsu ni Natteta,Остальные,Light novel,Дебют
54301,6,0.744,Overtake!,Нишевые любимчики,Original,Дебют
54309,6,0.6556,Blue Archive the Animation,Нишевые любимчики,Game,Дебют
54362,6,0.7697,Hametsu no Oukoku,Остальные,Manga,Дебют
54431,6,0.8108,Toaru Ossan no VRMMO Katsudouki,Надёжный просмотр,Light novel,Дебют
54449,6,0.6421,Ishura,Остальные,Light novel,Дебют
54595,6,0.9216,Kage no Jitsuryokusha ni Naritakute! 2nd Season,Флагманы,Light novel,Продолжение
54616,6,0.8465,Potion-danomi de Ikinobimasu!,Надёжный просмотр,Light novel,Дебют
54617,6,0.6728,Kyuujitsu no Warumono-san,Остальные,Web manga,Дебют
54632,6,0.8724,Gekai Elise,Надёжный просмотр,Web manga,Дебют
54638,6,0.5883,Kawagoe Boys Sing,Остальные,Original,Дебют
54714,6,0.8377,Kimi no Koto ga Daidaidaidaidaisuki na 100-nin no Kanojo,Флагманы,Manga,Дебют
54716,6,0.7001,Kibou no Chikara: Otona Precure '23,Остальные,Original,Дебют
54717,6,0.7704,Mahoutsukai Precure!! Mirai Days,Остальные,Original,Продолжение
54724,6,0.764,Nige Jouzu no Wakagimi,Остальные,Manga,Дебют
54726,6,0.7342,"Tsuma, Shougakusei ni Naru.",Остальные,Manga,Дебют
54738,6,0.7621,Majutsushi Orphen Hagure Tabi: Seiiki-hen,Остальные,Light novel,Продолжение
54743,6,0.8823,Dead Mount Death Play Part 2,Надёжный просмотр,Manga,Продолжение
54744,6,0.8601,Tokidoki Bosotto Russia-go de Dereru Tonari no Alya-san,Флагманы,Light novel,Дебют
54758,6,0.7116,The iDOLM@STER Shiny Colors,Остальные,Game,Продолжение
54760,6,0.6159,Ryza no Atelier: Tokoyami no Joou to Himitsu no Kakurega,Остальные,Game,Дебют
54769,6,0.5252,Sousei no Aquarion: Myth of Emotions,Остальные,Original,Дебют
54798,6,0.5723,Kamierabi,Остальные,Original,Дебют
54837,6,0.9109,Akuyaku Reijou Level 99: Watashi wa Ura-Boss desu ga Maou dewa Arimasen,Надёжный просмотр,Light novel,Дебют
54839,6,0.7767,Yoru no Kurage wa Oyogenai,Нишевые любимчики,Original,Дебют
54842,6,0.8821,Sugar Apple Fairy Tale Part 2,Надёжный просмотр,Light novel,Продолжение
54852,6,0.8777,Kikansha no Mahou wa Tokubetsu desu,Надёжный просмотр,Web manga,Дебют
54853,6,0.8221,Maou 2099,Надёжный просмотр,Light novel,Дебют
54855,6,0.6601,Senpai wa Otokonoko,Остальные,Web manga,Дебют
54859,6,0.5758,Rinkai!,Остальные,Mixed media,Дебют
54869,6,0.8032,High Card Season 2,Остальные,Mixed media,Продолжение
54883,6,0.8851,Mononogatari 2nd Season,Надёжный просмотр,Manga,Продолжение
54913,6,0.8693,"Shinmai Ossan Boukensha, Saikyou Party ni Shinu hodo Kitaerarete Muteki ni Naru.",Надёжный просмотр,Light novel,Дебют
54914,6,0.5409,Bikkurimen,Остальные,Other,Дебют
54947,6,0.8517,Spy Kyoushitsu 2nd Season,Остальные,Light novel,Продолжение
54968,6,0.7336,Giji Harem,Нишевые любимчики,Web manga,Дебют
55129,6,0.7217,Oroka na Tenshi wa Akuma to Odoru,Остальные,Manga,Дебют
55150,6,0.8213,Yarinaoshi Reijou wa Ryuutei Heika wo Kouryakuchuu,Надёжный просмотр,Light novel,Дебют
55153,6,0.7822,Yuzuki-san Chi no Yonkyoudai.,Остальные,Manga,Дебют
55265,6,0.8796,"Tensei Kizoku, Kantei Skill de Nariagaru",Надёжный просмотр,Light novel,Дебют
55310,6,0.7848,Atarashii Joushi wa Do Tennen,Нишевые любимчики,Web manga,Дебют
55358,6,0.7539,Bucchigiri?!,Остальные,Original,Дебют
55397,6,0.6009,Pon no Michi,Остальные,Original,Дебют
55514,6,0.6477,Zatsu Tabi: That's Journey,Остальные,Manga,Дебют
55528,6,0.7321,Yuuki Bakuhatsu Bang Bravern,Нишевые любимчики,Original,Дебют
55597,6,0.6977,Hananoi-kun to Koi no Yamai,Остальные,Manga,Дебют
55710,6,0.4429,Hana-Doll*: Reinterpretation of Flowering,Остальные,Mixed media,Дебют
55717,6,0.645,Dekisokonai to Yobareta Motoeiyuu wa Jikka kara Tsuihou sareta node Sukikatte ni Ikiru Koto ni Shita,Остальные,Light novel,Дебют
55742,6,0.8949,Mahoutsukai no Yome Season 2 Part 2,Остальные,Manga,Продолжение
55749,6,0.8467,Megami no Café Terrace 2nd Season,Остальные,Manga,Продолжение
55774,6,0.6724,"Himesama ""Goumon"" no Jikan desu",Остальные,Manga,Дебют
55775,6,0.7846,Kizuna no Allele Season 2,Остальные,Original,Продолжение
55813,6,0.9089,Mashle: Shinkakusha Kouho Senbatsu Shiken-hen,Надёжный просмотр,Manga,Продолжение
55823,6,0.808,Natsume Yuujinchou Shichi,Нишевые любимчики,Manga,Продолжение
55842,6,0.6744,Okinawa de Suki ni Natta Ko ga Hougen Sugite Tsurasugiru,Остальные,Web manga,Дебют
55844,6,0.7197,Tasogare Out Focus,Нишевые любимчики,Manga,Дебют
55866,6,0.812,Yubisaki to Renren,Флагманы,Manga,Дебют
55877,6,0.7834,Henjin no Salad Bowl,Остальные,Light novel,Дебют
55887,6,0.7825,"Kekkon suru tte, Hontou desu ka",Остальные,Manga,Дебют
55888,6,0.931,Mushoku Tensei II: Isekai Ittara Honki Dasu Part 2,Флагманы,Light novel,Продолжение
55894,6,0.6731,Bokura no Ame-iro Protocol,Остальные,Original,Дебют
55973,6,0.8289,30-sai made Doutei dato Mahoutsukai ni Nareru Rashii,Флагманы,Manga,Дебют
55994,6,0.7748,Sword Art Online Alternative: Gun Gale Online II,Остальные,Light novel,Продолжение
55996,6,0.6898,Koi wa Futago de Warikirenai,Остальные,Light novel,Дебют
55997,6,0.7725,"Guild no Uketsukejou desu ga, Zangyou wa Iya nanode Boss wo Solo Toubatsu Shiyou to Omoimasu",Надёжный просмотр,Light novel,Дебют
55998,6,0.6268,Momochi-san Chi no Ayakashi Ouji,Остальные,Manga,Дебют
56062,6,0.7188,Naze Boku no Sekai wo Daremo Oboeteinai no ka?,Остальные,Light novel,Дебют
56063,6,0.8421,NieR:Automata Ver1.1a Part 2,Остальные,Game,Продолжение
56135,6,0.6923,UniteUp! Uni:Birth,Нишевые любимчики,Music,Продолжение
56165,6,0.7745,Boukyaku Battery (TV),Нишевые любимчики,Manga,Дебют
56348,6,0.7541,Dungeon no Naka no Hito,Остальные,Web manga,Дебют
56352,6,0.888,"Loop 7-kaime no Akuyaku Reijou wa, Moto Tekikoku de Jiyuu Kimama na Hanayome Seikatsu wo Mankitsu suru",Флагманы,Light novel,Дебют
56400,6,0.7454,"Maou-sama, Retry! R",Остальные,Web manga,Продолжение
56449,6,0.772,Madougushi Dahliya wa Utsumukanai,Остальные,Light novel,Дебют
56461,6,0.581,Hamidashi Creative,Остальные,Visual novel,Дебют
56690,6,0.8455,Re:Monster,Надёжный просмотр,Light novel,Дебют
56691,6,0.4803,Gekkan Mousou Kagaku,Остальные,Original,Дебют
56700,6,0.7302,Jidou Hanbaiki ni Umarekawatta Ore wa Meikyuu wo Samayou 2nd Season,Остальные,Light novel,Продолжение
56731,6,0.831,Synduality: Noir Part 2,Остальные,Mixed media,Продолжение
56738,6,0.8834,Shinigami Bocchan to Kuro Maid 3rd Season,Остальные,Web manga,Продолжение
56768,6,0.7238,"Tadaima, Okaeri",Нишевые любимчики,Manga,Дебют
56838,6,0.7754,"One Room, Hiatari Futsuu, Tenshi-tsuki.",Остальные,Manga,Дебют
56843,6,0.779,Goukon ni Ittara Onna ga Inakatta Hanashi,Нишевые любимчики,Web manga,Дебют
56845,6,0.752,"Saikyou Tank no Meikyuu Kouryaku: Tairyoku 9999 no Rare Skill-mochi Tank, Yuusha Party wo Tsuihou sareru",Надёжный просмотр,Manga,Дебют
56907,6,0.7243,Koujo Denka no Kateikyoushi,Остальные,Light novel,Дебют
56923,6,0.8801,Lv2 kara Cheat datta Motoyuusha Kouho no Mattari Isekai Life,Надёжный просмотр,Light novel,Дебют
56964,6,0.7507,Raise wa Tanin ga Ii,Остальные,Manga,Дебют
56967,6,0.7631,Kamierabi 2nd Season,Остальные,Original,Продолжение
57031,6,0.6941,Vampire Dormitory,Остальные,Manga,Дебют
57050,6,0.6011,Kisaki Kyouiku kara Nigetai Watashi,Остальные,Manga,Дебют
57058,6,0.8544,"Ore wa Subete wo ""Parry"" suru: Gyaku Kanchigai no Sekai Saikyou wa Boukensha ni Naritai",Надёжный просмотр,Light novel,Дебют
57099,6,0.6047,Na Nare Hana Nare,Остальные,Original,Дебют
57100,6,0.8649,The New Gate,Надёжный просмотр,Light novel,Дебют
57152,6,0.4268,Mahoutsukai no Yakusoku,Остальные,Game,Дебют
57217,6,0.7724,Katsute Mahou Shoujo to Aku wa Tekitai shiteita.,Остальные,Manga,Дебют
57315,6,0.709,"Meitou ""Isekai no Yu"" Kaitakuki: Around 40 Onsen Mania no Tensei Saki wa, Nonbiri Onsen Tengoku deshita",Остальные,Light novel,Дебют
57325,6,0.695,Ramen Akaneko,Остальные,Manga,Дебют
57334,6,0.8878,Dandadan,Флагманы,Manga,Дебют
57360,6,0.712,Kabushikigaisha Magi-Lumière,Остальные,Manga,Дебют
57362,6,0.7566,Hoshifuru Oukoku no Nina,Нишевые любимчики,Manga,Дебют
57380,6,0.7993,Isekai Yururi Kikou: Kosodateshinagara Boukensha Shimasu,Надёжный просмотр,Light novel,Дебют
57391,6,0.6814,Astro Note,Остальные,Original,Дебют
57517,6,0.6438,Puniru wa Kawaii Slime,Остальные,Manga,Дебют
57524,6,0.8712,Make Heroine ga Oosugiru!,Флагманы,Light novel,Дебют
57559,6,0.9017,MF Ghost 2nd Season,Надёжный просмотр,Manga,Продолжение
57562,6,0.8164,Hyakushou Kizoku 2nd Season,Остальные,Manga,Продолжение
57567,6,0.8084,Shy 2nd Season,Остальные,Manga,Продолжение
57592,6,0.9007,Dr. Stone: Science Future,Надёжный просмотр,Manga,Продолжение
57611,6,0.7181,Kimi wa Meido-sama.,Остальные,Web manga,Дебют
57616,6,0.8581,Kimi no Koto ga Daidaidaidaidaisuki na 100-nin no Kanojo 2nd Season,Нишевые любимчики,Manga,Продолжение
57623,6,0.8858,Nijiyon Animation 2,Остальные,4-koma manga,Продолжение
57646,6,0.7617,Mob kara Hajimaru Tansaku Eiyuutan,Надёжный просмотр,Light novel,Дебют
57648,6,0.7753,Nihon e Youkoso Elf-san.,Остальные,Light novel,Дебют
57719,6,0.8151,Akuyaku Reijou Tensei Ojisan,Надёжный просмотр,Manga,Дебют
57820,6,0.4714,Kamitsubaki-shi Kensetsuchuu.,Остальные,Other,Дебют
57845,6,0.6606,Elf-san wa Yaserarenai.,Остальные,Web manga,Дебют
57876,6,0.7531,Maougun Saikyou no Majutsushi wa Ningen datta,Надёжный просмотр,Manga,Дебют
57891,6,0.8285,Hitoribocchi no Isekai Kouryaku,Надёжный просмотр,Light novel,Дебют
57892,6,0.8629,"Hazurewaku no ""Joutai Ijou Skill"" de Saikyou ni Natta Ore ga Subete wo Juurin suru made",Надёжный просмотр,Light novel,Дебют
57907,6,0.8009,Tate no Yuusha no Nariagari Season 4,Остальные,Light novel,Продолжение
57944,6,0.769,"Party kara Tsuihou sareta Sono Chiyushi, Jitsu wa Saikyou ni Tsuki",Надёжный просмотр,Light novel,Дебют
57947,6,0.7164,Mayonaka Punch,Остальные,Original,Дебют
58059,6,0.8655,Tsue to Tsurugi no Wistoria,Надёжный просмотр,Manga,Дебют
58066,6,0.6996,Sorairo Utility (TV),Остальные,Original,Дебют
58080,6,0.7905,Kenka Dokugaku,Надёжный просмотр,Web manga,Дебют
58131,6,0.8,Shiunji-ke no Kodomotachi,Остальные,Manga,Дебют
58173,6,0.6396,Mahoutsukai ni Narenakatta Onnanoko no Hanashi,Остальные,Novel,Дебют
58197,6,0.4843,Nyaight of the Living Cat,Остальные,Manga,Дебют
58216,6,0.6174,Übel Blatt,Остальные,Manga,Дебют
58259,6,0.5685,"Douse, Koishite Shimaunda.",Остальные,Manga,Дебют
58265,6,0.6479,Babanbabanban Vampire,Остальные,Manga,Дебют
58271,6,0.7257,Honey Lemon Soda,Остальные,Manga,Дебют
58272,6,0.6934,Boku no Tsuma wa Kanjou ga Nai,Остальные,Manga,Дебют
58302,6,0.7943,The iDOLM@STER Shiny Colors 2nd Season,Остальные,Game,Продолжение
58359,6,0.824,"Isshun de Chiryou shiteita noni Yakutatazu to Tsuihou sareta Tensai Chiyushi, Yami Healer toshite Tanoshiku Ikiru",Надёжный просмотр,Light novel,Дебют
58390,6,0.7265,Yofukashi no Uta Season 2,Нишевые любимчики,Manga,Продолжение
58426,6,0.6162,Shikanoko Nokonoko Koshitantan,Нишевые любимчики,Manga,Дебют
58437,6,0.8155,"Botsuraku Yotei no Kizoku dakedo, Hima Datta kara Mahou wo Kiwametemita",Надёжный просмотр,Light novel,Дебют
58445,6,0.7751,"Sayounara Ryuusei, Konnichiwa Jinsei",Надёжный просмотр,Light novel,Дебют
58473,6,0.7096,"S-Rank Monster no ""Behemoth"" dakedo, Neko to Machigawarete Elf Musume no Pet toshite Kurashitemasu",Остальные,Manga,Дебют
58484,6,0.823,Ishura 2nd Season,Остальные,Light novel,Продолжение
58492,6,0.7429,Mono,Остальные,4-koma manga,Дебют
58502,6,0.745,Zenshuu.,Нишевые любимчики,Original,Дебют
58511,6,0.8321,Nanatsu no Taizai: Mokushiroku no Yonkishi 2nd Season,Остальные,Manga,Продолжение
58516,6,0.8582,Ao no Exorcist: Yuki no Hate-hen,Остальные,Manga,Продолжение
58600,6,0.7074,Ameku Takao no Suiri Karte,Остальные,Novel,Дебют
58614,6,0.8004,Teogonia,Остальные,Light novel,Дебют
58714,6,0.8602,"Saikyou no Shienshoku ""Wajutsushi"" de Aru Ore wa Sekai Saikyou Clan wo Shitagaeru",Надёжный просмотр,Light novel,Дебют
58725,6,0.7507,Ninja to Koroshiya no Futarigurashi,Остальные,Manga,Дебют
58822,6,0.8703,Izure Saikyou no Renkinjutsushi?,Надёжный просмотр,Light novel,Дебют
58833,6,0.6253,Kakushite! Makina-san!!,Остальные,Manga,Дебют
58853,6,0.7249,Kuroiwa Medaka ni Watashi no Kawaii ga Tsuujinai,Остальные,Manga,Дебют
58854,6,0.6313,Kinoko Inu,Остальные,Manga,Дебют
58913,6,0.6074,Hikaru ga Shinda Natsu,Нишевые любимчики,Web manga,Дебют
58926,6,0.6389,Egumi Legacy,Остальные,Card game,Дебют
58985,6,0.5458,0-saiji Start Dash Monogatari,Остальные,Manga,Дебют
59002,6,0.7325,"Hazure Skill ""Kinomi Master"": Skill no Mi (Tabetara Shinu) wo Mugen ni Taberareru You ni Natta Ken ni Tsuite",Надёжный просмотр,Manga,Дебют
59055,6,0.6753,"Hana wa Saku, Shura no Gotoku",Остальные,Manga,Дебют
59095,6,0.8549,"Tensei shitara Dainana Ouji Datta node, Kimama ni Majutsu wo Kiwamemasu 2nd Season",Остальные,Light novel,Продолжение
59113,6,0.5128,Farmagia,Остальные,Game,Дебют
59131,6,0.8579,"Tensei Kizoku, Kantei Skill de Nariagaru 2nd Season",Надёжный просмотр,Light novel,Продолжение
59135,6,0.7972,Class no Daikirai na Joshi to Kekkon suru Koto ni Natta.,Надёжный просмотр,Light novel,Дебют
59136,6,0.6996,Tasokare Hotel,Остальные,Game,Дебют
59142,6,0.7788,Unnamed Memory Act.2,Остальные,Light novel,Продолжение
59144,6,0.7942,"Fuguushoku ""Kanteishi"" ga Jitsu wa Saikyou Datta",Надёжный просмотр,Light novel,Дебют
59145,6,0.8368,Ranma ½ (2024),Флагманы,Manga,Дебют
59160,6,0.8251,Wind Breaker Season 2,Надёжный просмотр,Web manga,Продолжение
59161,6,0.6314,Bad Girl,Остальные,4-koma manga,Дебют
59169,6,0.6772,Aru Majo ga Shinu Made,Остальные,Light novel,Дебют
59189,6,0.8253,Sentai Daishikkaku 2nd Season,Остальные,Manga,Продолжение
59205,6,0.814,Clevatess: Majuu no Ou to Akago to Shikabane no Yuusha,Остальные,Web manga,Дебют
59207,6,0.8115,"Mikadono Sanshimai wa Angai, Choroi.",Остальные,Manga,Дебют
59226,6,0.8844,Ao no Exorcist: Yosuga-hen,Остальные,Manga,Продолжение
59265,6,0.8112,Magic Maker: Isekai Mahou no Tsukurikata,Надёжный просмотр,Light novel,Дебют
59277,6,0.7211,"Kanojo, Okarishimasu 4th Season",Остальные,Manga,Продолжение
59322,6,0.796,Shirobuta Kizoku desu ga Zense no Kioku ga Haeta node Hiyoko na Otouto Sodatemasu,Надёжный просмотр,Light novel,Дебют
59349,6,0.7544,Salaryman ga Isekai ni Ittara Shitennou ni Natta Hanashi,Надёжный просмотр,Web manga,Дебют
59361,6,0.7044,Kono Kaisha ni Suki na Hito ga Imasu,Остальные,Manga,Дебют
59402,6,0.7289,Kakkou no Iinazuke Season 2,Остальные,Manga,Продолжение
59421,6,0.7816,Zutaboro Reijou wa Ane no Moto Konyakusha ni Dekiai sareru,Остальные,Light novel,Дебют
59424,6,0.7853,"Yuusha Party wo Tsuihou sareta Shiromadoushi, S-Rank Boukensha ni Hirowareru: Kono Shiromadoushi ga Kikakugai Sugiru",Остальные,Manga,Дебют
59425,6,0.7329,NegaPosi Angler,Остальные,Original,Дебют
59452,6,0.8115,"Katainaka no Ossan, Kensei ni Naru",Надёжный просмотр,Light novel,Дебют
59457,6,0.6017,"Haite Kudasai, Takamine-san",Нишевые любимчики,Manga,Дебют
59466,6,0.7885,Aharen-san wa Hakarenai Season 2,Остальные,Manga,Продолжение
59514,6,0.6884,Sentai Red Isekai de Boukensha ni Naru,Остальные,Manga,Дебют
59619,6,0.6233,Ame to Kimi to,Остальные,Manga,Дебют
59632,6,0.6402,Mattaku Saikin no Tantei to Kitara,Остальные,Manga,Дебют
59675,6,0.7417,Apocalypse Hotel,Нишевые любимчики,Original,Дебют
59689,6,0.6384,Game Center Shoujo to Ibunka Kouryuu,Остальные,Web manga,Дебют
59744,6,0.6087,Maebashi Witches,Остальные,Original,Дебют
59745,6,0.6396,Chotto dake Ai ga Omoi Dark Elf ga Isekai kara Oikaketekita,Остальные,Web manga,Дебют
59828,6,0.8558,Shoushimin Series 2nd Season,Нишевые любимчики,Novel,Продолжение
59935,6,0.7762,Gorilla no Kami kara Kago sareta Reijou wa Ouritsu Kishidan de Kawaigarareru,Надёжный просмотр,Web manga,Дебют
59961,6,0.5958,Kizu darake Seijo yori Houfuku wo Komete,Остальные,Web manga,Дебют
59986,6,0.7663,Grand Blue Season 2,Нишевые любимчики,Manga,Продолжение
60009,6,0.6318,Chuuzenji-sensei Mononoke Kougiroku: Sensei ga Nazo wo Hodoite Shimau kara.,Остальные,Manga,Дебют
60140,6,0.8403,"Kanchigai no Atelier Meister: Eiyuu Party no Moto Zatsuyougakari ga, Jitsu wa Sentou Igai ga SSS Rank Datta to Iu Yoku Aru Hanashi",Надёжный просмотр,Light novel,Дебют
60146,6,0.7247,"Saikyou no Ousama, Nidome no Jinsei wa Nani wo Suru?",Флагманы,Other,Дебют
60154,6,0.8031,Ore wa Seikan Kokka no Akutoku Ryoushu!,Надёжный просмотр,Light novel,Дебют
60157,6,0.8575,Kanpekisugite Kawaige ga Nai to Konyaku Haki sareta Seijo wa Ringoku ni Urareru,Надёжный просмотр,Light novel,Дебют
60293,6,0.7302,Ballpark de Tsukamaete!,Остальные,Manga,Дебют
60315,6,0.5452,Dekin no Mogura,Остальные,Manga,Дебют
60316,6,0.7233,Busamen Gachi Fighter,Остальные,Manga,Дебют
60326,6,0.7018,"Watashi ga Koibito ni Nareru Wake Nai jan, Muri Muri! (※Muri ja Nakatta!?)",Нишевые любимчики,Light novel,Дебют
60377,6,0.6209,Nazotoki wa Dinner no Ato de,Остальные,Novel,Дебют
60425,6,0.77,0-saiji Start Dash Monogatari Season 2,Остальные,Manga,Продолжение
60449,6,0.7329,Kidou Senshi Gundam: GQuuuuuuX,Остальные,Original,Дебют
60505,6,0.5282,Necronomico no Cosmic Horror Show,Остальные,Original,Дебют
60523,6,0.7889,Tsuihousha Shokudou e Youkoso!,Остальные,Light novel,Дебют
60543,6,0.8244,Dandadan 2nd Season,Нишевые любимчики,Manga,Продолжение
60603,6,0.7609,Puniru wa Kawaii Slime 2nd Season,Остальные,Manga,Продолжение
60658,6,0.7624,Hibi wa Sugiredo Meshi Umashi,Нишевые любимчики,Original,Дебют
60697,6,0.6671,Fermat no Ryouri,Остальные,Manga,Дебют
60732,6,0.8202,Mizu Zokusei no Mahoutsukai,Остальные,Light novel,Дебют
60951,6,0.656,Kizetsu Yuusha to Ansatsu Hime,Остальные,Manga,Дебют
61150,6,0.6265,Onmyou Kaiten Re:Birth,Остальные,Original,Дебют
61239,6,0.4124,Binan Koukou Chikyuu Bouei-bu Haikara!,Остальные,Original,Дебют
61274,6,0.756,Ginga Tokkyuu Milky☆Subway,Остальные,Original,Дебют
61322,6,0.8711,Dr. Stone: Science Future Part 2,Остальные,Manga,Продолжение
61339,6,0.7736,Jibaku Shounen Hanako-kun 2 Part 2,Остальные,Manga,Продолжение
61410,6,0.6714,Chotto dake Ai ga Omoi Dark Elf ga Isekai kara Oikaketekita Mini Anime Gekijou,Остальные,Web manga,Дебют
32455,7,0.6423,Gekidol: Actidol Project,Остальные,Original,Дебют
35252,7,0.6178,Hatena☆Illusion,Остальные,Light novel,Дебют
35335,7,0.6985,Musashino!,Остальные,Original,Дебют
36458,7,0.5927,Soukou Musume Senki,Остальные,Game,Дебют
37587,7,0.7072,Lapis Re:LiGHTs,Остальные,Mixed media,Дебют
37599,7,0.6925,Magatsu Wahrheit: Zuerst,Остальные,Game,Дебют
37890,7,0.8113,Oshi ga Budoukan Ittekuretara Shinu,Нишевые любимчики,Manga,Дебют
38005,7,0.8294,Strike Witches: Road to Berlin,Остальные,Original,Продолжение
38006,7,0.6464,Renmei Kuugun Koukuu Mahou Ongakutai Luminous Witches,Остальные,Original,Дебют
38192,7,0.6644,Sakugan,Остальные,Novel,Дебют
38302,7,0.6862,Boku no Tonari ni Ankoku Hakaishin ga Imasu.,Остальные,Manga,Дебют
38337,7,0.8626,Gochuumon wa Usagi desu ka? Bloom,Нишевые любимчики,4-koma manga,Продолжение
38440,7,0.5556,Shikizakura,Остальные,Original,Дебют
38476,7,0.9101,Heya Camp△,Надёжный просмотр,Manga,Дебют
38555,7,0.8946,Otome Game no Hametsu Flag shika Nai Akuyaku Reijou ni Tensei shiteshimatta...,Флагманы,Light novel,Дебют
38668,7,0.8684,Dorohedoro,Флагманы,Manga,Дебют
38790,7,0.8765,Itai no wa Iya nanode Bougyoryoku ni Kyokufuri Shitai to Omoimasu.,Флагманы,Light novel,Дебют
38830,7,0.8822,"Hachi-nan tte, Sore wa Nai deshou!",Надёжный просмотр,Light novel,Дебют
38835,7,0.8775,Umayon,Надёжный просмотр,4-koma manga,Дебют
38843,7,0.7942,Shironeko Project: Zero Chronicle,Надёжный просмотр,Game,Дебют
38853,7,0.3984,Ex-Arm,Остальные,Manga,Дебют
38924,7,0.7345,Nekopara,Остальные,Visual novel,Дебют
38992,7,0.7848,Rikei ga Koi ni Ochita no de Shoumei shitemita.,Остальные,Web manga,Дебют
39017,7,0.8206,Kyokou Suiri,Надёжный просмотр,Manga,Дебют
39184,7,0.7264,A3! Season Spring & Summer,Нишевые любимчики,Game,Дебют
39247,7,0.9083,Kobayashi-san Chi no Maid Dragon S,Флагманы,Manga,Продолжение
39388,7,0.7081,Koisuru Asteroid,Остальные,4-koma manga,Дебют
39469,7,0.8432,Tsugu Tsugumomo,Остальные,Manga,Дебют
39531,7,0.7507,Kuutei Dragons,Остальные,Manga,Дебют
39534,7,0.8163,Jibaku Shounen Hanako-kun,Флагманы,Manga,Дебют
39547,7,0.9111,Yahari Ore no Seishun Love Comedy wa Machigatteiru. Kan,Флагманы,Light novel,Продолжение
39551,7,0.9516,Tensei shitara Slime Datta Ken 2nd Season,Флагманы,Manga,Продолжение
39575,7,0.7663,Somali to Mori no Kamisama,Остальные,Web manga,Дебют
39582,7,0.635,Kitsutsuki Tanteidokoro,Остальные,Novel,Дебют
39583,7,0.7284,number24,Остальные,Original,Дебют
39609,7,0.7422,Ochikobore Fruit Tart,Остальные,4-koma manga,Дебют
39710,7,0.8262,Yesterday wo Utatte,Остальные,Manga,Дебют
39725,7,0.6479,I★Chu: Halfway Through the Idol,Нишевые любимчики,Game,Дебют
39730,7,0.7928,Houkago Teibou Nisshi,Остальные,Manga,Дебют
39783,7,0.9411,5-toubun no Hanayome ∬,Флагманы,Manga,Продолжение
39790,7,0.7873,Adachi to Shimamura,Нишевые любимчики,Light novel,Дебют
39792,7,0.7533,Eizouken ni wa Te wo Dasu na!,Нишевые любимчики,Manga,Дебют
39808,7,0.8853,Non Non Biyori Nonstop,Нишевые любимчики,Manga,Продолжение
39893,7,0.5831,Muteking the Dancing Hero,Остальные,Original,Дебют
39917,7,0.4409,Sabiiro no Armor: Reimei,Остальные,Mixed media,Дебют
39948,7,0.81,Muhyo to Rouji no Mahouritsu Soudan Jimusho 2nd Season,Остальные,Manga,Продолжение
39960,7,0.8952,Yatogame-chan Kansatsu Nikki Nisatsume,Надёжный просмотр,4-koma manga,Продолжение
39966,7,0.6084,Tamayomi,Остальные,Manga,Дебют
39988,7,0.9327,Isekai Quartet 2,Надёжный просмотр,Original,Продолжение
40010,7,0.8087,Ishuzoku Reviewers,Флагманы,Web manga,Дебют
40056,7,0.7941,Deca-Dence,Надёжный просмотр,Original,Дебют
40059,7,0.9299,Golden Kamuy 3rd Season,Флагманы,Manga,Продолжение
40060,7,0.8657,BNA,Флагманы,Original,Дебют
40074,7,0.4936,Gibiate,Остальные,Original,Дебют
40075,7,0.6783,Koi to Producer: EVOLxLOVE,Остальные,Game,Дебют
40085,7,0.5858,Maesetsu!,Остальные,Original,Дебют
40128,7,0.7959,Arte,Остальные,Manga,Дебют
40136,7,0.6412,Oda Cinnamon Nobunaga,Остальные,Manga,Дебют
40148,7,0.7377,22/7,Остальные,Other,Дебют
40165,7,0.5292,Listeners,Остальные,Original,Дебют
40174,7,0.8534,Zombieland Saga Revenge,Нишевые любимчики,Original,Продолжение
40230,7,0.748,Housekishou Richard-shi no Nazo Kantei,Остальные,Novel,Дебют
40272,7,0.8625,A3! Season Autumn & Winter,Нишевые любимчики,Game,Дебют
40357,7,0.8789,Tate no Yuusha no Nariagari Season 3,Нишевые любимчики,Light novel,Продолжение
40358,7,0.5476,Gal to Kyouryuu,Остальные,Manga,Дебют
40359,7,0.6889,Ikebukuro West Gate Park,Остальные,Novel,Дебют
40392,7,0.829,Runway de Waratte,Остальные,Manga,Дебют
40397,7,0.8219,Maoujou de Oyasumi,Флагманы,Manga,Дебют
40403,7,0.5806,Shin Sakura Taisen the Animation,Остальные,Game,Дебют
40436,7,0.7563,Peter Grill to Kenja no Jikan,Надёжный просмотр,Manga,Дебют
40454,7,0.909,Dungeon ni Deai wo Motomeru no wa Machigatteiru Darou ka III,Надёжный просмотр,Light novel,Продолжение
40483,7,0.8549,Murenase! Seton Gakuen,Надёжный просмотр,Web manga,Дебют
40488,7,0.584,Futsal Boys!!!!!,Нишевые любимчики,Mixed media,Дебют
40507,7,0.874,Arifureta Shokugyou de Sekai Saikyou 2nd Season,Флагманы,Light novel,Продолжение
40513,7,0.7629,Nami yo Kiitekure,Остальные,Manga,Дебют
40526,7,0.6297,"Dragon, Ie wo Kau.",Остальные,Manga,Дебют
40529,7,0.8567,No Guns Life 2nd Season,Остальные,Manga,Продолжение
40530,7,0.8597,Jaku-Chara Tomozaki-kun,Надёжный просмотр,Light novel,Дебют
40550,7,0.6948,Assault Lily: Bouquet,Остальные,Mixed media,Дебют
40571,7,0.8333,Majo no Tabitabi,Флагманы,Light novel,Дебют
40586,7,0.7981,"Slime Taoshite 300-nen, Shiranai Uchi ni Level Max ni Nattemashita",Надёжный просмотр,Light novel,Дебют
40591,7,0.9528,Kaguya-sama wa Kokurasetai? Tensai-tachi no Renai Zunousen,Флагманы,Manga,Продолжение
40594,7,0.8305,Tatoeba Last Dungeon Mae no Mura no Shounen ga Joban no Machi de Kurasu Youna Monogatari,Надёжный просмотр,Light novel,Дебют
40595,7,0.8061,"Kimi to Boku no Saigo no Senjou, Aruiwa Sekai ga Hajimaru Seisen",Надёжный просмотр,Light novel,Дебют
40608,7,0.6587,Muv-Luv Alternative,Остальные,Visual novel,Дебют
40623,7,0.6951,Dokyuu Hentai HxEros,Остальные,Manga,Дебют
40679,7,0.6971,2.43: Seiin Koukou Danshi Volley-bu,Остальные,Novel,Дебют
40685,7,0.7732,Super Cub,Нишевые любимчики,Light novel,Дебют
40708,7,0.7914,Monster Musume no Oishasan,Надёжный просмотр,Light novel,Дебют
40716,7,0.8269,Kakushigoto,Нишевые любимчики,Manga,Дебют
40738,7,0.7533,Natsunagu!,Остальные,Original,Дебют
40750,7,0.8282,Kaifuku Jutsushi no Yarinaoshi,Флагманы,Light novel,Дебют
40752,7,0.6688,Bishounen Tanteidan,Остальные,Novel,Дебют
40763,7,0.7747,Show By Rock!! Mashumairesh!!,Остальные,Game,Продолжение
40776,7,0.9568,Haikyuu!! To the Top Part 2,Флагманы,Manga,Продолжение
40783,7,0.6774,"Shachou, Battle no Jikan desu!",Остальные,Game,Дебют
40786,7,0.6942,Skate-Leading☆Stars,Остальные,Original,Дебют
40815,7,0.9436,Honzuki no Gekokujou: Shisho ni Naru Tame ni wa Shudan wo Erandeiraremasen 2nd Season,Надёжный просмотр,Light novel,Продолжение
40839,7,0.8974,"Kanojo, Okarishimasu",Флагманы,Manga,Дебют
40842,7,0.745,Idoly Pride,Нишевые любимчики,Mixed media,Дебют
40870,7,0.7832,SSSS.Dynazenon,Нишевые любимчики,Original,Дебют
40904,7,0.8368,Bokutachi no Remake,Флагманы,Light novel,Дебют
40907,7,0.9089,World Trigger 2nd Season,Остальные,Manga,Продолжение
40908,7,0.8365,Kemono Jihen,Надёжный просмотр,Manga,Дебют
40930,7,0.8547,Azur Lane: Bisoku Zenshin!,Остальные,4-koma manga,Продолжение
40935,7,0.9125,Beastars 2nd Season,Надёжный просмотр,Manga,Продолжение
40957,7,0.8089,Shin Chuuka Ichiban! 2nd Season,Остальные,Manga,Продолжение
40958,7,0.6944,Rail Romanesque,Остальные,Visual novel,Дебют
40960,7,0.7223,Cheat Kusushi no Slow Life: Isekai ni Tsukurou Drugstore,Остальные,Light novel,Дебют
40961,7,0.636,Hortensia Saga,Остальные,Game,Дебют
40974,7,0.8509,Kuma Kuma Kuma Bear,Надёжный просмотр,Light novel,Дебют
40995,7,0.7198,Hentatsu (TV),Остальные,Original,Дебют
41084,7,0.9052,Made in Abyss: Retsujitsu no Ougonkyou,Флагманы,Web manga,Продолжение
41103,7,0.8193,Koi to Yobu ni wa Kimochi Warui,Флагманы,Web manga,Дебют
41109,7,0.8101,Log Horizon: Entaku Houkai,Остальные,Light novel,Продолжение
41169,7,0.848,Love Live! Superstar!!,Нишевые любимчики,Other,Дебют
41226,7,0.8551,Uzaki-chan wa Asobitai!,Надёжный просмотр,Web manga,Дебют
41312,7,0.8763,Kami-tachi ni Hirowareta Otoko,Надёжный просмотр,Light novel,Дебют
41364,7,0.8981,One Room: Third Season,Остальные,Original,Продолжение
41372,7,0.6351,Senyoku no Sigrdrifa,Остальные,Original,Дебют
41380,7,0.832,100-man no Inochi no Ue ni Ore wa Tatteiru,Надёжный просмотр,Manga,Дебют
41389,7,0.8833,Tonikaku Kawaii,Флагманы,Manga,Дебют
41392,7,0.6773,Urasekai Picnic,Остальные,Novel,Дебют
41433,7,0.8654,Akudama Drive,Флагманы,Original,Дебют
41456,7,0.8264,"Sentouin, Haken shimasu!",Надёжный просмотр,Light novel,Дебют
41461,7,0.8739,Date A Live IV,Нишевые любимчики,Light novel,Продолжение
41487,7,0.9544,Tensei shitara Slime Datta Ken 2nd Season Part 2,Флагманы,Manga,Продолжение
41488,7,0.8549,Tensura Nikki: Tensei shitara Slime Datta Ken,Флагманы,Manga,Дебют
41514,7,0.8101,Itai no wa Iya nanode Bougyoryoku ni Kyokufuri Shitai to Omoimasu. 2,Остальные,Light novel,Продолжение
41520,7,0.8274,Show by Rock!! Stars!!,Остальные,Game,Продолжение
41521,7,0.6587,WIXOSS Diva(A)Live,Остальные,Card game,Дебют
41556,7,0.5816,Maiko-san Chi no Makanai-san,Остальные,Manga,Дебют
41574,7,0.8016,Guraburu!,Остальные,4-koma manga,Дебют
41589,7,0.6557,Tokyo Mew Mew New ♡,Нишевые любимчики,Manga,Дебют
41762,7,0.7266,Tenchi Souzou Design-bu,Остальные,Manga,Дебют
41783,7,0.7051,Iwa Kakeru! Sport Climbing Girls,Остальные,Web manga,Дебют
41833,7,0.7289,Kyuuketsuki Sugu Shinu,Нишевые любимчики,Manga,Дебют
41899,7,0.8609,Ore dake Haireru Kakushi Dungeon,Надёжный просмотр,Light novel,Дебют
41930,7,0.8211,Kamisama ni Natta Hi,Нишевые любимчики,Original,Дебют
42071,7,0.8206,Yuuki Yuuna wa Yuusha de Aru Churutto!,Остальные,Game,Продолжение
42072,7,0.7571,Kenja no Deshi wo Nanoru Kenja,Надёжный просмотр,Light novel,Дебют
42203,7,0.9309,Re:Zero kara Hajimeru Isekai Seikatsu 2nd Season Part 2,Флагманы,Light novel,Продолжение
42238,7,0.943,Ani ni Tsukeru Kusuri wa Nai! 4,Надёжный просмотр,Web manga,Продолжение
42250,7,0.8787,Bungou Stray Dogs Wan!,Флагманы,Web manga,Продолжение
42282,7,0.8423,Otome Game no Hametsu Flag shika Nai Akuyaku Reijou ni Tensei shiteshimatta... X,Надёжный просмотр,Light novel,Продолжение
42307,7,0.6215,Subarashiki Kono Sekai The Animation,Остальные,Game,Дебют
42321,7,0.5865,Battle Athletess Daiundoukai ReSTART!,Остальные,Original,Дебют
42340,7,0.8201,Meikyuu Black Company,Надёжный просмотр,Web manga,Дебют
42351,7,0.8654,Senpai ga Uzai Kouhai no Hanashi,Надёжный просмотр,Web manga,Дебют
42361,7,0.8424,"Ijiranaide, Nagatoro-san",Флагманы,Web manga,Дебют
42385,7,0.7479,The iDOLM@STER Million Live!,Остальные,Game,Продолжение
42395,7,0.7534,Shakunetsu Kabaddi,Нишевые любимчики,Web manga,Дебют
42506,7,0.7768,World Witches Hasshin Shimasu!,Остальные,Original,Дебют
42516,7,0.6163,Cardfight!! Vanguard: overDress,Остальные,Original,Дебют
42544,7,0.775,Kaizoku Oujo,Нишевые любимчики,Original,Дебют
42568,7,0.7064,Yaku nara Mug Cup mo,Остальные,Manga,Дебют
42571,7,0.8271,Dogeza de Tanondemita,Остальные,Web manga,Дебют
42587,7,0.8209,Yuuki Yuuna wa Yuusha de Aru: Dai Mankai no Shou,Нишевые любимчики,Original,Продолжение
42590,7,0.8073,Mashiro no Oto,Остальные,Manga,Дебют
42627,7,0.7215,Peach Boy Riverside,Остальные,Manga,Дебют
42657,7,,Himitsukessha Taka no Tsume: Golden Spell,Остальные,Original,Дебют
42670,7,0.8337,Princess Connect! Re:Dive Season 2,Нишевые любимчики,Game,Продолжение
42745,7,0.8443,Machikado Mazoku: 2-choume,Остальные,4-koma manga,Продолжение
42822,7,0.7652,Kai Byoui Ramune,Остальные,Manga,Дебют
42826,7,0.8389,Seijo no Maryoku wa Bannou desu,Надёжный просмотр,Light novel,Дебют
42883,7,0.792,Sore dake ga Neck,Надёжный просмотр,Original,Дебют
42923,7,0.8588,SK∞,Флагманы,Original,Дебют
42959,7,0.8921,Yatogame-chan Kansatsu Nikki Sansatsume,Остальные,4-koma manga,Продолжение
42963,7,0.8188,"Kanojo, Okarishimasu 2nd Season",Нишевые любимчики,Manga,Продолжение
42994,7,0.8399,Jashin-chan Dropkick X,Остальные,Web manga,Продолжение
43007,7,0.7491,Osananajimi ga Zettai ni Makenai Love Comedy,Флагманы,Light novel,Дебют
43299,7,0.8086,Wonder Egg Priority,Нишевые любимчики,Original,Дебют
43470,7,0.8081,Rikei ga Koi ni Ochita no de Shoumei shitemita. Heart,Остальные,Web manga,Продолжение
43523,7,0.9162,Tsuki ga Michibiku Isekai Douchuu,Флагманы,Light novel,Дебют
43756,7,0.7967,Bakuten!!,Нишевые любимчики,Original,Дебют
43767,7,0.6439,Night Head 2041,Нишевые любимчики,Other,Дебют
43814,7,0.8624,Deatte 5-byou de Battle,Надёжный просмотр,Web manga,Дебют
43969,7,0.7817,Kanojo mo Kanojo,Флагманы,Manga,Дебют
44040,7,0.7815,Abciee Shuugyou Nikki,Надёжный просмотр,Other,Дебют
44055,7,0.8231,Sasaki to Miyano,Флагманы,Web manga,Дебют
44081,7,0.6563,B-Project: Netsuretsu*Love Call,Остальные,Mixed media,Дебют
44203,7,0.8977,Seirei Gensouki,Флагманы,Light novel,Дебют
44204,7,0.8191,Kyokou Suiri Season 2,Остальные,Manga,Продолжение
44235,7,0.9138,Pui Pui Molcar,Флагманы,Other,Дебют
44274,7,0.6661,Puraore! Pride of Orange,Остальные,Mixed media,Дебют
44276,7,0.8132,Kyuukyoku Shinka shita Full Dive RPG ga Genjitsu yori mo Kusoge Dattara,Надёжный просмотр,Light novel,Дебют
44387,7,0.6691,Sankaku Mado no Sotogawa wa Yoru,Нишевые любимчики,Manga,Дебют
44511,7,0.9126,Chainsaw Man,Флагманы,Manga,Дебют
44516,7,0.7407,Koroshi Ai,Остальные,Manga,Дебют
44524,7,0.819,Isekai Meikyuu de Harem wo,Флагманы,Light novel,Дебют
44881,7,0.894,100-man no Inochi no Ue ni Ore wa Tatteiru 2nd Season,Надёжный просмотр,Manga,Продолжение
45055,7,0.8361,Taishou Otome Otogibanashi,Нишевые любимчики,Manga,Дебют
45425,7,0.7612,Slow Loop,Остальные,Manga,Дебют
45486,7,0.8615,Kuma Kuma Kuma Bear Punch!,Остальные,Light novel,Продолжение
45560,7,0.6799,Orient,Остальные,Manga,Дебют
45576,7,0.953,Mushoku Tensei: Isekai Ittara Honki Dasu Part 2,Флагманы,Light novel,Продолжение
45587,7,0.8222,Itazuraguma no Gloomy,Надёжный просмотр,Other,Дебют
45613,7,0.6955,Kawaii dake ja Nai Shikimori-san,Флагманы,Web manga,Дебют
45653,7,0.7364,Soredemo Ayumu wa Yosetekuru,Остальные,Manga,Дебют
45665,7,0.5726,Fairy Ranmaru: Anata no Kokoro Otasuke Shimasu,Нишевые любимчики,Original,Дебют
46118,7,0.6086,Wave!! Surfing Yappe!! (TV),Остальные,Mixed media,Дебют
46352,7,0.7922,Blue Period,Флагманы,Manga,Дебют
46471,7,0.663,"Tantei wa Mou, Shindeiru.",Нишевые любимчики,Light novel,Дебют
46604,7,0.5768,Dolls' Frontline,Остальные,Game,Дебют
46985,7,0.8299,Shinka no Mi: Shiranai Uchi ni Kachigumi Jinsei,Надёжный просмотр,Light novel,Дебют
47159,7,0.8338,Tensai Ouji no Akaji Kokka Saisei Jutsu,Надёжный просмотр,Light novel,Дебют
47160,7,0.8354,Goblin Slayer II,Нишевые любимчики,Light novel,Продолжение
47161,7,0.8265,Shikkakumon no Saikyou Kenja,Надёжный просмотр,Light novel,Дебют
47162,7,0.6725,Shokei Shoujo no Virgin Road,Остальные,Light novel,Дебют
47163,7,0.7862,"Tensei Kenja no Isekai Life: Dai-2 no Shokugyou wo Ete, Sekai Saikyou ni Narimashita",Флагманы,Light novel,Дебют
47250,7,0.5773,Jouran: The Princess of Snow and Blood,Остальные,Original,Дебют
47257,7,0.767,Shinigami Bocchan to Kuro Maid,Нишевые любимчики,Web manga,Дебют
47391,7,0.709,Seven Knights Revolution: Eiyuu no Keishousha,Надёжный просмотр,Game,Дебют
47790,7,0.9115,"Sekai Saikou no Ansatsusha, Isekai Kizoku ni Tensei suru",Флагманы,Light novel,Дебют
47917,7,0.9028,Bocchi the Rock!,Флагманы,4-koma manga,Дебют
48239,7,0.8648,Leadale no Daichi nite,Надёжный просмотр,Light novel,Дебют
48252,7,0.7756,"Ore, Tsushima",Нишевые любимчики,Manga,Дебют
48363,7,0.676,RPG Fudousan,Остальные,4-koma manga,Дебют
48406,7,0.7808,Re-Main,Нишевые любимчики,Original,Дебют
48413,7,0.7551,Hataraku Maou-sama!!,Нишевые любимчики,Light novel,Продолжение
48414,7,0.7807,Sabikui Bisco,Остальные,Light novel,Дебют
48415,7,0.8314,"Shijou Saikyou no Daimaou, Murabito A ni Tensei suru",Надёжный просмотр,Light novel,Дебют
48417,7,0.6619,"Maou Gakuin no Futekigousha II: Shijou Saikyou no Maou no Shiso, Tensei shite Shison-tachi no Gakkou e Kayou",Нишевые любимчики,Light novel,Дебют
48418,7,0.7768,"Maou Gakuin no Futekigousha II: Shijou Saikyou no Maou no Shiso, Tensei shite Shison-tachi no Gakkou e Kayou Part 2",Остальные,Light novel,Продолжение
48441,7,0.5465,The Legend of Heroes: Sen no Kiseki - Northern War,Остальные,Game,Дебют
48471,7,0.759,Tsuki to Laika to Nosferatu,Остальные,Light novel,Дебют
48483,7,0.8136,Mieruko-chan,Флагманы,Web manga,Дебют
48491,7,0.8066,Yama no Susume: Next Summit,Остальные,Manga,Продолжение
48542,7,0.7779,Do It Yourself!!,Остальные,Original,Дебют
48553,7,0.758,Akebi-chan no Sailor-fuku,Нишевые любимчики,Web manga,Дебют
48556,7,0.7222,Takt Op. Destiny,Нишевые любимчики,Mixed media,Дебют
48567,7,0.6055,Visual Prison,Нишевые любимчики,Original,Дебют
48569,7,0.9191,86 Part 2,Флагманы,Light novel,Продолжение
48580,7,0.8021,Vanitas no Karte,Нишевые любимчики,Manga,Дебют
48583,7,0.9404,Shingeki no Kyojin: The Final Season Part 2,Флагманы,Manga,Продолжение
48633,7,0.7068,Liar Liar,Остальные,Light novel,Дебют
48643,7,0.7924,Koi wa Sekai Seifuku no Ato de,Надёжный просмотр,Manga,Дебют
48644,7,0.6639,Gyakuten Sekai no Denchi Shoujo,Остальные,Original,Дебют
48649,7,0.6918,Fuuto Tantei,Нишевые любимчики,Manga,Дебют
48736,7,0.912,Sono Bisque Doll wa Koi wo Suru,Флагманы,Manga,Дебют
48742,7,0.5986,"Kono Healer, Mendokusai",Остальные,Web manga,Дебют
48760,7,0.8795,"Gaikotsu Kishi-sama, Tadaima Isekai e Odekakechuu",Надёжный просмотр,Light novel,Дебют
48761,7,0.8319,Saihate no Paladin,Надёжный просмотр,Light novel,Дебют
48775,7,0.8104,Kaginado,Остальные,Original,Дебют
48776,7,0.6295,Build Divide: Code Black,Остальные,Mixed media,Дебют
48777,7,0.7904,Build Divide: Code White,Остальные,Mixed media,Дебют
48779,7,0.8195,Deaimon,Надёжный просмотр,Manga,Дебют
48804,7,0.8799,Isekai Shokudou 2,Надёжный просмотр,Light novel,Продолжение
48842,7,0.7056,Mahoutsukai Reimeiki,Остальные,Light novel,Дебют
48849,7,0.7463,Sonny Boy,Нишевые любимчики,Original,Дебют
48857,7,0.7053,Healer Girl,Остальные,Original,Дебют
48858,7,0.7324,180-byou de Kimi no Mimi wo Shiawase ni Dekiru ka?,Остальные,Original,Дебют
48926,7,0.8377,"Komi-san wa, Comyushou desu.",Флагманы,Manga,Дебют
48981,7,0.5836,Mahou Shoujo Magical Destroyers,Остальные,Original,Дебют
48997,7,0.8172,Fantasy Bishoujo Juniku Ojisan to,Надёжный просмотр,Web manga,Дебют
49109,7,0.87,Kami-tachi ni Hirowareta Otoko 2nd Season,Надёжный просмотр,Light novel,Продолжение
49114,7,0.8901,Vanitas no Karte Part 2,Флагманы,Manga,Продолжение
49154,7,0.7534,High Card,Остальные,Mixed media,Дебют
49160,7,0.6872,Shachiku-san wa Youjo Yuurei ni Iyasaretai.,Остальные,Manga,Дебют
49263,7,0.864,Yaku nara Mug Cup mo: Niban Gama,Остальные,Manga,Продолжение
49292,7,0.5443,Deep Insanity: The Lost Child,Остальные,Mixed media,Дебют
49304,7,0.5523,Seiken Densetsu: Legend of Mana - The Teardrop Crystal,Остальные,Game,Дебют
49385,7,0.6722,Kaijin Kaihatsu-bu no Kuroitsu-san,Остальные,Web manga,Дебют
49438,7,0.898,Isekai Yakkyoku,Надёжный просмотр,Light novel,Дебют
49470,7,0.8092,Mamahaha no Tsurego ga Motokano datta,Надёжный просмотр,Light novel,Дебют
49505,7,0.8471,Deji Meets Girl,Остальные,Original,Дебют
49514,7,0.4766,Gensou Sangokushi: Tengen Reishinki,Остальные,Game,Дебют
49520,7,0.7535,Aharen-san wa Hakarenai,Флагманы,Manga,Дебют
49551,7,0.8185,Hanabi-chan wa Okuregachi,Надёжный просмотр,Manga,Дебют
49612,7,0.7329,Ningen Fushin no Boukensha-tachi ga Sekai wo Sukuu you desu,Надёжный просмотр,Light novel,Дебют
49692,7,0.8071,Heroine Tarumono! Kiraware Heroine to Naisho no Oshigoto,Остальные,Music,Дебют
49721,7,0.8797,Karakai Jouzu no Takagi-san 3,Флагманы,Manga,Продолжение
49766,7,0.6975,Under Ninja,Остальные,Manga,Дебют
49776,7,0.7948,Kumichou Musume to Sewagakari,Надёжный просмотр,Web manga,Дебют
49782,7,0.8688,Shadows House 2nd Season,Остальные,Manga,Продолжение
49820,7,0.7966,Cardfight!! Vanguard: will+Dress Season 2,Остальные,Original,Продолжение
49828,7,0.854,Kidou Senshi Gundam: Suisei no Majo,Флагманы,Original,Дебют
49831,7,0.6326,Black★★Rock Shooter: Dawn Fall,Нишевые любимчики,Other,Дебют
49849,7,0.7855,Shinmai Renkinjutsushi no Tenpo Keiei,Надёжный просмотр,Light novel,Дебют
49858,7,0.8361,Shinigami Bocchan to Kuro Maid 2nd Season,Остальные,Web manga,Продолжение
49891,7,0.8679,Tensei shitara Ken deshita,Флагманы,Light novel,Дебют
49894,7,0.7113,Eiyuu Kyoushitsu,Надёжный просмотр,Light novel,Дебют
49969,7,0.6164,Tribe Nine,Остальные,Mixed media,Дебют
49979,7,0.8354,Akuyaku Reijou nanode Last Boss wo Kattemimashita,Надёжный просмотр,Light novel,Дебют
49980,7,0.7858,Sugar Apple Fairy Tale,Нишевые любимчики,Light novel,Дебют
49981,7,0.5475,"Kimi to Boku no Saigo no Senjou, Aruiwa Sekai ga Hajimaru Seisen Season II",Остальные,Light novel,Продолжение
50010,7,0.8438,Meitantei Conan: Hannin no Hanzawa-san,Надёжный просмотр,Manga,Дебют
50172,7,0.8984,Mob Psycho 100 III,Флагманы,Web manga,Продолжение
50175,7,0.8407,"Yuusha, Yamemasu",Надёжный просмотр,Light novel,Дебют
50184,7,0.7781,Seiken Gakuin no Makentsukai,Надёжный просмотр,Light novel,Дебют
50185,7,0.7814,Ryman's Club,Нишевые любимчики,Original,Дебют
50197,7,0.8658,"Ijiranaide, Nagatoro-san 2nd Attack",Нишевые любимчики,Web manga,Продолжение
50203,7,0.8903,Love Live! Superstar!! 2nd Season,Нишевые любимчики,Other,Продолжение
50204,7,0.6829,Tokyo 24-ku,Остальные,Original,Дебют
50220,7,0.6897,Isekai Shoukan wa Nidome desu,Надёжный просмотр,Light novel,Дебют
50221,7,0.766,Shine Post,Остальные,Mixed media,Дебют
50265,7,0.9129,Spy x Family,Флагманы,Manga,Дебют
50273,7,0.8721,Tomodachi Game,Флагманы,Manga,Дебют
50284,7,0.5393,Technoroid: Overmind,Остальные,Mixed media,Дебют
50285,7,0.5722,On Air Dekinai!,Остальные,Manga,Дебют
50287,7,0.8462,Kyuuketsuki Sugu Shinu 2,Остальные,Manga,Продолжение
50306,7,0.8222,Seirei Gensouki 2,Нишевые любимчики,Light novel,Продолжение
50307,7,0.794,Tonikaku Kawaii 2nd Season,Нишевые любимчики,Manga,Продолжение
50348,7,0.8299,Peter Grill to Kenja no Jikan: Super Extra,Остальные,Manga,Продолжение
50380,7,0.8351,Paripi Koumei,Флагманы,Web manga,Дебют
50384,7,0.7835,Mononogatari,Остальные,Manga,Дебют
50392,7,0.756,Mato Seihei no Slave,Нишевые любимчики,Manga,Дебют
50416,7,0.8498,Skip to Loafer,Флагманы,Manga,Дебют
50425,7,0.8851,"Fuufu Ijou, Koibito Miman.",Флагманы,Manga,Дебют
50461,7,0.901,Otome Game Sekai wa Mob ni Kibishii Sekai desu,Флагманы,Light novel,Дебют
50481,7,0.8153,"Eiyuuou, Bu wo Kiwameru Tame Tenseisu: Soshite, Sekai Saikyou no Minarai Kishi♀",Надёжный просмотр,Light novel,Дебют
50583,7,0.6704,Buta no Liver wa Kanetsu Shiro,Остальные,Light novel,Дебют
50606,7,0.5666,Ayakashi Triangle,Остальные,Manga,Дебют
50631,7,0.8872,"Komi-san wa, Comyushou desu. 2nd Season",Флагманы,Manga,Продолжение
50638,7,0.8111,Muv-Luv Alternative 2nd Season,Остальные,Visual novel,Продолжение
50652,7,0.7582,Tsundere Akuyaku Reijou Liselotte to Jikkyou no Endou-kun to Kaisetsu no Kobayashi-san,Остальные,Light novel,Дебют
50664,7,0.7933,Saihate no Paladin: Tetsusabi no Yama no Ou,Остальные,Light novel,Продолжение
50678,7,0.8479,Kyoukai Senki Part 2,Остальные,Original,Продолжение
50685,7,0.8515,Kaginado Season 2,Остальные,Original,Продолжение
50695,7,0.8399,MF Ghost,Флагманы,Manga,Дебют
50738,7,0.7027,"Slime Taoshite 300-nen, Shiranai Uchi ni Level Max ni Nattemashita: Sono Ni",Остальные,Light novel,Продолжение
50739,7,0.8801,Otonari no Tenshi-sama ni Itsunomanika Dame Ningen ni Sareteita Ken,Флагманы,Light novel,Дебют
50760,7,0.5947,Teppen!!!!!!!!!!!!!!!,Остальные,Manga,Дебют
50854,7,0.8129,"Benriya Saitou-san, Isekai ni Iku",Надёжный просмотр,Web manga,Дебют
50862,7,0.6424,Estab-Life: Great Escape,Остальные,Mixed media,Дебют
50871,7,0.5609,Alice Gear Aegis Expansion,Остальные,Game,Дебют
50917,7,0.6685,Prima Doll,Остальные,Mixed media,Дебют
50923,7,0.7423,Mushikaburi-hime,Нишевые любимчики,Light novel,Дебют
50985,7,0.6065,Chimimo,Нишевые любимчики,Original,Дебют
50999,7,0.6721,Extreme Hearts,Остальные,Original,Дебют
51064,7,0.8934,Kuro no Shoukanshi,Надёжный просмотр,Light novel,Дебют
51092,7,0.5992,Yuurei Deco,Остальные,Original,Дебют
51098,7,0.6804,Shinobi no Ittoki,Остальные,Original,Дебют
51105,7,0.612,NieR:Automata Ver1.1a,Нишевые любимчики,Game,Дебют
51128,7,0.745,Noumin Kanren no Skill bakka Agetetara Nazeka Tsuyoku Natta.,Надёжный просмотр,Light novel,Дебют
51139,7,0.4761,Kizuna no Allele,Остальные,Original,Дебют
51179,7,0.9395,Mushoku Tensei II: Isekai Ittara Honki Dasu,Флагманы,Light novel,Дебют
51212,7,0.7632,Futoku no Guild,Остальные,Manga,Дебют
51213,7,0.7988,Kinsou no Vermeil: Gakeppuchi Majutsushi wa Saikyou no Yakusai to Mahou Sekai wo Tsukisusumu,Флагманы,Manga,Дебют
51215,7,0.8569,Seijo no Maryoku wa Bannou desu Season 2,Надёжный просмотр,Light novel,Продолжение
51219,7,0.6938,Isekai One Turn Kill Neesan: Ane Douhan no Isekai Seikatsu Hajimemashita,Остальные,Manga,Дебют
51252,7,0.5832,Spy Kyoushitsu,Остальные,Light novel,Дебют
51265,7,0.7198,Inu ni Nattara Suki na Hito ni Hirowareta.,Остальные,Web manga,Дебют
51368,7,0.8709,Orient: Awajishima Gekitou-hen,Надёжный просмотр,Manga,Продолжение
51371,7,0.629,Bucchigire!,Остальные,Original,Дебют
51381,7,0.654,RWBY: Hyousetsu Teikoku,Нишевые любимчики,Other,Дебют
51403,7,0.7702,Renai Flops,Остальные,Original,Дебют
51415,7,0.5349,Opus.COLORs,Остальные,Original,Дебют
51458,7,0.7811,Lv1 Maou to One Room Yuusha,Надёжный просмотр,Web manga,Дебют
51462,7,0.8916,Isekai Nonbiri Nouka,Флагманы,Light novel,Дебют
51495,7,0.8083,Shin Shinka no Mi: Shiranai Uchi ni Kachigumi Jinsei,Надёжный просмотр,Light novel,Дебют
51498,7,0.8236,Masamune-kun no Revenge R,Остальные,Manga,Продолжение
51536,7,0.7903,The iDOLM@STER Cinderella Girls: U149,Нишевые любимчики,Web manga,Дебют
51552,7,0.8734,Watashi no Shiawase na Kekkon,Флагманы,Novel,Дебют
51586,7,0.7928,D4DJ All Mix,Нишевые любимчики,Mixed media,Дебют
51632,7,0.7976,Isekai wa Smartphone to Tomo ni. 2,Флагманы,Light novel,Продолжение
51648,7,0.9001,Nozomanu Fushi no Boukensha,Надёжный просмотр,Light novel,Дебют
51678,7,0.7931,Oniichan wa Oshimai!,Флагманы,Manga,Дебют
51693,7,0.7717,Kaminaki Sekai no Kamisama Katsudou,Надёжный просмотр,Manga,Дебют
51705,7,0.7382,Otonari ni Ginga,Остальные,Manga,Дебют
51706,7,0.7148,Yuusha ga Shinda!,Надёжный просмотр,Web manga,Дебют
51711,7,0.831,Hyouken no Majutsushi ga Sekai wo Suberu,Надёжный просмотр,Light novel,Дебют
51764,7,0.8265,Level 1 dakedo Unique Skill de Saikyou desu,Надёжный просмотр,Light novel,Дебют
51815,7,0.7635,Kubo-san wa Mob wo Yurusanai,Нишевые любимчики,Manga,Дебют
51817,7,0.7069,Watashi no Yuri wa Oshigoto desu!,Остальные,Manga,Дебют
51818,7,0.8121,Enen no Shouboutai: San no Shou,Нишевые любимчики,Manga,Продолжение
51923,7,0.5661,Warau Arsnotoria Sun!,Остальные,Game,Дебют
51956,7,0.6107,Paradox Live the Animation,Нишевые любимчики,Mixed media,Дебют
51958,7,0.7793,Kono Subarashii Sekai ni Bakuen wo!,Остальные,Light novel,Дебют
51986,7,0.8665,Pui Pui Molcar: Driving School,Надёжный просмотр,Original,Продолжение
52081,7,0.7164,Edomae Elf,Остальные,Manga,Дебют
52082,7,0.7455,Shiro Seijo to Kuro Bokushi,Остальные,4-koma manga,Дебют
52092,7,0.7003,My Home Hero,Остальные,Manga,Дебют
52093,7,0.7418,Trigun Stampede,Нишевые любимчики,Manga,Дебют
52173,7,0.7454,Koori Zokusei Danshi to Cool na Douryou Joshi,Остальные,Web manga,Дебют
52193,7,0.7685,Akiba Meido Sensou,Нишевые любимчики,Original,Дебют
52196,7,0.8419,Date A Live V,Нишевые любимчики,Light novel,Продолжение
52211,7,0.8809,Mashle,Флагманы,Manga,Дебют
52229,7,0.8901,Birdie Wing: Golf Girls' Story Season 2,Остальные,Original,Продолжение
52299,7,0.9243,Ore dake Level Up na Ken,Флагманы,Web manga,Дебют
52308,7,0.8547,Kanojo ga Koushaku-tei ni Itta Riyuu,Флагманы,Web manga,Дебют
52359,7,0.7902,Isekai de Mofumofu Nadenade suru Tame ni Ganbattemasu.,Надёжный просмотр,Light novel,Дебют
52367,7,0.7556,Isekai Shikkaku,Надёжный просмотр,Web manga,Дебют
52381,7,0.7602,Aru Asa Dummy Head Mic ni Natteita Ore-kun no Jinsei,Остальные,Original,Дебют
52405,7,0.5376,Highspeed Etoile,Остальные,Original,Дебют
52446,7,0.8559,Kaiko sareta Ankoku Heishi (30-dai) no Slow na Second Life,Надёжный просмотр,Light novel,Дебют
52461,7,0.8276,Rougo ni Sonaete Isekai de 8-manmai no Kinka wo Tamemasu,Надёжный просмотр,Light novel,Дебют
52481,7,0.7574,Gimai Seikatsu,Нишевые любимчики,Light novel,Дебют
52482,7,0.7846,Sasaki to Pii-chan,Надёжный просмотр,Light novel,Дебют
52578,7,0.8728,Boku no Kokoro no Yabai Yatsu,Флагманы,Manga,Дебют
52588,7,0.9174,Kaijuu 8-gou,Флагманы,Manga,Дебют
52608,7,0.8666,Tensei Kizoku no Isekai Boukenroku: Jichou wo Shiranai Kamigami no Shito,Надёжный просмотр,Light novel,Дебют
52611,7,0.8554,Okashi na Tensei,Надёжный просмотр,Light novel,Дебют
52619,7,0.7585,Jidou Hanbaiki ni Umarekawatta Ore wa Meikyuu wo Samayou,Надёжный просмотр,Light novel,Дебют
52709,7,0.7256,"Danjo no Yuujou wa Seiritsu suru? (Iya, Shinai!!)",Остальные,Light novel,Дебют
52736,7,0.8328,Tensei Oujo to Tensai Reijou no Mahou Kakumei,Флагманы,Light novel,Дебют
52816,7,0.7206,Majo to Yajuu,Нишевые любимчики,Manga,Дебют
52934,7,0.7504,"Konyaku Haki sareta Reijou wo Hirotta Ore ga, Ikenai Koto wo Oshiekomu",Остальные,Light novel,Дебют
52955,7,0.8392,Mahoutsukai no Yome Season 2,Остальные,Manga,Продолжение
52962,7,0.8565,"Tearmoon Teikoku Monogatari: Dantoudai kara Hajimaru, Hime no Tensei Gyakuten Story",Надёжный просмотр,Light novel,Дебют
52969,7,0.8268,"Jitsu wa Ore, Saikyou deshita?",Надёжный просмотр,Light novel,Дебют
52973,7,0.8105,Megami no Café Terrace,Надёжный просмотр,Manga,Дебют
52985,7,0.6517,Dekoboko Majo no Oyako Jijou,Остальные,4-koma manga,Дебют
52990,7,0.802,"Keikenzumi na Kimi to, Keiken Zero na Ore ga, Otsukiai suru Hanashi.",Флагманы,Light novel,Дебют
53012,7,0.6538,Human Bug Daigaku,Остальные,Web manga,Дебют
53026,7,0.676,Synduality: Noir,Остальные,Mixed media,Дебют
53033,7,0.6643,Mecha-ude (TV),Остальные,Original,Дебют
53040,7,0.8358,Kanojo mo Kanojo Season 2,Надёжный просмотр,Manga,Продолжение
53050,7,0.8662,"Kanojo, Okarishimasu 3rd Season",Надёжный просмотр,Manga,Продолжение
53065,7,0.774,Sono Bisque Doll wa Koi wo Suru Season 2,Нишевые любимчики,Manga,Продолжение
53077,7,0.8276,Nijiyon Animation,Остальные,4-koma manga,Дебют
53097,7,0.8152,Tokyo Mew Mew New ♡ 2nd Season,Остальные,Manga,Продолжение
53132,7,0.6692,UniteUp!,Нишевые любимчики,Music,Дебют
53162,7,0.7131,Majutsushi Orphen Hagure Tabi: Urbanrama-hen,Остальные,Light novel,Продолжение
53163,7,0.6568,Kawaisugi Crisis,Остальные,Manga,Дебют
53179,7,0.605,Ars no Kyojuu,Остальные,Original,Дебют
53199,7,0.9006,Kidou Senshi Gundam: Suisei no Majo Season 2,Флагманы,Original,Продолжение
53200,7,0.8199,Hataraku Maou-sama!! 2nd Season,Остальные,Light novel,Продолжение
53213,7,0.658,Revenger,Остальные,Original,Дебют
53237,7,0.6452,Shy,Остальные,Manga,Дебют
53262,7,0.6641,Hoshikuzu Telepath,Нишевые любимчики,4-koma manga,Дебют
53263,7,0.8648,"Seija Musou: Salaryman, Isekai de Ikinokoru Tame ni Ayumu Michi",Надёжный просмотр,Light novel,Дебют
53287,7,0.8481,Love Live! Superstar!! 3rd Season,Нишевые любимчики,Other,Продолжение
53356,7,0.7596,Shuumatsu Train Doko e Iku?,Остальные,Original,Дебют
53379,7,0.7282,Uchi no Kaisha no Chiisai Senpai no Hanashi,Остальные,Web manga,Дебют
53397,7,0.7518,Tsuyokute New Saga,Остальные,Light novel,Дебют
53407,7,0.7293,Bartender: Kami no Glass,Остальные,Manga,Дебют
53410,7,0.8135,Yuru Camp△ Season 3,Нишевые любимчики,Manga,Продолжение
53411,7,0.8255,Buddy Daddies,Флагманы,Original,Дебют
53421,7,0.8049,Dosanko Gal wa Namara Menkoi,Надёжный просмотр,Manga,Дебют
53426,7,0.7849,Hyakushou Kizoku,Остальные,Manga,Дебют
53428,7,0.5974,Ayaka,Остальные,Original,Дебют
53434,7,0.8606,"Maou no Ore ga Dorei Elf wo Yome ni Shitanda ga, Dou Medereba Ii?",Надёжный просмотр,Light novel,Дебют
53438,7,0.847,Higeki no Genkyou to Naru Saikyou Gedou Last Boss Joou wa Tami no Tame ni Tsukushimasu.,Надёжный просмотр,Light novel,Дебют
53439,7,0.8632,Boushoku no Berserk,Надёжный просмотр,Light novel,Дебют
53446,7,0.8892,Tondemo Skill de Isekai Hourou Meshi,Флагманы,Light novel,Дебют
53488,7,0.7549,"Shin no Nakama ja Nai to Yuusha no Party wo Oidasareta node, Henkyou de Slow Life suru Koto ni Shimashita 2nd",Надёжный просмотр,Light novel,Продолжение
53516,7,0.8761,"Tensei shitara Dainana Ouji Datta node, Kimama ni Majutsu wo Kiwamemasu",Надёжный просмотр,Light novel,Дебют
53587,7,0.5088,The Marginal Service,Остальные,Original,Дебют
53590,7,0.8472,Saijaku Tamer wa Gomi Hiroi no Tabi wo Hajimemashita.,Надёжный просмотр,Light novel,Дебют
53613,7,0.8064,Dead Mount Death Play,Надёжный просмотр,Manga,Дебют
53632,7,0.8092,Yumemiru Danshi wa Genjitsushugisha,Надёжный просмотр,Light novel,Дебют
53633,7,0.6212,Bullbuster,Остальные,Mixed media,Дебют
53698,7,0.713,World Dai Star,Остальные,Mixed media,Дебют
53723,7,0.7125,Acro Trip,Остальные,Manga,Дебют
53730,7,0.8114,"Sokushi Cheat ga Saikyou sugite, Isekai no Yatsura ga Marude Aite ni Naranai n desu ga.",Надёжный просмотр,Light novel,Дебют
53770,7,0.7796,Sentai Daishikkaku,Остальные,Manga,Дебют
53787,7,0.6408,AI no Idenshi,Остальные,Manga,Дебют
53833,7,0.8196,Watashi no Oshi wa Akuyaku Reijou.,Флагманы,Light novel,Дебют
53835,7,0.6969,Unnamed Memory,Остальные,Light novel,Дебют
53887,7,0.8815,Spy x Family Season 2,Флагманы,Manga,Продолжение
53889,7,0.7779,Ao no Exorcist: Shimane Illuminati-hen,Остальные,Manga,Продолжение
53912,7,0.7259,Seiyuu Radio no Uraomote,Остальные,Light novel,Дебют
53924,7,0.7889,Jibaku Shounen Hanako-kun 2,Нишевые любимчики,Manga,Продолжение
54028,7,0.5426,Turkey!,Остальные,Original,Дебют
54103,7,0.7703,Hikikomari Kyuuketsuki no Monmon,Нишевые любимчики,Light novel,Дебют
54112,7,0.7851,Zom 100: Zombie ni Naru made ni Shitai 100 no Koto,Флагманы,Manga,Дебют
54199,7,0.6805,Kaii to Otome to Kamikakushi,Остальные,Web manga,Дебют
54233,7,0.6184,Sasayaku You ni Koi wo Utau,Нишевые любимчики,Manga,Дебют
54259,7,0.695,Rokudou no Onna-tachi,Остальные,Manga,Дебют
54265,7,0.7281,Kekkon Yubiwa Monogatari,Надёжный просмотр,Manga,Дебют
54275,7,0.7736,Temple,Остальные,Web manga,Дебют
54284,7,0.5964,VTuber Nandaga Haishin Kiri Wasuretara Densetsu ni Natteta,Остальные,Light novel,Дебют
54301,7,0.7302,Overtake!,Нишевые любимчики,Original,Дебют
54309,7,0.6401,Blue Archive the Animation,Нишевые любимчики,Game,Дебют
54362,7,0.7418,Hametsu no Oukoku,Остальные,Manga,Дебют
54431,7,0.7972,Toaru Ossan no VRMMO Katsudouki,Надёжный просмотр,Light novel,Дебют
54449,7,0.6278,Ishura,Остальные,Light novel,Дебют
54595,7,0.9158,Kage no Jitsuryokusha ni Naritakute! 2nd Season,Флагманы,Light novel,Продолжение
54616,7,0.8345,Potion-danomi de Ikinobimasu!,Надёжный просмотр,Light novel,Дебют
54617,7,0.6569,Kyuujitsu no Warumono-san,Остальные,Web manga,Дебют
54632,7,0.8654,Gekai Elise,Надёжный просмотр,Web manga,Дебют
54638,7,0.5785,Kawagoe Boys Sing,Остальные,Original,Дебют
54714,7,0.8277,Kimi no Koto ga Daidaidaidaidaisuki na 100-nin no Kanojo,Флагманы,Manga,Дебют
54716,7,0.6903,Kibou no Chikara: Otona Precure '23,Остальные,Original,Дебют
54717,7,0.7577,Mahoutsukai Precure!! Mirai Days,Остальные,Original,Продолжение
54724,7,0.7481,Nige Jouzu no Wakagimi,Остальные,Manga,Дебют
54726,7,0.7227,"Tsuma, Shougakusei ni Naru.",Остальные,Manga,Дебют
54738,7,0.7584,Majutsushi Orphen Hagure Tabi: Seiiki-hen,Остальные,Light novel,Продолжение
54743,7,0.8762,Dead Mount Death Play Part 2,Надёжный просмотр,Manga,Продолжение
54744,7,0.845,Tokidoki Bosotto Russia-go de Dereru Tonari no Alya-san,Флагманы,Light novel,Дебют
54758,7,0.7013,The iDOLM@STER Shiny Colors,Остальные,Game,Продолжение
54760,7,0.5986,Ryza no Atelier: Tokoyami no Joou to Himitsu no Kakurega,Остальные,Game,Дебют
54769,7,0.5192,Sousei no Aquarion: Myth of Emotions,Остальные,Original,Дебют
54798,7,0.5631,Kamierabi,Остальные,Original,Дебют
54837,7,0.9028,Akuyaku Reijou Level 99: Watashi wa Ura-Boss desu ga Maou dewa Arimasen,Надёжный просмотр,Light novel,Дебют
54839,7,0.7627,Yoru no Kurage wa Oyogenai,Нишевые любимчики,Original,Дебют
54842,7,0.8758,Sugar Apple Fairy Tale Part 2,Надёжный просмотр,Light novel,Продолжение
54852,7,0.871,Kikansha no Mahou wa Tokubetsu desu,Надёжный просмотр,Web manga,Дебют
54853,7,0.8127,Maou 2099,Надёжный просмотр,Light novel,Дебют
54855,7,0.6437,Senpai wa Otokonoko,Остальные,Web manga,Дебют
54859,7,0.5644,Rinkai!,Остальные,Mixed media,Дебют
54869,7,0.7932,High Card Season 2,Остальные,Mixed media,Продолжение
54883,7,0.8766,Mononogatari 2nd Season,Надёжный просмотр,Manga,Продолжение
54913,7,0.8607,"Shinmai Ossan Boukensha, Saikyou Party ni Shinu hodo Kitaerarete Muteki ni Naru.",Надёжный просмотр,Light novel,Дебют
54914,7,0.5337,Bikkurimen,Остальные,Other,Дебют
54947,7,0.8475,Spy Kyoushitsu 2nd Season,Остальные,Light novel,Продолжение
54968,7,0.72,Giji Harem,Нишевые любимчики,Web manga,Дебют
55129,7,0.711,Oroka na Tenshi wa Akuma to Odoru,Остальные,Manga,Дебют
55150,7,0.7985,Yarinaoshi Reijou wa Ryuutei Heika wo Kouryakuchuu,Надёжный просмотр,Light novel,Дебют
55153,7,0.7737,Yuzuki-san Chi no Yonkyoudai.,Остальные,Manga,Дебют
55265,7,0.8696,"Tensei Kizoku, Kantei Skill de Nariagaru",Надёжный просмотр,Light novel,Дебют
55310,7,0.7737,Atarashii Joushi wa Do Tennen,Нишевые любимчики,Web manga,Дебют
55358,7,0.7241,Bucchigiri?!,Остальные,Original,Дебют
55397,7,0.5869,Pon no Michi,Остальные,Original,Дебют
55514,7,0.6314,Zatsu Tabi: That's Journey,Остальные,Manga,Дебют
55528,7,0.7213,Yuuki Bakuhatsu Bang Bravern,Нишевые любимчики,Original,Дебют
55597,7,0.6819,Hananoi-kun to Koi no Yamai,Остальные,Manga,Дебют
55710,7,0.4234,Hana-Doll*: Reinterpretation of Flowering,Остальные,Mixed media,Дебют
55717,7,0.6193,Dekisokonai to Yobareta Motoeiyuu wa Jikka kara Tsuihou sareta node Sukikatte ni Ikiru Koto ni Shita,Остальные,Light novel,Дебют
55742,7,0.8919,Mahoutsukai no Yome Season 2 Part 2,Остальные,Manga,Продолжение
55749,7,0.8385,Megami no Café Terrace 2nd Season,Остальные,Manga,Продолжение
55774,7,0.6609,"Himesama ""Goumon"" no Jikan desu",Остальные,Manga,Дебют
55775,7,0.7809,Kizuna no Allele Season 2,Остальные,Original,Продолжение
55813,7,0.9026,Mashle: Shinkakusha Kouho Senbatsu Shiken-hen,Надёжный просмотр,Manga,Продолжение
55823,7,0.8036,Natsume Yuujinchou Shichi,Нишевые любимчики,Manga,Продолжение
55842,7,0.6648,Okinawa de Suki ni Natta Ko ga Hougen Sugite Tsurasugiru,Остальные,Web manga,Дебют
55844,7,0.706,Tasogare Out Focus,Нишевые любимчики,Manga,Дебют
55866,7,0.7979,Yubisaki to Renren,Флагманы,Manga,Дебют
55877,7,0.7686,Henjin no Salad Bowl,Остальные,Light novel,Дебют
55887,7,0.7721,"Kekkon suru tte, Hontou desu ka",Остальные,Manga,Дебют
55888,7,0.9252,Mushoku Tensei II: Isekai Ittara Honki Dasu Part 2,Флагманы,Light novel,Продолжение
55894,7,0.6572,Bokura no Ame-iro Protocol,Остальные,Original,Дебют
55973,7,0.8145,30-sai made Doutei dato Mahoutsukai ni Nareru Rashii,Флагманы,Manga,Дебют
55994,7,0.7663,Sword Art Online Alternative: Gun Gale Online II,Остальные,Light novel,Продолжение
55996,7,0.6699,Koi wa Futago de Warikirenai,Остальные,Light novel,Дебют
55997,7,0.7505,"Guild no Uketsukejou desu ga, Zangyou wa Iya nanode Boss wo Solo Toubatsu Shiyou to Omoimasu",Надёжный просмотр,Light novel,Дебют
55998,7,0.6076,Momochi-san Chi no Ayakashi Ouji,Остальные,Manga,Дебют
56062,7,0.6975,Naze Boku no Sekai wo Daremo Oboeteinai no ka?,Остальные,Light novel,Дебют
56063,7,0.8333,NieR:Automata Ver1.1a Part 2,Остальные,Game,Продолжение
56135,7,0.6856,UniteUp! Uni:Birth,Нишевые любимчики,Music,Продолжение
56165,7,0.7628,Boukyaku Battery (TV),Нишевые любимчики,Manga,Дебют
56348,7,0.7408,Dungeon no Naka no Hito,Остальные,Web manga,Дебют
56352,7,0.8726,"Loop 7-kaime no Akuyaku Reijou wa, Moto Tekikoku de Jiyuu Kimama na Hanayome Seikatsu wo Mankitsu suru",Флагманы,Light novel,Дебют
56400,7,0.7361,"Maou-sama, Retry! R",Остальные,Web manga,Продолжение
56449,7,0.755,Madougushi Dahliya wa Utsumukanai,Остальные,Light novel,Дебют
56461,7,0.5753,Hamidashi Creative,Остальные,Visual novel,Дебют
56690,7,0.8271,Re:Monster,Надёжный просмотр,Light novel,Дебют
56691,7,0.4669,Gekkan Mousou Kagaku,Остальные,Original,Дебют
56700,7,0.7131,Jidou Hanbaiki ni Umarekawatta Ore wa Meikyuu wo Samayou 2nd Season,Остальные,Light novel,Продолжение
56731,7,0.8249,Synduality: Noir Part 2,Остальные,Mixed media,Продолжение
56738,7,0.8811,Shinigami Bocchan to Kuro Maid 3rd Season,Остальные,Web manga,Продолжение
56768,7,0.7065,"Tadaima, Okaeri",Нишевые любимчики,Manga,Дебют
56838,7,0.7596,"One Room, Hiatari Futsuu, Tenshi-tsuki.",Остальные,Manga,Дебют
56843,7,0.7677,Goukon ni Ittara Onna ga Inakatta Hanashi,Нишевые любимчики,Web manga,Дебют
56845,7,0.7331,"Saikyou Tank no Meikyuu Kouryaku: Tairyoku 9999 no Rare Skill-mochi Tank, Yuusha Party wo Tsuihou sareru",Надёжный просмотр,Manga,Дебют
56907,7,0.7033,Koujo Denka no Kateikyoushi,Остальные,Light novel,Дебют
56923,7,0.8677,Lv2 kara Cheat datta Motoyuusha Kouho no Mattari Isekai Life,Надёжный просмотр,Light novel,Дебют
56964,7,0.734,Raise wa Tanin ga Ii,Остальные,Manga,Дебют
56967,7,0.7542,Kamierabi 2nd Season,Остальные,Original,Продолжение
57031,7,0.6795,Vampire Dormitory,Остальные,Manga,Дебют
57050,7,0.5753,Kisaki Kyouiku kara Nigetai Watashi,Остальные,Manga,Дебют
57058,7,0.8403,"Ore wa Subete wo ""Parry"" suru: Gyaku Kanchigai no Sekai Saikyou wa Boukensha ni Naritai",Надёжный просмотр,Light novel,Дебют
57099,7,0.5864,Na Nare Hana Nare,Остальные,Original,Дебют
57100,7,0.8525,The New Gate,Надёжный просмотр,Light novel,Дебют
57152,7,0.4069,Mahoutsukai no Yakusoku,Остальные,Game,Дебют
57217,7,0.7609,Katsute Mahou Shoujo to Aku wa Tekitai shiteita.,Остальные,Manga,Дебют
57315,7,0.6943,"Meitou ""Isekai no Yu"" Kaitakuki: Around 40 Onsen Mania no Tensei Saki wa, Nonbiri Onsen Tengoku deshita",Остальные,Light novel,Дебют
57325,7,0.6868,Ramen Akaneko,Остальные,Manga,Дебют
57334,7,0.8789,Dandadan,Флагманы,Manga,Дебют
57360,7,0.7007,Kabushikigaisha Magi-Lumière,Остальные,Manga,Дебют
57362,7,0.7492,Hoshifuru Oukoku no Nina,Нишевые любимчики,Manga,Дебют
57380,7,0.779,Isekai Yururi Kikou: Kosodateshinagara Boukensha Shimasu,Надёжный просмотр,Light novel,Дебют
57391,7,0.6659,Astro Note,Остальные,Original,Дебют
57517,7,0.6315,Puniru wa Kawaii Slime,Остальные,Manga,Дебют
57524,7,0.8603,Make Heroine ga Oosugiru!,Флагманы,Light novel,Дебют
57559,7,0.8968,MF Ghost 2nd Season,Надёжный просмотр,Manga,Продолжение
57562,7,,Hyakushou Kizoku 2nd Season,Остальные,Manga,Продолжение
57567,7,0.7988,Shy 2nd Season,Остальные,Manga,Продолжение
57592,7,0.896,Dr. Stone: Science Future,Надёжный просмотр,Manga,Продолжение
57611,7,0.7018,Kimi wa Meido-sama.,Остальные,Web manga,Дебют
57616,7,0.8502,Kimi no Koto ga Daidaidaidaidaisuki na 100-nin no Kanojo 2nd Season,Нишевые любимчики,Manga,Продолжение
57623,7,0.8801,Nijiyon Animation 2,Остальные,4-koma manga,Продолжение
57646,7,0.7428,Mob kara Hajimaru Tansaku Eiyuutan,Надёжный просмотр,Light novel,Дебют
57648,7,0.7607,Nihon e Youkoso Elf-san.,Остальные,Light novel,Дебют
57719,7,0.7957,Akuyaku Reijou Tensei Ojisan,Надёжный просмотр,Manga,Дебют
57820,7,0.4565,Kamitsubaki-shi Kensetsuchuu.,Остальные,Other,Дебют
57845,7,0.6439,Elf-san wa Yaserarenai.,Остальные,Web manga,Дебют
57876,7,0.7321,Maougun Saikyou no Majutsushi wa Ningen datta,Надёжный просмотр,Manga,Дебют
57891,7,0.816,Hitoribocchi no Isekai Kouryaku,Надёжный просмотр,Light novel,Дебют
57892,7,0.8468,"Hazurewaku no ""Joutai Ijou Skill"" de Saikyou ni Natta Ore ga Subete wo Juurin suru made",Надёжный просмотр,Light novel,Дебют
57907,7,0.7844,Tate no Yuusha no Nariagari Season 4,Остальные,Light novel,Продолжение
57944,7,0.7442,"Party kara Tsuihou sareta Sono Chiyushi, Jitsu wa Saikyou ni Tsuki",Надёжный просмотр,Light novel,Дебют
57947,7,0.6998,Mayonaka Punch,Остальные,Original,Дебют
58059,7,0.8579,Tsue to Tsurugi no Wistoria,Надёжный просмотр,Manga,Дебют
58066,7,0.689,Sorairo Utility (TV),Остальные,Original,Дебют
58080,7,0.7774,Kenka Dokugaku,Надёжный просмотр,Web manga,Дебют
58131,7,0.7878,Shiunji-ke no Kodomotachi,Остальные,Manga,Дебют
58173,7,0.6255,Mahoutsukai ni Narenakatta Onnanoko no Hanashi,Остальные,Novel,Дебют
58197,7,0.4642,Nyaight of the Living Cat,Остальные,Manga,Дебют
58216,7,0.5999,Übel Blatt,Остальные,Manga,Дебют
58259,7,0.5521,"Douse, Koishite Shimaunda.",Остальные,Manga,Дебют
58265,7,0.6293,Babanbabanban Vampire,Остальные,Manga,Дебют
58271,7,0.7129,Honey Lemon Soda,Остальные,Manga,Дебют
58272,7,0.6822,Boku no Tsuma wa Kanjou ga Nai,Остальные,Manga,Дебют
58302,7,0.7871,The iDOLM@STER Shiny Colors 2nd Season,Остальные,Game,Продолжение
58359,7,0.8093,"Isshun de Chiryou shiteita noni Yakutatazu to Tsuihou sareta Tensai Chiyushi, Yami Healer toshite Tanoshiku Ikiru",Надёжный просмотр,Light novel,Дебют
58390,7,0.7111,Yofukashi no Uta Season 2,Нишевые любимчики,Manga,Продолжение
58426,7,0.5863,Shikanoko Nokonoko Koshitantan,Нишевые любимчики,Manga,Дебют
58437,7,0.7934,"Botsuraku Yotei no Kizoku dakedo, Hima Datta kara Mahou wo Kiwametemita",Надёжный просмотр,Light novel,Дебют
58445,7,0.7585,"Sayounara Ryuusei, Konnichiwa Jinsei",Надёжный просмотр,Light novel,Дебют
58473,7,0.6839,"S-Rank Monster no ""Behemoth"" dakedo, Neko to Machigawarete Elf Musume no Pet toshite Kurashitemasu",Остальные,Manga,Дебют
58484,7,0.8142,Ishura 2nd Season,Остальные,Light novel,Продолжение
58492,7,0.7284,Mono,Остальные,4-koma manga,Дебют
58502,7,0.7307,Zenshuu.,Нишевые любимчики,Original,Дебют
58511,7,0.8276,Nanatsu no Taizai: Mokushiroku no Yonkishi 2nd Season,Остальные,Manga,Продолжение
58516,7,0.8523,Ao no Exorcist: Yuki no Hate-hen,Остальные,Manga,Продолжение
58600,7,0.6803,Ameku Takao no Suiri Karte,Остальные,Novel,Дебют
58614,7,0.7863,Teogonia,Остальные,Light novel,Дебют
58714,7,0.8527,"Saikyou no Shienshoku ""Wajutsushi"" de Aru Ore wa Sekai Saikyou Clan wo Shitagaeru",Надёжный просмотр,Light novel,Дебют
58725,7,0.7341,Ninja to Koroshiya no Futarigurashi,Остальные,Manga,Дебют
58822,7,0.8586,Izure Saikyou no Renkinjutsushi?,Надёжный просмотр,Light novel,Дебют
58833,7,0.6071,Kakushite! Makina-san!!,Остальные,Manga,Дебют
58853,7,0.7096,Kuroiwa Medaka ni Watashi no Kawaii ga Tsuujinai,Остальные,Manga,Дебют
58854,7,0.6224,Kinoko Inu,Остальные,Manga,Дебют
58913,7,0.5825,Hikaru ga Shinda Natsu,Нишевые любимчики,Web manga,Дебют
58926,7,0.6343,Egumi Legacy,Остальные,Card game,Дебют
58985,7,,0-saiji Start Dash Monogatari,Остальные,Manga,Дебют
59002,7,0.7119,"Hazure Skill ""Kinomi Master"": Skill no Mi (Tabetara Shinu) wo Mugen ni Taberareru You ni Natta Ken ni Tsuite",Надёжный просмотр,Manga,Дебют
59055,7,0.6623,"Hana wa Saku, Shura no Gotoku",Остальные,Manga,Дебют
59095,7,0.8442,"Tensei shitara Dainana Ouji Datta node, Kimama ni Majutsu wo Kiwamemasu 2nd Season",Остальные,Light novel,Продолжение
59113,7,0.5044,Farmagia,Остальные,Game,Дебют
59131,7,0.851,"Tensei Kizoku, Kantei Skill de Nariagaru 2nd Season",Надёжный просмотр,Light novel,Продолжение
59135,7,0.783,Class no Daikirai na Joshi to Kekkon suru Koto ni Natta.,Надёжный просмотр,Light novel,Дебют
59136,7,0.69,Tasokare Hotel,Остальные,Game,Дебют
59142,7,0.7684,Unnamed Memory Act.2,Остальные,Light novel,Продолжение
59144,7,0.7672,"Fuguushoku ""Kanteishi"" ga Jitsu wa Saikyou Datta",Надёжный просмотр,Light novel,Дебют
59145,7,0.8252,Ranma ½ (2024),Флагманы,Manga,Дебют
59160,7,0.8109,Wind Breaker Season 2,Надёжный просмотр,Web manga,Продолжение
59161,7,0.6162,Bad Girl,Остальные,4-koma manga,Дебют
59169,7,0.6661,Aru Majo ga Shinu Made,Остальные,Light novel,Дебют
59189,7,0.8142,Sentai Daishikkaku 2nd Season,Остальные,Manga,Продолжение
59205,7,0.7983,Clevatess: Majuu no Ou to Akago to Shikabane no Yuusha,Остальные,Web manga,Дебют
59207,7,0.7959,"Mikadono Sanshimai wa Angai, Choroi.",Остальные,Manga,Дебют
59226,7,0.8798,Ao no Exorcist: Yosuga-hen,Остальные,Manga,Продолжение
59265,7,0.7971,Magic Maker: Isekai Mahou no Tsukurikata,Надёжный просмотр,Light novel,Дебют
59277,7,0.7079,"Kanojo, Okarishimasu 4th Season",Остальные,Manga,Продолжение
59322,7,0.7845,Shirobuta Kizoku desu ga Zense no Kioku ga Haeta node Hiyoko na Otouto Sodatemasu,Надёжный просмотр,Light novel,Дебют
59349,7,0.7396,Salaryman ga Isekai ni Ittara Shitennou ni Natta Hanashi,Надёжный просмотр,Web manga,Дебют
59361,7,0.6854,Kono Kaisha ni Suki na Hito ga Imasu,Остальные,Manga,Дебют
59402,7,0.7134,Kakkou no Iinazuke Season 2,Остальные,Manga,Продолжение
59421,7,0.7706,Zutaboro Reijou wa Ane no Moto Konyakusha ni Dekiai sareru,Остальные,Light novel,Дебют
59424,7,0.7643,"Yuusha Party wo Tsuihou sareta Shiromadoushi, S-Rank Boukensha ni Hirowareru: Kono Shiromadoushi ga Kikakugai Sugiru",Остальные,Manga,Дебют
59425,7,0.72,NegaPosi Angler,Остальные,Original,Дебют
59452,7,0.7926,"Katainaka no Ossan, Kensei ni Naru",Надёжный просмотр,Light novel,Дебют
59457,7,0.5864,"Haite Kudasai, Takamine-san",Нишевые любимчики,Manga,Дебют
59466,7,0.7735,Aharen-san wa Hakarenai Season 2,Остальные,Manga,Продолжение
59514,7,0.6718,Sentai Red Isekai de Boukensha ni Naru,Остальные,Manga,Дебют
59619,7,0.607,Ame to Kimi to,Остальные,Manga,Дебют
59632,7,0.6248,Mattaku Saikin no Tantei to Kitara,Остальные,Manga,Дебют
59675,7,0.7297,Apocalypse Hotel,Нишевые любимчики,Original,Дебют
59689,7,0.6142,Game Center Shoujo to Ibunka Kouryuu,Остальные,Web manga,Дебют
59744,7,0.5984,Maebashi Witches,Остальные,Original,Дебют
59745,7,0.6181,Chotto dake Ai ga Omoi Dark Elf ga Isekai kara Oikaketekita,Остальные,Web manga,Дебют
59828,7,0.8505,Shoushimin Series 2nd Season,Нишевые любимчики,Novel,Продолжение
59935,7,0.7499,Gorilla no Kami kara Kago sareta Reijou wa Ouritsu Kishidan de Kawaigarareru,Надёжный просмотр,Web manga,Дебют
59961,7,0.5747,Kizu darake Seijo yori Houfuku wo Komete,Остальные,Web manga,Дебют
59986,7,0.7504,Grand Blue Season 2,Нишевые любимчики,Manga,Продолжение
60009,7,0.6205,Chuuzenji-sensei Mononoke Kougiroku: Sensei ga Nazo wo Hodoite Shimau kara.,Остальные,Manga,Дебют
60140,7,0.8203,"Kanchigai no Atelier Meister: Eiyuu Party no Moto Zatsuyougakari ga, Jitsu wa Sentou Igai ga SSS Rank Datta to Iu Yoku Aru Hanashi",Надёжный просмотр,Light novel,Дебют
60146,7,0.71,"Saikyou no Ousama, Nidome no Jinsei wa Nani wo Suru?",Флагманы,Other,Дебют
60154,7,0.7938,Ore wa Seikan Kokka no Akutoku Ryoushu!,Надёжный просмотр,Light novel,Дебют
60157,7,0.8425,Kanpekisugite Kawaige ga Nai to Konyaku Haki sareta Seijo wa Ringoku ni Urareru,Надёжный просмотр,Light novel,Дебют
60293,7,0.7135,Ballpark de Tsukamaete!,Остальные,Manga,Дебют
60315,7,0.5348,Dekin no Mogura,Остальные,Manga,Дебют
60316,7,0.6972,Busamen Gachi Fighter,Остальные,Manga,Дебют
60326,7,0.6851,"Watashi ga Koibito ni Nareru Wake Nai jan, Muri Muri! (※Muri ja Nakatta!?)",Нишевые любимчики,Light novel,Дебют
60377,7,0.6018,Nazotoki wa Dinner no Ato de,Остальные,Novel,Дебют
60425,7,0.7626,0-saiji Start Dash Monogatari Season 2,Остальные,Manga,Продолжение
60449,7,0.7186,Kidou Senshi Gundam: GQuuuuuuX,Остальные,Original,Дебют
60505,7,0.5194,Necronomico no Cosmic Horror Show,Остальные,Original,Дебют
60523,7,0.7712,Tsuihousha Shokudou e Youkoso!,Остальные,Light novel,Дебют
60543,7,0.8091,Dandadan 2nd Season,Нишевые любимчики,Manga,Продолжение
60603,7,0.7509,Puniru wa Kawaii Slime 2nd Season,Остальные,Manga,Продолжение
60658,7,0.7462,Hibi wa Sugiredo Meshi Umashi,Нишевые любимчики,Original,Дебют
60697,7,0.6462,Fermat no Ryouri,Остальные,Manga,Дебют
60732,7,0.8068,Mizu Zokusei no Mahoutsukai,Остальные,Light novel,Дебют
60951,7,0.6407,Kizetsu Yuusha to Ansatsu Hime,Остальные,Manga,Дебют
61150,7,0.6089,Onmyou Kaiten Re:Birth,Остальные,Original,Дебют
61239,7,0.4098,Binan Koukou Chikyuu Bouei-bu Haikara!,Остальные,Original,Дебют
61274,7,0.7459,Ginga Tokkyuu Milky☆Subway,Остальные,Original,Дебют
61322,7,0.8625,Dr. Stone: Science Future Part 2,Остальные,Manga,Продолжение
61339,7,0.7614,Jibaku Shounen Hanako-kun 2 Part 2,Остальные,Manga,Продолжение
61410,7,0.6529,Chotto dake Ai ga Omoi Dark Elf ga Isekai kara Oikaketekita Mini Anime Gekijou,Остальные,Web manga,Дебют
32455,8,0.6323,Gekidol: Actidol Project,Остальные,Original,Дебют
35252,8,0.6049,Hatena☆Illusion,Остальные,Light novel,Дебют
35335,8,0.6941,Musashino!,Остальные,Original,Дебют
36458,8,0.5832,Soukou Musume Senki,Остальные,Game,Дебют
37587,8,0.6989,Lapis Re:LiGHTs,Остальные,Mixed media,Дебют
37599,8,0.6824,Magatsu Wahrheit: Zuerst,Остальные,Game,Дебют
37890,8,0.8053,Oshi ga Budoukan Ittekuretara Shinu,Нишевые любимчики,Manga,Дебют
38005,8,0.827,Strike Witches: Road to Berlin,Остальные,Original,Продолжение
38006,8,0.6416,Renmei Kuugun Koukuu Mahou Ongakutai Luminous Witches,Остальные,Original,Дебют
38192,8,0.6511,Sakugan,Остальные,Novel,Дебют
38302,8,0.6801,Boku no Tonari ni Ankoku Hakaishin ga Imasu.,Остальные,Manga,Дебют
38337,8,0.8594,Gochuumon wa Usagi desu ka? Bloom,Нишевые любимчики,4-koma manga,Продолжение
38440,8,0.5471,Shikizakura,Остальные,Original,Дебют
38476,8,0.9075,Heya Camp△,Надёжный просмотр,Manga,Дебют
38555,8,0.8865,Otome Game no Hametsu Flag shika Nai Akuyaku Reijou ni Tensei shiteshimatta...,Флагманы,Light novel,Дебют
38668,8,0.8645,Dorohedoro,Флагманы,Manga,Дебют
38790,8,0.8714,Itai no wa Iya nanode Bougyoryoku ni Kyokufuri Shitai to Omoimasu.,Флагманы,Light novel,Дебют
38830,8,0.8738,"Hachi-nan tte, Sore wa Nai deshou!",Надёжный просмотр,Light novel,Дебют
38835,8,0.873,Umayon,Надёжный просмотр,4-koma manga,Дебют
38843,8,0.7858,Shironeko Project: Zero Chronicle,Надёжный просмотр,Game,Дебют
38853,8,0.3929,Ex-Arm,Остальные,Manga,Дебют
38924,8,0.7262,Nekopara,Остальные,Visual novel,Дебют
38992,8,0.7762,Rikei ga Koi ni Ochita no de Shoumei shitemita.,Остальные,Web manga,Дебют
39017,8,0.8094,Kyokou Suiri,Надёжный просмотр,Manga,Дебют
39184,8,0.7223,A3! Season Spring & Summer,Нишевые любимчики,Game,Дебют
39247,8,0.9029,Kobayashi-san Chi no Maid Dragon S,Флагманы,Manga,Продолжение
39388,8,0.7005,Koisuru Asteroid,Остальные,4-koma manga,Дебют
39469,8,0.8413,Tsugu Tsugumomo,Остальные,Manga,Дебют
39531,8,0.749,Kuutei Dragons,Остальные,Manga,Дебют
39534,8,0.8092,Jibaku Shounen Hanako-kun,Флагманы,Manga,Дебют
39547,8,0.9077,Yahari Ore no Seishun Love Comedy wa Machigatteiru. Kan,Флагманы,Light novel,Продолжение
39551,8,0.95,Tensei shitara Slime Datta Ken 2nd Season,Флагманы,Manga,Продолжение
39575,8,0.7599,Somali to Mori no Kamisama,Остальные,Web manga,Дебют
39582,8,0.6246,Kitsutsuki Tanteidokoro,Остальные,Novel,Дебют
39583,8,0.7222,number24,Остальные,Original,Дебют
39609,8,0.736,Ochikobore Fruit Tart,Остальные,4-koma manga,Дебют
39710,8,0.8171,Yesterday wo Utatte,Остальные,Manga,Дебют
39725,8,0.6437,I★Chu: Halfway Through the Idol,Нишевые любимчики,Game,Дебют
39730,8,0.787,Houkago Teibou Nisshi,Остальные,Manga,Дебют
39783,8,0.938,5-toubun no Hanayome ∬,Флагманы,Manga,Продолжение
39790,8,0.7778,Adachi to Shimamura,Нишевые любимчики,Light novel,Дебют
39792,8,0.7456,Eizouken ni wa Te wo Dasu na!,Нишевые любимчики,Manga,Дебют
39808,8,0.8821,Non Non Biyori Nonstop,Нишевые любимчики,Manga,Продолжение
39893,8,0.5781,Muteking the Dancing Hero,Остальные,Original,Дебют
39917,8,0.438,Sabiiro no Armor: Reimei,Остальные,Mixed media,Дебют
39948,8,0.8077,Muhyo to Rouji no Mahouritsu Soudan Jimusho 2nd Season,Остальные,Manga,Продолжение
39960,8,0.8921,Yatogame-chan Kansatsu Nikki Nisatsume,Надёжный просмотр,4-koma manga,Продолжение
39966,8,0.6004,Tamayomi,Остальные,Manga,Дебют
39988,8,0.9291,Isekai Quartet 2,Надёжный просмотр,Original,Продолжение
40010,8,0.8004,Ishuzoku Reviewers,Флагманы,Web manga,Дебют
40056,8,0.7868,Deca-Dence,Надёжный просмотр,Original,Дебют
40059,8,0.9273,Golden Kamuy 3rd Season,Флагманы,Manga,Продолжение
40060,8,0.8604,BNA,Флагманы,Original,Дебют
40074,8,0.4828,Gibiate,Остальные,Original,Дебют
40075,8,0.6681,Koi to Producer: EVOLxLOVE,Остальные,Game,Дебют
40085,8,0.5783,Maesetsu!,Остальные,Original,Дебют
40128,8,0.7896,Arte,Остальные,Manga,Дебют
40136,8,0.6329,Oda Cinnamon Nobunaga,Остальные,Manga,Дебют
40148,8,0.7309,22/7,Остальные,Other,Дебют
40165,8,0.5201,Listeners,Остальные,Original,Дебют
40174,8,0.8492,Zombieland Saga Revenge,Нишевые любимчики,Original,Продолжение
40230,8,0.7425,Housekishou Richard-shi no Nazo Kantei,Остальные,Novel,Дебют
40272,8,0.8575,A3! Season Autumn & Winter,Нишевые любимчики,Game,Дебют
40357,8,0.8707,Tate no Yuusha no Nariagari Season 3,Нишевые любимчики,Light novel,Продолжение
40358,8,0.5072,Gal to Kyouryuu,Остальные,Manga,Дебют
40359,8,0.6791,Ikebukuro West Gate Park,Остальные,Novel,Дебют
40392,8,0.8236,Runway de Waratte,Остальные,Manga,Дебют
40397,8,0.8162,Maoujou de Oyasumi,Флагманы,Manga,Дебют
40403,8,0.5768,Shin Sakura Taisen the Animation,Остальные,Game,Дебют
40436,8,0.7478,Peter Grill to Kenja no Jikan,Надёжный просмотр,Manga,Дебют
40454,8,0.9057,Dungeon ni Deai wo Motomeru no wa Machigatteiru Darou ka III,Надёжный просмотр,Light novel,Продолжение
40483,8,0.8484,Murenase! Seton Gakuen,Надёжный просмотр,Web manga,Дебют
40488,8,0.5736,Futsal Boys!!!!!,Нишевые любимчики,Mixed media,Дебют
40507,8,0.8672,Arifureta Shokugyou de Sekai Saikyou 2nd Season,Флагманы,Light novel,Продолжение
40513,8,0.7555,Nami yo Kiitekure,Остальные,Manga,Дебют
40526,8,0.6243,"Dragon, Ie wo Kau.",Остальные,Manga,Дебют
40529,8,0.8525,No Guns Life 2nd Season,Остальные,Manga,Продолжение
40530,8,0.8527,Jaku-Chara Tomozaki-kun,Надёжный просмотр,Light novel,Дебют
40550,8,0.6841,Assault Lily: Bouquet,Остальные,Mixed media,Дебют
40571,8,0.8267,Majo no Tabitabi,Флагманы,Light novel,Дебют
40586,8,0.7892,"Slime Taoshite 300-nen, Shiranai Uchi ni Level Max ni Nattemashita",Надёжный просмотр,Light novel,Дебют
40591,8,0.9507,Kaguya-sama wa Kokurasetai? Tensai-tachi no Renai Zunousen,Флагманы,Manga,Продолжение
40594,8,0.8174,Tatoeba Last Dungeon Mae no Mura no Shounen ga Joban no Machi de Kurasu Youna Monogatari,Надёжный просмотр,Light novel,Дебют
40595,8,0.7987,"Kimi to Boku no Saigo no Senjou, Aruiwa Sekai ga Hajimaru Seisen",Надёжный просмотр,Light novel,Дебют
40608,8,0.649,Muv-Luv Alternative,Остальные,Visual novel,Дебют
40623,8,0.6849,Dokyuu Hentai HxEros,Остальные,Manga,Дебют
40679,8,0.6789,2.43: Seiin Koukou Danshi Volley-bu,Остальные,Novel,Дебют
40685,8,0.7619,Super Cub,Нишевые любимчики,Light novel,Дебют
40708,8,0.784,Monster Musume no Oishasan,Надёжный просмотр,Light novel,Дебют
40716,8,0.8209,Kakushigoto,Нишевые любимчики,Manga,Дебют
40738,8,0.7473,Natsunagu!,Остальные,Original,Дебют
40750,8,0.8184,Kaifuku Jutsushi no Yarinaoshi,Флагманы,Light novel,Дебют
40752,8,0.6559,Bishounen Tanteidan,Остальные,Novel,Дебют
40763,8,0.7714,Show By Rock!! Mashumairesh!!,Остальные,Game,Продолжение
40776,8,0.9551,Haikyuu!! To the Top Part 2,Флагманы,Manga,Продолжение
40783,8,0.6704,"Shachou, Battle no Jikan desu!",Остальные,Game,Дебют
40786,8,0.6791,Skate-Leading☆Stars,Остальные,Original,Дебют
40815,8,0.9396,Honzuki no Gekokujou: Shisho ni Naru Tame ni wa Shudan wo Erandeiraremasen 2nd Season,Надёжный просмотр,Light novel,Продолжение
40839,8,0.8924,"Kanojo, Okarishimasu",Флагманы,Manga,Дебют
40842,8,0.7379,Idoly Pride,Нишевые любимчики,Mixed media,Дебют
40870,8,0.7787,SSSS.Dynazenon,Нишевые любимчики,Original,Дебют
40904,8,0.8292,Bokutachi no Remake,Флагманы,Light novel,Дебют
40907,8,0.9071,World Trigger 2nd Season,Остальные,Manga,Продолжение
40908,8,0.829,Kemono Jihen,Надёжный просмотр,Manga,Дебют
40930,8,0.8513,Azur Lane: Bisoku Zenshin!,Остальные,4-koma manga,Продолжение
40935,8,0.9097,Beastars 2nd Season,Надёжный просмотр,Manga,Продолжение
40957,8,0.8019,Shin Chuuka Ichiban! 2nd Season,Остальные,Manga,Продолжение
40958,8,0.69,Rail Romanesque,Остальные,Visual novel,Дебют
40960,8,0.7146,Cheat Kusushi no Slow Life: Isekai ni Tsukurou Drugstore,Остальные,Light novel,Дебют
40961,8,0.628,Hortensia Saga,Остальные,Game,Дебют
40974,8,0.8437,Kuma Kuma Kuma Bear,Надёжный просмотр,Light novel,Дебют
40995,8,0.7179,Hentatsu (TV),Остальные,Original,Дебют
41084,8,0.9007,Made in Abyss: Retsujitsu no Ougonkyou,Флагманы,Web manga,Продолжение
41103,8,0.8114,Koi to Yobu ni wa Kimochi Warui,Флагманы,Web manga,Дебют
41109,8,0.8024,Log Horizon: Entaku Houkai,Остальные,Light novel,Продолжение
41169,8,0.8424,Love Live! Superstar!!,Нишевые любимчики,Other,Дебют
41226,8,0.8484,Uzaki-chan wa Asobitai!,Надёжный просмотр,Web manga,Дебют
41312,8,0.8698,Kami-tachi ni Hirowareta Otoko,Надёжный просмотр,Light novel,Дебют
41364,8,0.8968,One Room: Third Season,Остальные,Original,Продолжение
41372,8,0.6286,Senyoku no Sigrdrifa,Остальные,Original,Дебют
41380,8,0.8256,100-man no Inochi no Ue ni Ore wa Tatteiru,Надёжный просмотр,Manga,Дебют
41389,8,0.8779,Tonikaku Kawaii,Флагманы,Manga,Дебют
41392,8,0.6685,Urasekai Picnic,Остальные,Novel,Дебют
41433,8,0.8582,Akudama Drive,Флагманы,Original,Дебют
41456,8,0.8169,"Sentouin, Haken shimasu!",Надёжный просмотр,Light novel,Дебют
41461,8,0.8701,Date A Live IV,Нишевые любимчики,Light novel,Продолжение
41487,8,0.9527,Tensei shitara Slime Datta Ken 2nd Season Part 2,Флагманы,Manga,Продолжение
41488,8,0.8488,Tensura Nikki: Tensei shitara Slime Datta Ken,Флагманы,Manga,Дебют
41514,8,0.8,Itai no wa Iya nanode Bougyoryoku ni Kyokufuri Shitai to Omoimasu. 2,Остальные,Light novel,Продолжение
41520,8,0.8252,Show by Rock!! Stars!!,Остальные,Game,Продолжение
41521,8,0.651,WIXOSS Diva(A)Live,Остальные,Card game,Дебют
41556,8,0.5749,Maiko-san Chi no Makanai-san,Остальные,Manga,Дебют
41574,8,0.7978,Guraburu!,Остальные,4-koma manga,Дебют
41589,8,0.6442,Tokyo Mew Mew New ♡,Нишевые любимчики,Manga,Дебют
41762,8,0.7181,Tenchi Souzou Design-bu,Остальные,Manga,Дебют
41783,8,0.6986,Iwa Kakeru! Sport Climbing Girls,Остальные,Web manga,Дебют
41833,8,0.7229,Kyuuketsuki Sugu Shinu,Нишевые любимчики,Manga,Дебют
41899,8,0.8515,Ore dake Haireru Kakushi Dungeon,Надёжный просмотр,Light novel,Дебют
41930,8,0.8131,Kamisama ni Natta Hi,Нишевые любимчики,Original,Дебют
42071,8,0.815,Yuuki Yuuna wa Yuusha de Aru Churutto!,Остальные,Game,Продолжение
42072,8,0.751,Kenja no Deshi wo Nanoru Kenja,Надёжный просмотр,Light novel,Дебют
42203,8,0.9268,Re:Zero kara Hajimeru Isekai Seikatsu 2nd Season Part 2,Флагманы,Light novel,Продолжение
42238,8,0.9421,Ani ni Tsukeru Kusuri wa Nai! 4,Надёжный просмотр,Web manga,Продолжение
42250,8,0.8741,Bungou Stray Dogs Wan!,Флагманы,Web manga,Продолжение
42282,8,0.8338,Otome Game no Hametsu Flag shika Nai Akuyaku Reijou ni Tensei shiteshimatta... X,Надёжный просмотр,Light novel,Продолжение
42307,8,0.6115,Subarashiki Kono Sekai The Animation,Остальные,Game,Дебют
42321,8,0.579,Battle Athletess Daiundoukai ReSTART!,Остальные,Original,Дебют
42340,8,0.8098,Meikyuu Black Company,Надёжный просмотр,Web manga,Дебют
42351,8,0.8594,Senpai ga Uzai Kouhai no Hanashi,Надёжный просмотр,Web manga,Дебют
42361,8,0.8356,"Ijiranaide, Nagatoro-san",Флагманы,Web manga,Дебют
42385,8,0.7407,The iDOLM@STER Million Live!,Остальные,Game,Продолжение
42395,8,0.744,Shakunetsu Kabaddi,Нишевые любимчики,Web manga,Дебют
42506,8,0.7705,World Witches Hasshin Shimasu!,Остальные,Original,Дебют
42516,8,0.6062,Cardfight!! Vanguard: overDress,Остальные,Original,Дебют
42544,8,0.7657,Kaizoku Oujo,Нишевые любимчики,Original,Дебют
42568,8,0.6977,Yaku nara Mug Cup mo,Остальные,Manga,Дебют
42571,8,0.8249,Dogeza de Tanondemita,Остальные,Web manga,Дебют
42587,8,0.8161,Yuuki Yuuna wa Yuusha de Aru: Dai Mankai no Shou,Нишевые любимчики,Original,Продолжение
42590,8,0.7979,Mashiro no Oto,Остальные,Manga,Дебют
42627,8,0.7058,Peach Boy Riverside,Остальные,Manga,Дебют
42657,8,0.6855,Himitsukessha Taka no Tsume: Golden Spell,Остальные,Original,Дебют
42670,8,0.8268,Princess Connect! Re:Dive Season 2,Нишевые любимчики,Game,Продолжение
42745,8,0.8384,Machikado Mazoku: 2-choume,Остальные,4-koma manga,Продолжение
42822,8,0.7588,Kai Byoui Ramune,Остальные,Manga,Дебют
42826,8,0.8337,Seijo no Maryoku wa Bannou desu,Надёжный просмотр,Light novel,Дебют
42883,8,0.788,Sore dake ga Neck,Надёжный просмотр,Original,Дебют
42923,8,0.8527,SK∞,Флагманы,Original,Дебют
42959,8,,Yatogame-chan Kansatsu Nikki Sansatsume,Остальные,4-koma manga,Продолжение
42963,8,0.813,"Kanojo, Okarishimasu 2nd Season",Нишевые любимчики,Manga,Продолжение
42994,8,0.8313,Jashin-chan Dropkick X,Остальные,Web manga,Продолжение
43007,8,0.7315,Osananajimi ga Zettai ni Makenai Love Comedy,Флагманы,Light novel,Дебют
43299,8,0.7994,Wonder Egg Priority,Нишевые любимчики,Original,Дебют
43470,8,0.8022,Rikei ga Koi ni Ochita no de Shoumei shitemita. Heart,Остальные,Web manga,Продолжение
43523,8,0.9129,Tsuki ga Michibiku Isekai Douchuu,Флагманы,Light novel,Дебют
43756,8,0.7864,Bakuten!!,Нишевые любимчики,Original,Дебют
43767,8,0.6284,Night Head 2041,Нишевые любимчики,Other,Дебют
43814,8,0.8526,Deatte 5-byou de Battle,Надёжный просмотр,Web manga,Дебют
43969,8,0.7724,Kanojo mo Kanojo,Флагманы,Manga,Дебют
44040,8,0.7765,Abciee Shuugyou Nikki,Надёжный просмотр,Other,Дебют
44055,8,0.8148,Sasaki to Miyano,Флагманы,Web manga,Дебют
44081,8,0.6527,B-Project: Netsuretsu*Love Call,Остальные,Mixed media,Дебют
44203,8,0.8936,Seirei Gensouki,Флагманы,Light novel,Дебют
44204,8,0.8124,Kyokou Suiri Season 2,Остальные,Manga,Продолжение
44235,8,0.9091,Pui Pui Molcar,Флагманы,Other,Дебют
44274,8,0.6586,Puraore! Pride of Orange,Остальные,Mixed media,Дебют
44276,8,0.8026,Kyuukyoku Shinka shita Full Dive RPG ga Genjitsu yori mo Kusoge Dattara,Надёжный просмотр,Light novel,Дебют
44387,8,0.6568,Sankaku Mado no Sotogawa wa Yoru,Нишевые любимчики,Manga,Дебют
44511,8,0.9074,Chainsaw Man,Флагманы,Manga,Дебют
44516,8,0.73,Koroshi Ai,Остальные,Manga,Дебют
44524,8,0.8074,Isekai Meikyuu de Harem wo,Флагманы,Light novel,Дебют
44881,8,0.886,100-man no Inochi no Ue ni Ore wa Tatteiru 2nd Season,Надёжный просмотр,Manga,Продолжение
45055,8,0.8287,Taishou Otome Otogibanashi,Нишевые любимчики,Manga,Дебют
45425,8,0.7515,Slow Loop,Остальные,Manga,Дебют
45486,8,0.8566,Kuma Kuma Kuma Bear Punch!,Остальные,Light novel,Продолжение
45560,8,0.675,Orient,Остальные,Manga,Дебют
45576,8,0.9509,Mushoku Tensei: Isekai Ittara Honki Dasu Part 2,Флагманы,Light novel,Продолжение
45587,8,0.8144,Itazuraguma no Gloomy,Надёжный просмотр,Other,Дебют
45613,8,0.6854,Kawaii dake ja Nai Shikimori-san,Флагманы,Web manga,Дебют
45653,8,0.727,Soredemo Ayumu wa Yosetekuru,Остальные,Manga,Дебют
45665,8,0.5646,Fairy Ranmaru: Anata no Kokoro Otasuke Shimasu,Нишевые любимчики,Original,Дебют
46118,8,0.5947,Wave!! Surfing Yappe!! (TV),Остальные,Mixed media,Дебют
46352,8,0.7858,Blue Period,Флагманы,Manga,Дебют
46471,8,0.6443,"Tantei wa Mou, Shindeiru.",Нишевые любимчики,Light novel,Дебют
46604,8,0.5677,Dolls' Frontline,Остальные,Game,Дебют
46985,8,0.8226,Shinka no Mi: Shiranai Uchi ni Kachigumi Jinsei,Надёжный просмотр,Light novel,Дебют
47159,8,0.8268,Tensai Ouji no Akaji Kokka Saisei Jutsu,Надёжный просмотр,Light novel,Дебют
47160,8,0.8256,Goblin Slayer II,Нишевые любимчики,Light novel,Продолжение
47161,8,0.817,Shikkakumon no Saikyou Kenja,Надёжный просмотр,Light novel,Дебют
47162,8,0.6561,Shokei Shoujo no Virgin Road,Остальные,Light novel,Дебют
47163,8,0.7776,"Tensei Kenja no Isekai Life: Dai-2 no Shokugyou wo Ete, Sekai Saikyou ni Narimashita",Флагманы,Light novel,Дебют
47250,8,0.5647,Jouran: The Princess of Snow and Blood,Остальные,Original,Дебют
47257,8,0.7593,Shinigami Bocchan to Kuro Maid,Нишевые любимчики,Web manga,Дебют
47391,8,0.6993,Seven Knights Revolution: Eiyuu no Keishousha,Надёжный просмотр,Game,Дебют
47790,8,0.9041,"Sekai Saikou no Ansatsusha, Isekai Kizoku ni Tensei suru",Флагманы,Light novel,Дебют
47917,8,0.8982,Bocchi the Rock!,Флагманы,4-koma manga,Дебют
48239,8,0.859,Leadale no Daichi nite,Надёжный просмотр,Light novel,Дебют
48252,8,0.7672,"Ore, Tsushima",Нишевые любимчики,Manga,Дебют
48363,8,0.6691,RPG Fudousan,Остальные,4-koma manga,Дебют
48406,8,0.7724,Re-Main,Нишевые любимчики,Original,Дебют
48413,8,0.74,Hataraku Maou-sama!!,Нишевые любимчики,Light novel,Продолжение
48414,8,0.7683,Sabikui Bisco,Остальные,Light novel,Дебют
48415,8,0.8175,"Shijou Saikyou no Daimaou, Murabito A ni Tensei suru",Надёжный просмотр,Light novel,Дебют
48417,8,0.6493,"Maou Gakuin no Futekigousha II: Shijou Saikyou no Maou no Shiso, Tensei shite Shison-tachi no Gakkou e Kayou",Нишевые любимчики,Light novel,Дебют
48418,8,0.7662,"Maou Gakuin no Futekigousha II: Shijou Saikyou no Maou no Shiso, Tensei shite Shison-tachi no Gakkou e Kayou Part 2",Остальные,Light novel,Продолжение
48441,8,0.5367,The Legend of Heroes: Sen no Kiseki - Northern War,Остальные,Game,Дебют
48471,8,0.7501,Tsuki to Laika to Nosferatu,Остальные,Light novel,Дебют
48483,8,0.8054,Mieruko-chan,Флагманы,Web manga,Дебют
48491,8,0.8025,Yama no Susume: Next Summit,Остальные,Manga,Продолжение
48542,8,0.7661,Do It Yourself!!,Остальные,Original,Дебют
48553,8,0.7503,Akebi-chan no Sailor-fuku,Нишевые любимчики,Web manga,Дебют
48556,8,0.714,Takt Op. Destiny,Нишевые любимчики,Mixed media,Дебют
48567,8,0.5986,Visual Prison,Нишевые любимчики,Original,Дебют
48569,8,0.9137,86 Part 2,Флагманы,Light novel,Продолжение
48580,8,0.7913,Vanitas no Karte,Нишевые любимчики,Manga,Дебют
48583,8,0.9356,Shingeki no Kyojin: The Final Season Part 2,Флагманы,Manga,Продолжение
48633,8,0.6882,Liar Liar,Остальные,Light novel,Дебют
48643,8,0.7856,Koi wa Sekai Seifuku no Ato de,Надёжный просмотр,Manga,Дебют
48644,8,0.6578,Gyakuten Sekai no Denchi Shoujo,Остальные,Original,Дебют
48649,8,0.6836,Fuuto Tantei,Нишевые любимчики,Manga,Дебют
48736,8,0.9063,Sono Bisque Doll wa Koi wo Suru,Флагманы,Manga,Дебют
48742,8,0.592,"Kono Healer, Mendokusai",Остальные,Web manga,Дебют
48760,8,0.8724,"Gaikotsu Kishi-sama, Tadaima Isekai e Odekakechuu",Надёжный просмотр,Light novel,Дебют
48761,8,0.8127,Saihate no Paladin,Надёжный просмотр,Light novel,Дебют
48775,8,0.808,Kaginado,Остальные,Original,Дебют
48776,8,0.6202,Build Divide: Code Black,Остальные,Mixed media,Дебют
48777,8,0.7846,Build Divide: Code White,Остальные,Mixed media,Дебют
48779,8,0.8131,Deaimon,Надёжный просмотр,Manga,Дебют
48804,8,0.8753,Isekai Shokudou 2,Надёжный просмотр,Light novel,Продолжение
48842,8,0.6923,Mahoutsukai Reimeiki,Остальные,Light novel,Дебют
48849,8,0.7333,Sonny Boy,Нишевые любимчики,Original,Дебют
48857,8,0.698,Healer Girl,Остальные,Original,Дебют
48858,8,0.7263,180-byou de Kimi no Mimi wo Shiawase ni Dekiru ka?,Остальные,Original,Дебют
48926,8,0.8297,"Komi-san wa, Comyushou desu.",Флагманы,Manga,Дебют
48981,8,0.57,Mahou Shoujo Magical Destroyers,Остальные,Original,Дебют
48997,8,0.8066,Fantasy Bishoujo Juniku Ojisan to,Надёжный просмотр,Web manga,Дебют
49109,8,0.8599,Kami-tachi ni Hirowareta Otoko 2nd Season,Надёжный просмотр,Light novel,Продолжение
49114,8,0.8842,Vanitas no Karte Part 2,Флагманы,Manga,Продолжение
49154,8,0.7432,High Card,Остальные,Mixed media,Дебют
49160,8,0.679,Shachiku-san wa Youjo Yuurei ni Iyasaretai.,Остальные,Manga,Дебют
49263,8,0.8613,Yaku nara Mug Cup mo: Niban Gama,Остальные,Manga,Продолжение
49292,8,0.536,Deep Insanity: The Lost Child,Остальные,Mixed media,Дебют
49304,8,0.5429,Seiken Densetsu: Legend of Mana - The Teardrop Crystal,Остальные,Game,Дебют
49385,8,0.6647,Kaijin Kaihatsu-bu no Kuroitsu-san,Остальные,Web manga,Дебют
49438,8,0.8928,Isekai Yakkyoku,Надёжный просмотр,Light novel,Дебют
49470,8,0.7972,Mamahaha no Tsurego ga Motokano datta,Надёжный просмотр,Light novel,Дебют
49505,8,0.8432,Deji Meets Girl,Остальные,Original,Дебют
49514,8,0.472,Gensou Sangokushi: Tengen Reishinki,Остальные,Game,Дебют
49520,8,0.7426,Aharen-san wa Hakarenai,Флагманы,Manga,Дебют
49551,8,0.8147,Hanabi-chan wa Okuregachi,Надёжный просмотр,Manga,Дебют
49612,8,0.717,Ningen Fushin no Boukensha-tachi ga Sekai wo Sukuu you desu,Надёжный просмотр,Light novel,Дебют
49692,8,0.7992,Heroine Tarumono! Kiraware Heroine to Naisho no Oshigoto,Остальные,Music,Дебют
49721,8,0.876,Karakai Jouzu no Takagi-san 3,Флагманы,Manga,Продолжение
49766,8,0.688,Under Ninja,Остальные,Manga,Дебют
49776,8,0.786,Kumichou Musume to Sewagakari,Надёжный просмотр,Web manga,Дебют
49782,8,0.8636,Shadows House 2nd Season,Остальные,Manga,Продолжение
49820,8,,Cardfight!! Vanguard: will+Dress Season 2,Остальные,Original,Продолжение
49828,8,0.8455,Kidou Senshi Gundam: Suisei no Majo,Флагманы,Original,Дебют
49831,8,0.6275,Black★★Rock Shooter: Dawn Fall,Нишевые любимчики,Other,Дебют
49849,8,0.774,Shinmai Renkinjutsushi no Tenpo Keiei,Надёжный просмотр,Light novel,Дебют
49858,8,0.8309,Shinigami Bocchan to Kuro Maid 2nd Season,Остальные,Web manga,Продолжение
49891,8,0.8617,Tensei shitara Ken deshita,Флагманы,Light novel,Дебют
49894,8,0.6967,Eiyuu Kyoushitsu,Надёжный просмотр,Light novel,Дебют
49969,8,0.6074,Tribe Nine,Остальные,Mixed media,Дебют
49979,8,0.8293,Akuyaku Reijou nanode Last Boss wo Kattemimashita,Надёжный просмотр,Light novel,Дебют
49980,8,0.7795,Sugar Apple Fairy Tale,Нишевые любимчики,Light novel,Дебют
49981,8,0.5412,"Kimi to Boku no Saigo no Senjou, Aruiwa Sekai ga Hajimaru Seisen Season II",Остальные,Light novel,Продолжение
50010,8,0.8374,Meitantei Conan: Hannin no Hanzawa-san,Надёжный просмотр,Manga,Дебют
50172,8,0.8935,Mob Psycho 100 III,Флагманы,Web manga,Продолжение
50175,8,0.8334,"Yuusha, Yamemasu",Надёжный просмотр,Light novel,Дебют
50184,8,0.7629,Seiken Gakuin no Makentsukai,Надёжный просмотр,Light novel,Дебют
50185,8,0.7689,Ryman's Club,Нишевые любимчики,Original,Дебют
50197,8,0.8593,"Ijiranaide, Nagatoro-san 2nd Attack",Нишевые любимчики,Web manga,Продолжение
50203,8,0.8829,Love Live! Superstar!! 2nd Season,Нишевые любимчики,Other,Продолжение
50204,8,0.6664,Tokyo 24-ku,Остальные,Original,Дебют
50220,8,0.6743,Isekai Shoukan wa Nidome desu,Надёжный просмотр,Light novel,Дебют
50221,8,0.7614,Shine Post,Остальные,Mixed media,Дебют
50265,8,0.9063,Spy x Family,Флагманы,Manga,Дебют
50273,8,0.8669,Tomodachi Game,Флагманы,Manga,Дебют
50284,8,0.5266,Technoroid: Overmind,Остальные,Mixed media,Дебют
50285,8,,On Air Dekinai!,Остальные,Manga,Дебют
50287,8,0.8398,Kyuuketsuki Sugu Shinu 2,Остальные,Manga,Продолжение
50306,8,0.8149,Seirei Gensouki 2,Нишевые любимчики,Light novel,Продолжение
50307,8,0.7874,Tonikaku Kawaii 2nd Season,Нишевые любимчики,Manga,Продолжение
50348,8,0.822,Peter Grill to Kenja no Jikan: Super Extra,Остальные,Manga,Продолжение
50380,8,0.8247,Paripi Koumei,Флагманы,Web manga,Дебют
50384,8,0.7771,Mononogatari,Остальные,Manga,Дебют
50392,8,0.7466,Mato Seihei no Slave,Нишевые любимчики,Manga,Дебют
50416,8,0.842,Skip to Loafer,Флагманы,Manga,Дебют
50425,8,0.8791,"Fuufu Ijou, Koibito Miman.",Флагманы,Manga,Дебют
50461,8,0.8937,Otome Game Sekai wa Mob ni Kibishii Sekai desu,Флагманы,Light novel,Дебют
50481,8,0.7995,"Eiyuuou, Bu wo Kiwameru Tame Tenseisu: Soshite, Sekai Saikyou no Minarai Kishi♀",Надёжный просмотр,Light novel,Дебют
50583,8,0.6609,Buta no Liver wa Kanetsu Shiro,Остальные,Light novel,Дебют
50606,8,0.5483,Ayakashi Triangle,Остальные,Manga,Дебют
50631,8,0.8829,"Komi-san wa, Comyushou desu. 2nd Season",Флагманы,Manga,Продолжение
50638,8,0.8056,Muv-Luv Alternative 2nd Season,Остальные,Visual novel,Продолжение
50652,8,0.7497,Tsundere Akuyaku Reijou Liselotte to Jikkyou no Endou-kun to Kaisetsu no Kobayashi-san,Остальные,Light novel,Дебют
50664,8,0.789,Saihate no Paladin: Tetsusabi no Yama no Ou,Остальные,Light novel,Продолжение
50678,8,0.8418,Kyoukai Senki Part 2,Остальные,Original,Продолжение
50685,8,0.8496,Kaginado Season 2,Остальные,Original,Продолжение
50695,8,0.8328,MF Ghost,Флагманы,Manga,Дебют
50738,8,0.6885,"Slime Taoshite 300-nen, Shiranai Uchi ni Level Max ni Nattemashita: Sono Ni",Остальные,Light novel,Продолжение
50739,8,0.8736,Otonari no Tenshi-sama ni Itsunomanika Dame Ningen ni Sareteita Ken,Флагманы,Light novel,Дебют
50760,8,0.5871,Teppen!!!!!!!!!!!!!!!,Остальные,Manga,Дебют
50854,8,0.8035,"Benriya Saitou-san, Isekai ni Iku",Надёжный просмотр,Web manga,Дебют
50862,8,0.638,Estab-Life: Great Escape,Остальные,Mixed media,Дебют
50871,8,0.5534,Alice Gear Aegis Expansion,Остальные,Game,Дебют
50917,8,0.6612,Prima Doll,Остальные,Mixed media,Дебют
50923,8,0.7286,Mushikaburi-hime,Нишевые любимчики,Light novel,Дебют
50985,8,0.597,Chimimo,Нишевые любимчики,Original,Дебют
50999,8,0.6696,Extreme Hearts,Остальные,Original,Дебют
51064,8,0.889,Kuro no Shoukanshi,Надёжный просмотр,Light novel,Дебют
51092,8,0.5869,Yuurei Deco,Остальные,Original,Дебют
51098,8,0.6665,Shinobi no Ittoki,Остальные,Original,Дебют
51105,8,0.6003,NieR:Automata Ver1.1a,Нишевые любимчики,Game,Дебют
51128,8,0.7354,Noumin Kanren no Skill bakka Agetetara Nazeka Tsuyoku Natta.,Надёжный просмотр,Light novel,Дебют
51139,8,0.4677,Kizuna no Allele,Остальные,Original,Дебют
51179,8,0.9365,Mushoku Tensei II: Isekai Ittara Honki Dasu,Флагманы,Light novel,Дебют
51212,8,0.7576,Futoku no Guild,Остальные,Manga,Дебют
51213,8,0.7858,Kinsou no Vermeil: Gakeppuchi Majutsushi wa Saikyou no Yakusai to Mahou Sekai wo Tsukisusumu,Флагманы,Manga,Дебют
51215,8,0.8498,Seijo no Maryoku wa Bannou desu Season 2,Надёжный просмотр,Light novel,Продолжение
51219,8,0.6858,Isekai One Turn Kill Neesan: Ane Douhan no Isekai Seikatsu Hajimemashita,Остальные,Manga,Дебют
51252,8,0.5685,Spy Kyoushitsu,Остальные,Light novel,Дебют
51265,8,0.7099,Inu ni Nattara Suki na Hito ni Hirowareta.,Остальные,Web manga,Дебют
51368,8,0.865,Orient: Awajishima Gekitou-hen,Надёжный просмотр,Manga,Продолжение
51371,8,0.6205,Bucchigire!,Остальные,Original,Дебют
51381,8,0.6374,RWBY: Hyousetsu Teikoku,Нишевые любимчики,Other,Дебют
51403,8,0.7583,Renai Flops,Остальные,Original,Дебют
51415,8,0.5296,Opus.COLORs,Остальные,Original,Дебют
51458,8,0.7735,Lv1 Maou to One Room Yuusha,Надёжный просмотр,Web manga,Дебют
51462,8,0.8877,Isekai Nonbiri Nouka,Флагманы,Light novel,Дебют
51495,8,0.7848,Shin Shinka no Mi: Shiranai Uchi ni Kachigumi Jinsei,Надёжный просмотр,Light novel,Дебют
51498,8,0.8156,Masamune-kun no Revenge R,Остальные,Manga,Продолжение
51536,8,0.7764,The iDOLM@STER Cinderella Girls: U149,Нишевые любимчики,Web manga,Дебют
51552,8,0.8545,Watashi no Shiawase na Kekkon,Флагманы,Novel,Дебют
51586,8,0.7865,D4DJ All Mix,Нишевые любимчики,Mixed media,Дебют
51632,8,0.7926,Isekai wa Smartphone to Tomo ni. 2,Флагманы,Light novel,Продолжение
51648,8,0.893,Nozomanu Fushi no Boukensha,Надёжный просмотр,Light novel,Дебют
51678,8,0.7848,Oniichan wa Oshimai!,Флагманы,Manga,Дебют
51693,8,0.753,Kaminaki Sekai no Kamisama Katsudou,Надёжный просмотр,Manga,Дебют
51705,8,0.7263,Otonari ni Ginga,Остальные,Manga,Дебют
51706,8,0.7053,Yuusha ga Shinda!,Надёжный просмотр,Web manga,Дебют
51711,8,0.8188,Hyouken no Majutsushi ga Sekai wo Suberu,Надёжный просмотр,Light novel,Дебют
51764,8,0.8155,Level 1 dakedo Unique Skill de Saikyou desu,Надёжный просмотр,Light novel,Дебют
51815,8,0.7546,Kubo-san wa Mob wo Yurusanai,Нишевые любимчики,Manga,Дебют
51817,8,0.6999,Watashi no Yuri wa Oshigoto desu!,Остальные,Manga,Дебют
51818,8,0.8044,Enen no Shouboutai: San no Shou,Нишевые любимчики,Manga,Продолжение
51923,8,0.559,Warau Arsnotoria Sun!,Остальные,Game,Дебют
51956,8,0.6011,Paradox Live the Animation,Нишевые любимчики,Mixed media,Дебют
51958,8,0.7702,Kono Subarashii Sekai ni Bakuen wo!,Остальные,Light novel,Дебют
51986,8,0.8618,Pui Pui Molcar: Driving School,Надёжный просмотр,Original,Продолжение
52081,8,0.7078,Edomae Elf,Остальные,Manga,Дебют
52082,8,0.7381,Shiro Seijo to Kuro Bokushi,Остальные,4-koma manga,Дебют
52092,8,0.6891,My Home Hero,Остальные,Manga,Дебют
52093,8,0.7325,Trigun Stampede,Нишевые любимчики,Manga,Дебют
52173,8,0.7373,Koori Zokusei Danshi to Cool na Douryou Joshi,Остальные,Web manga,Дебют
52193,8,0.7594,Akiba Meido Sensou,Нишевые любимчики,Original,Дебют
52196,8,0.8381,Date A Live V,Нишевые любимчики,Light novel,Продолжение
52211,8,0.8738,Mashle,Флагманы,Manga,Дебют
52229,8,0.8868,Birdie Wing: Golf Girls' Story Season 2,Остальные,Original,Продолжение
52299,8,0.9164,Ore dake Level Up na Ken,Флагманы,Web manga,Дебют
52308,8,0.8485,Kanojo ga Koushaku-tei ni Itta Riyuu,Флагманы,Web manga,Дебют
52359,8,0.7779,Isekai de Mofumofu Nadenade suru Tame ni Ganbattemasu.,Надёжный просмотр,Light novel,Дебют
52367,8,0.7426,Isekai Shikkaku,Надёжный просмотр,Web manga,Дебют
52381,8,0.7559,Aru Asa Dummy Head Mic ni Natteita Ore-kun no Jinsei,Остальные,Original,Дебют
52405,8,0.5315,Highspeed Etoile,Остальные,Original,Дебют
52446,8,0.8495,Kaiko sareta Ankoku Heishi (30-dai) no Slow na Second Life,Надёжный просмотр,Light novel,Дебют
52461,8,0.8216,Rougo ni Sonaete Isekai de 8-manmai no Kinka wo Tamemasu,Надёжный просмотр,Light novel,Дебют
52481,8,0.7433,Gimai Seikatsu,Нишевые любимчики,Light novel,Дебют
52482,8,0.7732,Sasaki to Pii-chan,Надёжный просмотр,Light novel,Дебют
52578,8,0.8702,Boku no Kokoro no Yabai Yatsu,Флагманы,Manga,Дебют
52588,8,0.9135,Kaijuu 8-gou,Флагманы,Manga,Дебют
52608,8,0.8614,Tensei Kizoku no Isekai Boukenroku: Jichou wo Shiranai Kamigami no Shito,Надёжный просмотр,Light novel,Дебют
52611,8,0.8472,Okashi na Tensei,Надёжный просмотр,Light novel,Дебют
52619,8,0.7484,Jidou Hanbaiki ni Umarekawatta Ore wa Meikyuu wo Samayou,Надёжный просмотр,Light novel,Дебют
52709,8,0.7096,"Danjo no Yuujou wa Seiritsu suru? (Iya, Shinai!!)",Остальные,Light novel,Дебют
52736,8,0.824,Tensei Oujo to Tensai Reijou no Mahou Kakumei,Флагманы,Light novel,Дебют
52816,8,0.7132,Majo to Yajuu,Нишевые любимчики,Manga,Дебют
52934,8,0.7369,"Konyaku Haki sareta Reijou wo Hirotta Ore ga, Ikenai Koto wo Oshiekomu",Остальные,Light novel,Дебют
52955,8,0.8332,Mahoutsukai no Yome Season 2,Остальные,Manga,Продолжение
52962,8,0.8512,"Tearmoon Teikoku Monogatari: Dantoudai kara Hajimaru, Hime no Tensei Gyakuten Story",Надёжный просмотр,Light novel,Дебют
52969,8,0.817,"Jitsu wa Ore, Saikyou deshita?",Надёжный просмотр,Light novel,Дебют
52973,8,0.8059,Megami no Café Terrace,Надёжный просмотр,Manga,Дебют
52985,8,0.6418,Dekoboko Majo no Oyako Jijou,Остальные,4-koma manga,Дебют
52990,8,0.7904,"Keikenzumi na Kimi to, Keiken Zero na Ore ga, Otsukiai suru Hanashi.",Флагманы,Light novel,Дебют
53012,8,0.6445,Human Bug Daigaku,Остальные,Web manga,Дебют
53026,8,0.6675,Synduality: Noir,Остальные,Mixed media,Дебют
53033,8,0.6477,Mecha-ude (TV),Остальные,Original,Дебют
53040,8,0.8299,Kanojo mo Kanojo Season 2,Надёжный просмотр,Manga,Продолжение
53050,8,0.8586,"Kanojo, Okarishimasu 3rd Season",Надёжный просмотр,Manga,Продолжение
53065,8,0.7602,Sono Bisque Doll wa Koi wo Suru Season 2,Нишевые любимчики,Manga,Продолжение
53077,8,0.8257,Nijiyon Animation,Остальные,4-koma manga,Дебют
53097,8,0.8128,Tokyo Mew Mew New ♡ 2nd Season,Остальные,Manga,Продолжение
53132,8,0.659,UniteUp!,Нишевые любимчики,Music,Дебют
53162,8,0.7085,Majutsushi Orphen Hagure Tabi: Urbanrama-hen,Остальные,Light novel,Продолжение
53163,8,0.6493,Kawaisugi Crisis,Остальные,Manga,Дебют
53179,8,0.5936,Ars no Kyojuu,Остальные,Original,Дебют
53199,8,0.8969,Kidou Senshi Gundam: Suisei no Majo Season 2,Флагманы,Original,Продолжение
53200,8,0.8144,Hataraku Maou-sama!! 2nd Season,Остальные,Light novel,Продолжение
53213,8,0.646,Revenger,Остальные,Original,Дебют
53237,8,0.6316,Shy,Остальные,Manga,Дебют
53262,8,0.653,Hoshikuzu Telepath,Нишевые любимчики,4-koma manga,Дебют
53263,8,0.8616,"Seija Musou: Salaryman, Isekai de Ikinokoru Tame ni Ayumu Michi",Надёжный просмотр,Light novel,Дебют
53287,8,0.8417,Love Live! Superstar!! 3rd Season,Нишевые любимчики,Other,Продолжение
53356,8,0.7501,Shuumatsu Train Doko e Iku?,Остальные,Original,Дебют
53379,8,0.7219,Uchi no Kaisha no Chiisai Senpai no Hanashi,Остальные,Web manga,Дебют
53397,8,0.7368,Tsuyokute New Saga,Остальные,Light novel,Дебют
53407,8,0.7129,Bartender: Kami no Glass,Остальные,Manga,Дебют
53410,8,0.803,Yuru Camp△ Season 3,Нишевые любимчики,Manga,Продолжение
53411,8,0.8175,Buddy Daddies,Флагманы,Original,Дебют
53421,8,0.7949,Dosanko Gal wa Namara Menkoi,Надёжный просмотр,Manga,Дебют
53426,8,0.7809,Hyakushou Kizoku,Остальные,Manga,Дебют
53428,8,0.5887,Ayaka,Остальные,Original,Дебют
53434,8,0.8503,"Maou no Ore ga Dorei Elf wo Yome ni Shitanda ga, Dou Medereba Ii?",Надёжный просмотр,Light novel,Дебют
53438,8,0.8389,Higeki no Genkyou to Naru Saikyou Gedou Last Boss Joou wa Tami no Tame ni Tsukushimasu.,Надёжный просмотр,Light novel,Дебют
53439,8,0.8518,Boushoku no Berserk,Надёжный просмотр,Light novel,Дебют
53446,8,0.8821,Tondemo Skill de Isekai Hourou Meshi,Флагманы,Light novel,Дебют
53488,8,0.7482,"Shin no Nakama ja Nai to Yuusha no Party wo Oidasareta node, Henkyou de Slow Life suru Koto ni Shimashita 2nd",Надёжный просмотр,Light novel,Продолжение
53516,8,0.8705,"Tensei shitara Dainana Ouji Datta node, Kimama ni Majutsu wo Kiwamemasu",Надёжный просмотр,Light novel,Дебют
53587,8,0.5023,The Marginal Service,Остальные,Original,Дебют
53590,8,0.8414,Saijaku Tamer wa Gomi Hiroi no Tabi wo Hajimemashita.,Надёжный просмотр,Light novel,Дебют
53613,8,0.7933,Dead Mount Death Play,Надёжный просмотр,Manga,Дебют
53632,8,0.8018,Yumemiru Danshi wa Genjitsushugisha,Надёжный просмотр,Light novel,Дебют
53633,8,0.6129,Bullbuster,Остальные,Mixed media,Дебют
53698,8,0.7038,World Dai Star,Остальные,Mixed media,Дебют
53723,8,0.7036,Acro Trip,Остальные,Manga,Дебют
53730,8,0.8021,"Sokushi Cheat ga Saikyou sugite, Isekai no Yatsura ga Marude Aite ni Naranai n desu ga.",Надёжный просмотр,Light novel,Дебют
53770,8,0.7696,Sentai Daishikkaku,Остальные,Manga,Дебют
53787,8,0.624,AI no Idenshi,Остальные,Manga,Дебют
53833,8,0.8099,Watashi no Oshi wa Akuyaku Reijou.,Флагманы,Light novel,Дебют
53835,8,0.6801,Unnamed Memory,Остальные,Light novel,Дебют
53887,8,0.8773,Spy x Family Season 2,Флагманы,Manga,Продолжение
53889,8,0.7722,Ao no Exorcist: Shimane Illuminati-hen,Остальные,Manga,Продолжение
53912,8,0.7141,Seiyuu Radio no Uraomote,Остальные,Light novel,Дебют
53924,8,0.7798,Jibaku Shounen Hanako-kun 2,Нишевые любимчики,Manga,Продолжение
54028,8,0.5284,Turkey!,Остальные,Original,Дебют
54103,8,0.763,Hikikomari Kyuuketsuki no Monmon,Нишевые любимчики,Light novel,Дебют
54112,8,0.7675,Zom 100: Zombie ni Naru made ni Shitai 100 no Koto,Флагманы,Manga,Дебют
54199,8,0.6686,Kaii to Otome to Kamikakushi,Остальные,Web manga,Дебют
54233,8,0.5876,Sasayaku You ni Koi wo Utau,Нишевые любимчики,Manga,Дебют
54259,8,0.685,Rokudou no Onna-tachi,Остальные,Manga,Дебют
54265,8,0.7152,Kekkon Yubiwa Monogatari,Надёжный просмотр,Manga,Дебют
54275,8,0.7635,Temple,Остальные,Web manga,Дебют
54284,8,0.5816,VTuber Nandaga Haishin Kiri Wasuretara Densetsu ni Natteta,Остальные,Light novel,Дебют
54301,8,0.719,Overtake!,Нишевые любимчики,Original,Дебют
54309,8,0.6301,Blue Archive the Animation,Нишевые любимчики,Game,Дебют
54362,8,0.7169,Hametsu no Oukoku,Остальные,Manga,Дебют
54431,8,0.7848,Toaru Ossan no VRMMO Katsudouki,Надёжный просмотр,Light novel,Дебют
54449,8,0.6202,Ishura,Остальные,Light novel,Дебют
54595,8,0.9101,Kage no Jitsuryokusha ni Naritakute! 2nd Season,Флагманы,Light novel,Продолжение
54616,8,0.8229,Potion-danomi de Ikinobimasu!,Надёжный просмотр,Light novel,Дебют
54617,8,0.6441,Kyuujitsu no Warumono-san,Остальные,Web manga,Дебют
54632,8,0.8575,Gekai Elise,Надёжный просмотр,Web manga,Дебют
54638,8,0.5668,Kawagoe Boys Sing,Остальные,Original,Дебют
54714,8,0.8189,Kimi no Koto ga Daidaidaidaidaisuki na 100-nin no Kanojo,Флагманы,Manga,Дебют
54716,8,0.6854,Kibou no Chikara: Otona Precure '23,Остальные,Original,Дебют
54717,8,0.7535,Mahoutsukai Precure!! Mirai Days,Остальные,Original,Продолжение
54724,8,0.7369,Nige Jouzu no Wakagimi,Остальные,Manga,Дебют
54726,8,0.7176,"Tsuma, Shougakusei ni Naru.",Остальные,Manga,Дебют
54738,8,0.7575,Majutsushi Orphen Hagure Tabi: Seiiki-hen,Остальные,Light novel,Продолжение
54743,8,0.8703,Dead Mount Death Play Part 2,Надёжный просмотр,Manga,Продолжение
54744,8,0.831,Tokidoki Bosotto Russia-go de Dereru Tonari no Alya-san,Флагманы,Light novel,Дебют
54758,8,0.6869,The iDOLM@STER Shiny Colors,Остальные,Game,Продолжение
54760,8,0.5876,Ryza no Atelier: Tokoyami no Joou to Himitsu no Kakurega,Остальные,Game,Дебют
54769,8,0.5168,Sousei no Aquarion: Myth of Emotions,Остальные,Original,Дебют
54798,8,0.5554,Kamierabi,Остальные,Original,Дебют
54837,8,0.8949,Akuyaku Reijou Level 99: Watashi wa Ura-Boss desu ga Maou dewa Arimasen,Надёжный просмотр,Light novel,Дебют
54839,8,0.7501,Yoru no Kurage wa Oyogenai,Нишевые любимчики,Original,Дебют
54842,8,0.8709,Sugar Apple Fairy Tale Part 2,Надёжный просмотр,Light novel,Продолжение
54852,8,0.8641,Kikansha no Mahou wa Tokubetsu desu,Надёжный просмотр,Web manga,Дебют
54853,8,0.796,Maou 2099,Надёжный просмотр,Light novel,Дебют
54855,8,0.6313,Senpai wa Otokonoko,Остальные,Web manga,Дебют
54859,8,0.5552,Rinkai!,Остальные,Mixed media,Дебют
54869,8,0.7864,High Card Season 2,Остальные,Mixed media,Продолжение
54883,8,0.8727,Mononogatari 2nd Season,Надёжный просмотр,Manga,Продолжение
54913,8,0.8531,"Shinmai Ossan Boukensha, Saikyou Party ni Shinu hodo Kitaerarete Muteki ni Naru.",Надёжный просмотр,Light novel,Дебют
54914,8,0.5312,Bikkurimen,Остальные,Other,Дебют
54947,8,0.8418,Spy Kyoushitsu 2nd Season,Остальные,Light novel,Продолжение
54968,8,0.7086,Giji Harem,Нишевые любимчики,Web manga,Дебют
55129,8,0.7037,Oroka na Tenshi wa Akuma to Odoru,Остальные,Manga,Дебют
55150,8,0.7825,Yarinaoshi Reijou wa Ryuutei Heika wo Kouryakuchuu,Надёжный просмотр,Light novel,Дебют
55153,8,0.7676,Yuzuki-san Chi no Yonkyoudai.,Остальные,Manga,Дебют
55265,8,0.8584,"Tensei Kizoku, Kantei Skill de Nariagaru",Надёжный просмотр,Light novel,Дебют
55310,8,0.7646,Atarashii Joushi wa Do Tennen,Нишевые любимчики,Web manga,Дебют
55358,8,0.707,Bucchigiri?!,Остальные,Original,Дебют
55397,8,0.5774,Pon no Michi,Остальные,Original,Дебют
55514,8,0.6195,Zatsu Tabi: That's Journey,Остальные,Manga,Дебют
55528,8,0.711,Yuuki Bakuhatsu Bang Bravern,Нишевые любимчики,Original,Дебют
55597,8,0.6679,Hananoi-kun to Koi no Yamai,Остальные,Manga,Дебют
55710,8,0.3955,Hana-Doll*: Reinterpretation of Flowering,Остальные,Mixed media,Дебют
55717,8,0.6004,Dekisokonai to Yobareta Motoeiyuu wa Jikka kara Tsuihou sareta node Sukikatte ni Ikiru Koto ni Shita,Остальные,Light novel,Дебют
55742,8,0.889,Mahoutsukai no Yome Season 2 Part 2,Остальные,Manga,Продолжение
55749,8,0.8319,Megami no Café Terrace 2nd Season,Остальные,Manga,Продолжение
55774,8,0.6526,"Himesama ""Goumon"" no Jikan desu",Остальные,Manga,Дебют
55775,8,0.776,Kizuna no Allele Season 2,Остальные,Original,Продолжение
55813,8,0.8957,Mashle: Shinkakusha Kouho Senbatsu Shiken-hen,Надёжный просмотр,Manga,Продолжение
55823,8,0.7971,Natsume Yuujinchou Shichi,Нишевые любимчики,Manga,Продолжение
55842,8,0.6576,Okinawa de Suki ni Natta Ko ga Hougen Sugite Tsurasugiru,Остальные,Web manga,Дебют
55844,8,0.6911,Tasogare Out Focus,Нишевые любимчики,Manga,Дебют
55866,8,0.7899,Yubisaki to Renren,Флагманы,Manga,Дебют
55877,8,0.7614,Henjin no Salad Bowl,Остальные,Light novel,Дебют
55887,8,0.7632,"Kekkon suru tte, Hontou desu ka",Остальные,Manga,Дебют
55888,8,0.922,Mushoku Tensei II: Isekai Ittara Honki Dasu Part 2,Флагманы,Light novel,Продолжение
55894,8,0.6462,Bokura no Ame-iro Protocol,Остальные,Original,Дебют
55973,8,0.8035,30-sai made Doutei dato Mahoutsukai ni Nareru Rashii,Флагманы,Manga,Дебют
55994,8,0.7596,Sword Art Online Alternative: Gun Gale Online II,Остальные,Light novel,Продолжение
55996,8,0.6595,Koi wa Futago de Warikirenai,Остальные,Light novel,Дебют
55997,8,0.7334,"Guild no Uketsukejou desu ga, Zangyou wa Iya nanode Boss wo Solo Toubatsu Shiyou to Omoimasu",Надёжный просмотр,Light novel,Дебют
55998,8,0.5977,Momochi-san Chi no Ayakashi Ouji,Остальные,Manga,Дебют
56062,8,0.6798,Naze Boku no Sekai wo Daremo Oboeteinai no ka?,Остальные,Light novel,Дебют
56063,8,0.8259,NieR:Automata Ver1.1a Part 2,Остальные,Game,Продолжение
56135,8,0.6756,UniteUp! Uni:Birth,Нишевые любимчики,Music,Продолжение
56165,8,0.7542,Boukyaku Battery (TV),Нишевые любимчики,Manga,Дебют
56348,8,0.7299,Dungeon no Naka no Hito,Остальные,Web manga,Дебют
56352,8,0.8613,"Loop 7-kaime no Akuyaku Reijou wa, Moto Tekikoku de Jiyuu Kimama na Hanayome Seikatsu wo Mankitsu suru",Флагманы,Light novel,Дебют
56400,8,0.7257,"Maou-sama, Retry! R",Остальные,Web manga,Продолжение
56449,8,0.7418,Madougushi Dahliya wa Utsumukanai,Остальные,Light novel,Дебют
56461,8,0.5628,Hamidashi Creative,Остальные,Visual novel,Дебют
56690,8,0.8139,Re:Monster,Надёжный просмотр,Light novel,Дебют
56691,8,0.4623,Gekkan Mousou Kagaku,Остальные,Original,Дебют
56700,8,0.6984,Jidou Hanbaiki ni Umarekawatta Ore wa Meikyuu wo Samayou 2nd Season,Остальные,Light novel,Продолжение
56731,8,0.8199,Synduality: Noir Part 2,Остальные,Mixed media,Продолжение
56738,8,0.879,Shinigami Bocchan to Kuro Maid 3rd Season,Остальные,Web manga,Продолжение
56768,8,0.6942,"Tadaima, Okaeri",Нишевые любимчики,Manga,Дебют
56838,8,0.7514,"One Room, Hiatari Futsuu, Tenshi-tsuki.",Остальные,Manga,Дебют
56843,8,0.7577,Goukon ni Ittara Onna ga Inakatta Hanashi,Нишевые любимчики,Web manga,Дебют
56845,8,0.7203,"Saikyou Tank no Meikyuu Kouryaku: Tairyoku 9999 no Rare Skill-mochi Tank, Yuusha Party wo Tsuihou sareru",Надёжный просмотр,Manga,Дебют
56907,8,0.6833,Koujo Denka no Kateikyoushi,Остальные,Light novel,Дебют
56923,8,0.8541,Lv2 kara Cheat datta Motoyuusha Kouho no Mattari Isekai Life,Надёжный просмотр,Light novel,Дебют
56964,8,0.7234,Raise wa Tanin ga Ii,Остальные,Manga,Дебют
56967,8,0.751,Kamierabi 2nd Season,Остальные,Original,Продолжение
57031,8,0.6699,Vampire Dormitory,Остальные,Manga,Дебют
57050,8,0.5594,Kisaki Kyouiku kara Nigetai Watashi,Остальные,Manga,Дебют
57058,8,0.8266,"Ore wa Subete wo ""Parry"" suru: Gyaku Kanchigai no Sekai Saikyou wa Boukensha ni Naritai",Надёжный просмотр,Light novel,Дебют
57099,8,0.5719,Na Nare Hana Nare,Остальные,Original,Дебют
57100,8,0.8416,The New Gate,Надёжный просмотр,Light novel,Дебют
57152,8,0.4002,Mahoutsukai no Yakusoku,Остальные,Game,Дебют
57217,8,0.7503,Katsute Mahou Shoujo to Aku wa Tekitai shiteita.,Остальные,Manga,Дебют
57315,8,0.6775,"Meitou ""Isekai no Yu"" Kaitakuki: Around 40 Onsen Mania no Tensei Saki wa, Nonbiri Onsen Tengoku deshita",Остальные,Light novel,Дебют
57325,8,0.6794,Ramen Akaneko,Остальные,Manga,Дебют
57334,8,0.8674,Dandadan,Флагманы,Manga,Дебют
57360,8,0.688,Kabushikigaisha Magi-Lumière,Остальные,Manga,Дебют
57362,8,0.7412,Hoshifuru Oukoku no Nina,Нишевые любимчики,Manga,Дебют
57380,8,0.765,Isekai Yururi Kikou: Kosodateshinagara Boukensha Shimasu,Надёжный просмотр,Light novel,Дебют
57391,8,0.6554,Astro Note,Остальные,Original,Дебют
57517,8,0.6199,Puniru wa Kawaii Slime,Остальные,Manga,Дебют
57524,8,0.8505,Make Heroine ga Oosugiru!,Флагманы,Light novel,Дебют
57559,8,0.8917,MF Ghost 2nd Season,Надёжный просмотр,Manga,Продолжение
57562,8,0.8125,Hyakushou Kizoku 2nd Season,Остальные,Manga,Продолжение
57567,8,0.7917,Shy 2nd Season,Остальные,Manga,Продолжение
57592,8,0.8926,Dr. Stone: Science Future,Надёжный просмотр,Manga,Продолжение
57611,8,0.6871,Kimi wa Meido-sama.,Остальные,Web manga,Дебют
57616,8,0.8438,Kimi no Koto ga Daidaidaidaidaisuki na 100-nin no Kanojo 2nd Season,Нишевые любимчики,Manga,Продолжение
57623,8,0.8775,Nijiyon Animation 2,Остальные,4-koma manga,Продолжение
57646,8,0.7283,Mob kara Hajimaru Tansaku Eiyuutan,Надёжный просмотр,Light novel,Дебют
57648,8,0.7511,Nihon e Youkoso Elf-san.,Остальные,Light novel,Дебют
57719,8,0.7817,Akuyaku Reijou Tensei Ojisan,Надёжный просмотр,Manga,Дебют
57820,8,0.4488,Kamitsubaki-shi Kensetsuchuu.,Остальные,Other,Дебют
57845,8,0.6325,Elf-san wa Yaserarenai.,Остальные,Web manga,Дебют
57876,8,0.7228,Maougun Saikyou no Majutsushi wa Ningen datta,Надёжный просмотр,Manga,Дебют
57891,8,0.8012,Hitoribocchi no Isekai Kouryaku,Надёжный просмотр,Light novel,Дебют
57892,8,0.8334,"Hazurewaku no ""Joutai Ijou Skill"" de Saikyou ni Natta Ore ga Subete wo Juurin suru made",Надёжный просмотр,Light novel,Дебют
57907,8,0.7708,Tate no Yuusha no Nariagari Season 4,Остальные,Light novel,Продолжение
57944,8,0.7275,"Party kara Tsuihou sareta Sono Chiyushi, Jitsu wa Saikyou ni Tsuki",Надёжный просмотр,Light novel,Дебют
57947,8,0.6906,Mayonaka Punch,Остальные,Original,Дебют
58059,8,0.8462,Tsue to Tsurugi no Wistoria,Надёжный просмотр,Manga,Дебют
58066,8,0.6784,Sorairo Utility (TV),Остальные,Original,Дебют
58080,8,0.769,Kenka Dokugaku,Надёжный просмотр,Web manga,Дебют
58131,8,0.7769,Shiunji-ke no Kodomotachi,Остальные,Manga,Дебют
58173,8,0.6134,Mahoutsukai ni Narenakatta Onnanoko no Hanashi,Остальные,Novel,Дебют
58197,8,0.4537,Nyaight of the Living Cat,Остальные,Manga,Дебют
58216,8,0.5851,Übel Blatt,Остальные,Manga,Дебют
58259,8,0.5408,"Douse, Koishite Shimaunda.",Остальные,Manga,Дебют
58265,8,0.6208,Babanbabanban Vampire,Остальные,Manga,Дебют
58271,8,0.704,Honey Lemon Soda,Остальные,Manga,Дебют
58272,8,0.6705,Boku no Tsuma wa Kanjou ga Nai,Остальные,Manga,Дебют
58302,8,0.7835,The iDOLM@STER Shiny Colors 2nd Season,Остальные,Game,Продолжение
58359,8,0.8009,"Isshun de Chiryou shiteita noni Yakutatazu to Tsuihou sareta Tensai Chiyushi, Yami Healer toshite Tanoshiku Ikiru",Надёжный просмотр,Light novel,Дебют
58390,8,0.6997,Yofukashi no Uta Season 2,Нишевые любимчики,Manga,Продолжение
58426,8,0.5663,Shikanoko Nokonoko Koshitantan,Нишевые любимчики,Manga,Дебют
58437,8,0.7752,"Botsuraku Yotei no Kizoku dakedo, Hima Datta kara Mahou wo Kiwametemita",Надёжный просмотр,Light novel,Дебют
58445,8,0.7417,"Sayounara Ryuusei, Konnichiwa Jinsei",Надёжный просмотр,Light novel,Дебют
58473,8,0.6644,"S-Rank Monster no ""Behemoth"" dakedo, Neko to Machigawarete Elf Musume no Pet toshite Kurashitemasu",Остальные,Manga,Дебют
58484,8,0.8086,Ishura 2nd Season,Остальные,Light novel,Продолжение
58492,8,0.7187,Mono,Остальные,4-koma manga,Дебют
58502,8,0.7217,Zenshuu.,Нишевые любимчики,Original,Дебют
58511,8,0.8262,Nanatsu no Taizai: Mokushiroku no Yonkishi 2nd Season,Остальные,Manga,Продолжение
58516,8,0.8491,Ao no Exorcist: Yuki no Hate-hen,Остальные,Manga,Продолжение
58600,8,0.667,Ameku Takao no Suiri Karte,Остальные,Novel,Дебют
58614,8,0.775,Teogonia,Остальные,Light novel,Дебют
58714,8,0.845,"Saikyou no Shienshoku ""Wajutsushi"" de Aru Ore wa Sekai Saikyou Clan wo Shitagaeru",Надёжный просмотр,Light novel,Дебют
58725,8,0.723,Ninja to Koroshiya no Futarigurashi,Остальные,Manga,Дебют
58822,8,0.8482,Izure Saikyou no Renkinjutsushi?,Надёжный просмотр,Light novel,Дебют
58833,8,0.596,Kakushite! Makina-san!!,Остальные,Manga,Дебют
58853,8,0.6994,Kuroiwa Medaka ni Watashi no Kawaii ga Tsuujinai,Остальные,Manga,Дебют
58854,8,0.6164,Kinoko Inu,Остальные,Manga,Дебют
58913,8,0.5622,Hikaru ga Shinda Natsu,Нишевые любимчики,Web manga,Дебют
58926,8,0.6273,Egumi Legacy,Остальные,Card game,Дебют
58985,8,0.5417,0-saiji Start Dash Monogatari,Остальные,Manga,Дебют
59002,8,0.6961,"Hazure Skill ""Kinomi Master"": Skill no Mi (Tabetara Shinu) wo Mugen ni Taberareru You ni Natta Ken ni Tsuite",Надёжный просмотр,Manga,Дебют
59055,8,0.6557,"Hana wa Saku, Shura no Gotoku",Остальные,Manga,Дебют
59095,8,0.8369,"Tensei shitara Dainana Ouji Datta node, Kimama ni Majutsu wo Kiwamemasu 2nd Season",Остальные,Light novel,Продолжение
59113,8,0.4979,Farmagia,Остальные,Game,Дебют
59131,8,0.8447,"Tensei Kizoku, Kantei Skill de Nariagaru 2nd Season",Надёжный просмотр,Light novel,Продолжение
59135,8,0.7706,Class no Daikirai na Joshi to Kekkon suru Koto ni Natta.,Надёжный просмотр,Light novel,Дебют
59136,8,0.6823,Tasokare Hotel,Остальные,Game,Дебют
59142,8,0.7588,Unnamed Memory Act.2,Остальные,Light novel,Продолжение
59144,8,0.7498,"Fuguushoku ""Kanteishi"" ga Jitsu wa Saikyou Datta",Надёжный просмотр,Light novel,Дебют
59145,8,0.813,Ranma ½ (2024),Флагманы,Manga,Дебют
59160,8,0.7996,Wind Breaker Season 2,Надёжный просмотр,Web manga,Продолжение
59161,8,0.6043,Bad Girl,Остальные,4-koma manga,Дебют
59169,8,0.6592,Aru Majo ga Shinu Made,Остальные,Light novel,Дебют
59189,8,0.8047,Sentai Daishikkaku 2nd Season,Остальные,Manga,Продолжение
59205,8,0.787,Clevatess: Majuu no Ou to Akago to Shikabane no Yuusha,Остальные,Web manga,Дебют
59207,8,0.7831,"Mikadono Sanshimai wa Angai, Choroi.",Остальные,Manga,Дебют
59226,8,0.876,Ao no Exorcist: Yosuga-hen,Остальные,Manga,Продолжение
59265,8,0.7875,Magic Maker: Isekai Mahou no Tsukurikata,Надёжный просмотр,Light novel,Дебют
59277,8,0.6971,"Kanojo, Okarishimasu 4th Season",Остальные,Manga,Продолжение
59322,8,0.7777,Shirobuta Kizoku desu ga Zense no Kioku ga Haeta node Hiyoko na Otouto Sodatemasu,Надёжный просмотр,Light novel,Дебют
59349,8,0.7258,Salaryman ga Isekai ni Ittara Shitennou ni Natta Hanashi,Надёжный просмотр,Web manga,Дебют
59361,8,0.6737,Kono Kaisha ni Suki na Hito ga Imasu,Остальные,Manga,Дебют
59402,8,0.6966,Kakkou no Iinazuke Season 2,Остальные,Manga,Продолжение
59421,8,0.7576,Zutaboro Reijou wa Ane no Moto Konyakusha ni Dekiai sareru,Остальные,Light novel,Дебют
59424,8,0.741,"Yuusha Party wo Tsuihou sareta Shiromadoushi, S-Rank Boukensha ni Hirowareru: Kono Shiromadoushi ga Kikakugai Sugiru",Остальные,Manga,Дебют
59425,8,0.7065,NegaPosi Angler,Остальные,Original,Дебют
59452,8,0.7778,"Katainaka no Ossan, Kensei ni Naru",Надёжный просмотр,Light novel,Дебют
59457,8,0.576,"Haite Kudasai, Takamine-san",Нишевые любимчики,Manga,Дебют
59466,8,0.7608,Aharen-san wa Hakarenai Season 2,Остальные,Manga,Продолжение
59514,8,0.6597,Sentai Red Isekai de Boukensha ni Naru,Остальные,Manga,Дебют
59619,8,0.5948,Ame to Kimi to,Остальные,Manga,Дебют
59632,8,0.6132,Mattaku Saikin no Tantei to Kitara,Остальные,Manga,Дебют
59675,8,0.7226,Apocalypse Hotel,Нишевые любимчики,Original,Дебют
59689,8,0.596,Game Center Shoujo to Ibunka Kouryuu,Остальные,Web manga,Дебют
59744,8,0.5933,Maebashi Witches,Остальные,Original,Дебют
59745,8,0.6028,Chotto dake Ai ga Omoi Dark Elf ga Isekai kara Oikaketekita,Остальные,Web manga,Дебют
59828,8,0.8441,Shoushimin Series 2nd Season,Нишевые любимчики,Novel,Продолжение
59935,8,0.7226,Gorilla no Kami kara Kago sareta Reijou wa Ouritsu Kishidan de Kawaigarareru,Надёжный просмотр,Web manga,Дебют
59961,8,0.5665,Kizu darake Seijo yori Houfuku wo Komete,Остальные,Web manga,Дебют
59986,8,0.7384,Grand Blue Season 2,Нишевые любимчики,Manga,Продолжение
60009,8,0.6129,Chuuzenji-sensei Mononoke Kougiroku: Sensei ga Nazo wo Hodoite Shimau kara.,Остальные,Manga,Дебют
60140,8,0.805,"Kanchigai no Atelier Meister: Eiyuu Party no Moto Zatsuyougakari ga, Jitsu wa Sentou Igai ga SSS Rank Datta to Iu Yoku Aru Hanashi",Надёжный просмотр,Light novel,Дебют
60146,8,0.7006,"Saikyou no Ousama, Nidome no Jinsei wa Nani wo Suru?",Флагманы,Other,Дебют
60154,8,0.7876,Ore wa Seikan Kokka no Akutoku Ryoushu!,Надёжный просмотр,Light novel,Дебют
60157,8,0.8306,Kanpekisugite Kawaige ga Nai to Konyaku Haki sareta Seijo wa Ringoku ni Urareru,Надёжный просмотр,Light novel,Дебют
60293,8,0.7044,Ballpark de Tsukamaete!,Остальные,Manga,Дебют
60315,8,0.5258,Dekin no Mogura,Остальные,Manga,Дебют
60316,8,0.6774,Busamen Gachi Fighter,Остальные,Manga,Дебют
60326,8,0.6689,"Watashi ga Koibito ni Nareru Wake Nai jan, Muri Muri! (※Muri ja Nakatta!?)",Нишевые любимчики,Light novel,Дебют
60377,8,0.5928,Nazotoki wa Dinner no Ato de,Остальные,Novel,Дебют
60425,8,0.7567,0-saiji Start Dash Monogatari Season 2,Остальные,Manga,Продолжение
60449,8,0.7061,Kidou Senshi Gundam: GQuuuuuuX,Остальные,Original,Дебют
60505,8,0.5106,Necronomico no Cosmic Horror Show,Остальные,Original,Дебют
60523,8,0.7537,Tsuihousha Shokudou e Youkoso!,Остальные,Light novel,Дебют
60543,8,0.7957,Dandadan 2nd Season,Нишевые любимчики,Manga,Продолжение
60603,8,0.7464,Puniru wa Kawaii Slime 2nd Season,Остальные,Manga,Продолжение
60658,8,0.7359,Hibi wa Sugiredo Meshi Umashi,Нишевые любимчики,Original,Дебют
60697,8,0.6351,Fermat no Ryouri,Остальные,Manga,Дебют
60732,8,0.7963,Mizu Zokusei no Mahoutsukai,Остальные,Light novel,Дебют
60951,8,0.6304,Kizetsu Yuusha to Ansatsu Hime,Остальные,Manga,Дебют
61150,8,0.5901,Onmyou Kaiten Re:Birth,Остальные,Original,Дебют
61239,8,0.3505,Binan Koukou Chikyuu Bouei-bu Haikara!,Остальные,Original,Дебют
61274,8,0.7393,Ginga Tokkyuu Milky☆Subway,Остальные,Original,Дебют
61322,8,0.8562,Dr. Stone: Science Future Part 2,Остальные,Manga,Продолжение
61339,8,0.7531,Jibaku Shounen Hanako-kun 2 Part 2,Остальные,Manga,Продолжение
61410,8,0.6371,Chotto dake Ai ga Omoi Dark Elf ga Isekai kara Oikaketekita Mini Anime Gekijou,Остальные,Web manga,Дебют
32455,9,0.6274,Gekidol: Actidol Project,Остальные,Original,Дебют
35252,9,0.5967,Hatena☆Illusion,Остальные,Light novel,Дебют
35335,9,0.6924,Musashino!,Остальные,Original,Дебют
36458,9,0.5785,Soukou Musume Senki,Остальные,Game,Дебют
37587,9,0.6941,Lapis Re:LiGHTs,Остальные,Mixed media,Дебют
37599,9,0.6777,Magatsu Wahrheit: Zuerst,Остальные,Game,Дебют
37890,9,0.7987,Oshi ga Budoukan Ittekuretara Shinu,Нишевые любимчики,Manga,Дебют
38005,9,0.8238,Strike Witches: Road to Berlin,Остальные,Original,Продолжение
38006,9,0.6343,Renmei Kuugun Koukuu Mahou Ongakutai Luminous Witches,Остальные,Original,Дебют
38192,9,0.6416,Sakugan,Остальные,Novel,Дебют
38302,9,0.6753,Boku no Tonari ni Ankoku Hakaishin ga Imasu.,Остальные,Manga,Дебют
38337,9,0.856,Gochuumon wa Usagi desu ka? Bloom,Нишевые любимчики,4-koma manga,Продолжение
38440,9,0.5434,Shikizakura,Остальные,Original,Дебют
38476,9,0.9058,Heya Camp△,Надёжный просмотр,Manga,Дебют
38555,9,0.8792,Otome Game no Hametsu Flag shika Nai Akuyaku Reijou ni Tensei shiteshimatta...,Флагманы,Light novel,Дебют
38668,9,0.8621,Dorohedoro,Флагманы,Manga,Дебют
38790,9,0.8672,Itai no wa Iya nanode Bougyoryoku ni Kyokufuri Shitai to Omoimasu.,Флагманы,Light novel,Дебют
38830,9,0.8664,"Hachi-nan tte, Sore wa Nai deshou!",Надёжный просмотр,Light novel,Дебют
38835,9,0.8714,Umayon,Надёжный просмотр,4-koma manga,Дебют
38843,9,0.7787,Shironeko Project: Zero Chronicle,Надёжный просмотр,Game,Дебют
38853,9,0.3902,Ex-Arm,Остальные,Manga,Дебют
38924,9,0.7202,Nekopara,Остальные,Visual novel,Дебют
38992,9,0.7698,Rikei ga Koi ni Ochita no de Shoumei shitemita.,Остальные,Web manga,Дебют
39017,9,0.7995,Kyokou Suiri,Надёжный просмотр,Manga,Дебют
39184,9,0.7184,A3! Season Spring & Summer,Нишевые любимчики,Game,Дебют
39247,9,0.8986,Kobayashi-san Chi no Maid Dragon S,Флагманы,Manga,Продолжение
39388,9,0.6952,Koisuru Asteroid,Остальные,4-koma manga,Дебют
39469,9,0.8391,Tsugu Tsugumomo,Остальные,Manga,Дебют
39531,9,0.7461,Kuutei Dragons,Остальные,Manga,Дебют
39534,9,0.8026,Jibaku Shounen Hanako-kun,Флагманы,Manga,Дебют
39547,9,0.905,Yahari Ore no Seishun Love Comedy wa Machigatteiru. Kan,Флагманы,Light novel,Продолжение
39551,9,0.9488,Tensei shitara Slime Datta Ken 2nd Season,Флагманы,Manga,Продолжение
39575,9,0.7541,Somali to Mori no Kamisama,Остальные,Web manga,Дебют
39582,9,0.6182,Kitsutsuki Tanteidokoro,Остальные,Novel,Дебют
39583,9,0.7156,number24,Остальные,Original,Дебют
39609,9,0.7319,Ochikobore Fruit Tart,Остальные,4-koma manga,Дебют
39710,9,0.8108,Yesterday wo Utatte,Остальные,Manga,Дебют
39725,9,0.6353,I★Chu: Halfway Through the Idol,Нишевые любимчики,Game,Дебют
39730,9,0.7841,Houkago Teibou Nisshi,Остальные,Manga,Дебют
39783,9,0.9358,5-toubun no Hanayome ∬,Флагманы,Manga,Продолжение
39790,9,0.7708,Adachi to Shimamura,Нишевые любимчики,Light novel,Дебют
39792,9,0.7398,Eizouken ni wa Te wo Dasu na!,Нишевые любимчики,Manga,Дебют
39808,9,0.8783,Non Non Biyori Nonstop,Нишевые любимчики,Manga,Продолжение
39893,9,0.5706,Muteking the Dancing Hero,Остальные,Original,Дебют
39917,9,0.4322,Sabiiro no Armor: Reimei,Остальные,Mixed media,Дебют
39948,9,0.8018,Muhyo to Rouji no Mahouritsu Soudan Jimusho 2nd Season,Остальные,Manga,Продолжение
39960,9,0.8898,Yatogame-chan Kansatsu Nikki Nisatsume,Надёжный просмотр,4-koma manga,Продолжение
39966,9,0.595,Tamayomi,Остальные,Manga,Дебют
39988,9,0.9234,Isekai Quartet 2,Надёжный просмотр,Original,Продолжение
40010,9,0.7933,Ishuzoku Reviewers,Флагманы,Web manga,Дебют
40056,9,0.7808,Deca-Dence,Надёжный просмотр,Original,Дебют
40059,9,0.9247,Golden Kamuy 3rd Season,Флагманы,Manga,Продолжение
40060,9,0.8568,BNA,Флагманы,Original,Дебют
40074,9,0.4749,Gibiate,Остальные,Original,Дебют
40075,9,0.6597,Koi to Producer: EVOLxLOVE,Остальные,Game,Дебют
40085,9,0.5754,Maesetsu!,Остальные,Original,Дебют
40128,9,0.7855,Arte,Остальные,Manga,Дебют
40136,9,0.6262,Oda Cinnamon Nobunaga,Остальные,Manga,Дебют
40148,9,0.7264,22/7,Остальные,Other,Дебют
40165,9,0.5141,Listeners,Остальные,Original,Дебют
40174,9,0.8456,Zombieland Saga Revenge,Нишевые любимчики,Original,Продолжение
40230,9,0.7375,Housekishou Richard-shi no Nazo Kantei,Остальные,Novel,Дебют
40272,9,0.8553,A3! Season Autumn & Winter,Нишевые любимчики,Game,Дебют
40357,9,0.8644,Tate no Yuusha no Nariagari Season 3,Нишевые любимчики,Light novel,Продолжение
40358,9,0.4969,Gal to Kyouryuu,Остальные,Manga,Дебют
40359,9,0.6732,Ikebukuro West Gate Park,Остальные,Novel,Дебют
40392,9,0.8191,Runway de Waratte,Остальные,Manga,Дебют
40397,9,0.8112,Maoujou de Oyasumi,Флагманы,Manga,Дебют
40403,9,0.5711,Shin Sakura Taisen the Animation,Остальные,Game,Дебют
40436,9,0.7402,Peter Grill to Kenja no Jikan,Надёжный просмотр,Manga,Дебют
40454,9,0.9026,Dungeon ni Deai wo Motomeru no wa Machigatteiru Darou ka III,Надёжный просмотр,Light novel,Продолжение
40483,9,0.8419,Murenase! Seton Gakuen,Надёжный просмотр,Web manga,Дебют
40488,9,0.5668,Futsal Boys!!!!!,Нишевые любимчики,Mixed media,Дебют
40507,9,0.863,Arifureta Shokugyou de Sekai Saikyou 2nd Season,Флагманы,Light novel,Продолжение
40513,9,0.7495,Nami yo Kiitekure,Остальные,Manga,Дебют
40526,9,0.6195,"Dragon, Ie wo Kau.",Остальные,Manga,Дебют
40529,9,0.8483,No Guns Life 2nd Season,Остальные,Manga,Продолжение
40530,9,0.8461,Jaku-Chara Tomozaki-kun,Надёжный просмотр,Light novel,Дебют
40550,9,0.6771,Assault Lily: Bouquet,Остальные,Mixed media,Дебют
40571,9,0.822,Majo no Tabitabi,Флагманы,Light novel,Дебют
40586,9,0.7822,"Slime Taoshite 300-nen, Shiranai Uchi ni Level Max ni Nattemashita",Надёжный просмотр,Light novel,Дебют
40591,9,0.9488,Kaguya-sama wa Kokurasetai? Tensai-tachi no Renai Zunousen,Флагманы,Manga,Продолжение
40594,9,0.8053,Tatoeba Last Dungeon Mae no Mura no Shounen ga Joban no Machi de Kurasu Youna Monogatari,Надёжный просмотр,Light novel,Дебют
40595,9,0.7938,"Kimi to Boku no Saigo no Senjou, Aruiwa Sekai ga Hajimaru Seisen",Надёжный просмотр,Light novel,Дебют
40608,9,0.6389,Muv-Luv Alternative,Остальные,Visual novel,Дебют
40623,9,0.6776,Dokyuu Hentai HxEros,Остальные,Manga,Дебют
40679,9,0.6665,2.43: Seiin Koukou Danshi Volley-bu,Остальные,Novel,Дебют
40685,9,0.7544,Super Cub,Нишевые любимчики,Light novel,Дебют
40708,9,0.7789,Monster Musume no Oishasan,Надёжный просмотр,Light novel,Дебют
40716,9,0.8177,Kakushigoto,Нишевые любимчики,Manga,Дебют
40738,9,0.7441,Natsunagu!,Остальные,Original,Дебют
40750,9,0.8118,Kaifuku Jutsushi no Yarinaoshi,Флагманы,Light novel,Дебют
40752,9,0.6456,Bishounen Tanteidan,Остальные,Novel,Дебют
40763,9,0.7687,Show By Rock!! Mashumairesh!!,Остальные,Game,Продолжение
40776,9,0.9534,Haikyuu!! To the Top Part 2,Флагманы,Manga,Продолжение
40783,9,0.665,"Shachou, Battle no Jikan desu!",Остальные,Game,Дебют
40786,9,0.6735,Skate-Leading☆Stars,Остальные,Original,Дебют
40815,9,0.9372,Honzuki no Gekokujou: Shisho ni Naru Tame ni wa Shudan wo Erandeiraremasen 2nd Season,Надёжный просмотр,Light novel,Продолжение
40839,9,0.8875,"Kanojo, Okarishimasu",Флагманы,Manga,Дебют
40842,9,0.7333,Idoly Pride,Нишевые любимчики,Mixed media,Дебют
40870,9,0.7752,SSSS.Dynazenon,Нишевые любимчики,Original,Дебют
40904,9,0.8224,Bokutachi no Remake,Флагманы,Light novel,Дебют
40907,9,0.9054,World Trigger 2nd Season,Остальные,Manga,Продолжение
40908,9,0.823,Kemono Jihen,Надёжный просмотр,Manga,Дебют
40930,9,0.8473,Azur Lane: Bisoku Zenshin!,Остальные,4-koma manga,Продолжение
40935,9,0.9075,Beastars 2nd Season,Надёжный просмотр,Manga,Продолжение
40957,9,0.795,Shin Chuuka Ichiban! 2nd Season,Остальные,Manga,Продолжение
40958,9,0.688,Rail Romanesque,Остальные,Visual novel,Дебют
40960,9,0.7096,Cheat Kusushi no Slow Life: Isekai ni Tsukurou Drugstore,Остальные,Light novel,Дебют
40961,9,0.6234,Hortensia Saga,Остальные,Game,Дебют
40974,9,0.8397,Kuma Kuma Kuma Bear,Надёжный просмотр,Light novel,Дебют
40995,9,0.7132,Hentatsu (TV),Остальные,Original,Дебют
41084,9,0.8961,Made in Abyss: Retsujitsu no Ougonkyou,Флагманы,Web manga,Продолжение
41103,9,0.8052,Koi to Yobu ni wa Kimochi Warui,Флагманы,Web manga,Дебют
41109,9,0.796,Log Horizon: Entaku Houkai,Остальные,Light novel,Продолжение
41169,9,0.8372,Love Live! Superstar!!,Нишевые любимчики,Other,Дебют
41226,9,0.8432,Uzaki-chan wa Asobitai!,Надёжный просмотр,Web manga,Дебют
41312,9,0.8655,Kami-tachi ni Hirowareta Otoko,Надёжный просмотр,Light novel,Дебют
41364,9,0.8946,One Room: Third Season,Остальные,Original,Продолжение
41372,9,0.6205,Senyoku no Sigrdrifa,Остальные,Original,Дебют
41380,9,0.8206,100-man no Inochi no Ue ni Ore wa Tatteiru,Надёжный просмотр,Manga,Дебют
41389,9,0.8729,Tonikaku Kawaii,Флагманы,Manga,Дебют
41392,9,0.6617,Urasekai Picnic,Остальные,Novel,Дебют
41433,9,0.8507,Akudama Drive,Флагманы,Original,Дебют
41456,9,0.8101,"Sentouin, Haken shimasu!",Надёжный просмотр,Light novel,Дебют
41461,9,0.8671,Date A Live IV,Нишевые любимчики,Light novel,Продолжение
41487,9,0.9511,Tensei shitara Slime Datta Ken 2nd Season Part 2,Флагманы,Manga,Продолжение
41488,9,0.844,Tensura Nikki: Tensei shitara Slime Datta Ken,Флагманы,Manga,Дебют
41514,9,0.7931,Itai no wa Iya nanode Bougyoryoku ni Kyokufuri Shitai to Omoimasu. 2,Остальные,Light novel,Продолжение
41520,9,0.8186,Show by Rock!! Stars!!,Остальные,Game,Продолжение
41521,9,0.6471,WIXOSS Diva(A)Live,Остальные,Card game,Дебют
41556,9,0.5678,Maiko-san Chi no Makanai-san,Остальные,Manga,Дебют
41574,9,0.7941,Guraburu!,Остальные,4-koma manga,Дебют
41589,9,0.6374,Tokyo Mew Mew New ♡,Нишевые любимчики,Manga,Дебют
41762,9,0.7103,Tenchi Souzou Design-bu,Остальные,Manga,Дебют
41783,9,0.6917,Iwa Kakeru! Sport Climbing Girls,Остальные,Web manga,Дебют
41833,9,0.7189,Kyuuketsuki Sugu Shinu,Нишевые любимчики,Manga,Дебют
41899,9,0.8443,Ore dake Haireru Kakushi Dungeon,Надёжный просмотр,Light novel,Дебют
41930,9,0.8048,Kamisama ni Natta Hi,Нишевые любимчики,Original,Дебют
42071,9,0.8139,Yuuki Yuuna wa Yuusha de Aru Churutto!,Остальные,Game,Продолжение
42072,9,0.7449,Kenja no Deshi wo Nanoru Kenja,Надёжный просмотр,Light novel,Дебют
42203,9,0.9239,Re:Zero kara Hajimeru Isekai Seikatsu 2nd Season Part 2,Флагманы,Light novel,Продолжение
42238,9,0.941,Ani ni Tsukeru Kusuri wa Nai! 4,Надёжный просмотр,Web manga,Продолжение
42250,9,0.8712,Bungou Stray Dogs Wan!,Флагманы,Web manga,Продолжение
42282,9,0.8261,Otome Game no Hametsu Flag shika Nai Akuyaku Reijou ni Tensei shiteshimatta... X,Надёжный просмотр,Light novel,Продолжение
42307,9,0.6069,Subarashiki Kono Sekai The Animation,Остальные,Game,Дебют
42321,9,0.5752,Battle Athletess Daiundoukai ReSTART!,Остальные,Original,Дебют
42340,9,0.8007,Meikyuu Black Company,Надёжный просмотр,Web manga,Дебют
42351,9,0.8542,Senpai ga Uzai Kouhai no Hanashi,Надёжный просмотр,Web manga,Дебют
42361,9,0.8304,"Ijiranaide, Nagatoro-san",Флагманы,Web manga,Дебют
42385,9,0.7368,The iDOLM@STER Million Live!,Остальные,Game,Продолжение
42395,9,0.7368,Shakunetsu Kabaddi,Нишевые любимчики,Web manga,Дебют
42506,9,0.7677,World Witches Hasshin Shimasu!,Остальные,Original,Дебют
42516,9,0.5976,Cardfight!! Vanguard: overDress,Остальные,Original,Дебют
42544,9,0.7568,Kaizoku Oujo,Нишевые любимчики,Original,Дебют
42568,9,0.6923,Yaku nara Mug Cup mo,Остальные,Manga,Дебют
42571,9,0.8224,Dogeza de Tanondemita,Остальные,Web manga,Дебют
42587,9,0.814,Yuuki Yuuna wa Yuusha de Aru: Dai Mankai no Shou,Нишевые любимчики,Original,Продолжение
42590,9,0.7927,Mashiro no Oto,Остальные,Manga,Дебют
42627,9,0.6965,Peach Boy Riverside,Остальные,Manga,Дебют
42657,9,,Himitsukessha Taka no Tsume: Golden Spell,Остальные,Original,Дебют
42670,9,0.8221,Princess Connect! Re:Dive Season 2,Нишевые любимчики,Game,Продолжение
42745,9,0.8323,Machikado Mazoku: 2-choume,Остальные,4-koma manga,Продолжение
42822,9,0.7516,Kai Byoui Ramune,Остальные,Manga,Дебют
42826,9,0.828,Seijo no Maryoku wa Bannou desu,Надёжный просмотр,Light novel,Дебют
42883,9,0.7833,Sore dake ga Neck,Надёжный просмотр,Original,Дебют
42923,9,0.848,SK∞,Флагманы,Original,Дебют
42959,9,0.8871,Yatogame-chan Kansatsu Nikki Sansatsume,Остальные,4-koma manga,Продолжение
42963,9,0.8081,"Kanojo, Okarishimasu 2nd Season",Нишевые любимчики,Manga,Продолжение
42994,9,0.825,Jashin-chan Dropkick X,Остальные,Web manga,Продолжение
43007,9,0.7204,Osananajimi ga Zettai ni Makenai Love Comedy,Флагманы,Light novel,Дебют
43299,9,0.7927,Wonder Egg Priority,Нишевые любимчики,Original,Дебют
43470,9,0.7969,Rikei ga Koi ni Ochita no de Shoumei shitemita. Heart,Остальные,Web manga,Продолжение
43523,9,0.9091,Tsuki ga Michibiku Isekai Douchuu,Флагманы,Light novel,Дебют
43756,9,0.7811,Bakuten!!,Нишевые любимчики,Original,Дебют
43767,9,0.6205,Night Head 2041,Нишевые любимчики,Other,Дебют
43814,9,0.8456,Deatte 5-byou de Battle,Надёжный просмотр,Web manga,Дебют
43969,9,0.7666,Kanojo mo Kanojo,Флагманы,Manga,Дебют
44040,9,0.774,Abciee Shuugyou Nikki,Надёжный просмотр,Other,Дебют
44055,9,0.8096,Sasaki to Miyano,Флагманы,Web manga,Дебют
44081,9,0.6435,B-Project: Netsuretsu*Love Call,Остальные,Mixed media,Дебют
44203,9,0.8897,Seirei Gensouki,Флагманы,Light novel,Дебют
44204,9,0.8061,Kyokou Suiri Season 2,Остальные,Manga,Продолжение
44235,9,0.906,Pui Pui Molcar,Флагманы,Other,Дебют
44274,9,0.6535,Puraore! Pride of Orange,Остальные,Mixed media,Дебют
44276,9,0.7964,Kyuukyoku Shinka shita Full Dive RPG ga Genjitsu yori mo Kusoge Dattara,Надёжный просмотр,Light novel,Дебют
44387,9,0.6519,Sankaku Mado no Sotogawa wa Yoru,Нишевые любимчики,Manga,Дебют
44511,9,0.9027,Chainsaw Man,Флагманы,Manga,Дебют
44516,9,0.7241,Koroshi Ai,Остальные,Manga,Дебют
44524,9,0.7976,Isekai Meikyuu de Harem wo,Флагманы,Light novel,Дебют
44881,9,0.8798,100-man no Inochi no Ue ni Ore wa Tatteiru 2nd Season,Надёжный просмотр,Manga,Продолжение
45055,9,0.8237,Taishou Otome Otogibanashi,Нишевые любимчики,Manga,Дебют
45425,9,0.7438,Slow Loop,Остальные,Manga,Дебют
45486,9,0.852,Kuma Kuma Kuma Bear Punch!,Остальные,Light novel,Продолжение
45560,9,0.6707,Orient,Остальные,Manga,Дебют
45576,9,0.9494,Mushoku Tensei: Isekai Ittara Honki Dasu Part 2,Флагманы,Light novel,Продолжение
45587,9,0.8111,Itazuraguma no Gloomy,Надёжный просмотр,Other,Дебют
45613,9,0.674,Kawaii dake ja Nai Shikimori-san,Флагманы,Web manga,Дебют
45653,9,0.7206,Soredemo Ayumu wa Yosetekuru,Остальные,Manga,Дебют
45665,9,0.5587,Fairy Ranmaru: Anata no Kokoro Otasuke Shimasu,Нишевые любимчики,Original,Дебют
46118,9,0.5862,Wave!! Surfing Yappe!! (TV),Остальные,Mixed media,Дебют
46352,9,0.7807,Blue Period,Флагманы,Manga,Дебют
46471,9,0.6323,"Tantei wa Mou, Shindeiru.",Нишевые любимчики,Light novel,Дебют
46604,9,0.5625,Dolls' Frontline,Остальные,Game,Дебют
46985,9,0.8171,Shinka no Mi: Shiranai Uchi ni Kachigumi Jinsei,Надёжный просмотр,Light novel,Дебют
47159,9,0.8218,Tensai Ouji no Akaji Kokka Saisei Jutsu,Надёжный просмотр,Light novel,Дебют
47160,9,0.8174,Goblin Slayer II,Нишевые любимчики,Light novel,Продолжение
47161,9,0.8092,Shikkakumon no Saikyou Kenja,Надёжный просмотр,Light novel,Дебют
47162,9,0.6467,Shokei Shoujo no Virgin Road,Остальные,Light novel,Дебют
47163,9,0.7713,"Tensei Kenja no Isekai Life: Dai-2 no Shokugyou wo Ete, Sekai Saikyou ni Narimashita",Флагманы,Light novel,Дебют
47250,9,0.5573,Jouran: The Princess of Snow and Blood,Остальные,Original,Дебют
47257,9,0.7539,Shinigami Bocchan to Kuro Maid,Нишевые любимчики,Web manga,Дебют
47391,9,0.6903,Seven Knights Revolution: Eiyuu no Keishousha,Надёжный просмотр,Game,Дебют
47790,9,0.8975,"Sekai Saikou no Ansatsusha, Isekai Kizoku ni Tensei suru",Флагманы,Light novel,Дебют
47917,9,0.893,Bocchi the Rock!,Флагманы,4-koma manga,Дебют
48239,9,0.8521,Leadale no Daichi nite,Надёжный просмотр,Light novel,Дебют
48252,9,0.7605,"Ore, Tsushima",Нишевые любимчики,Manga,Дебют
48363,9,0.664,RPG Fudousan,Остальные,4-koma manga,Дебют
48406,9,0.7678,Re-Main,Нишевые любимчики,Original,Дебют
48413,9,0.7294,Hataraku Maou-sama!!,Нишевые любимчики,Light novel,Продолжение
48414,9,0.7588,Sabikui Bisco,Остальные,Light novel,Дебют
48415,9,0.8056,"Shijou Saikyou no Daimaou, Murabito A ni Tensei suru",Надёжный просмотр,Light novel,Дебют
48417,9,0.6404,"Maou Gakuin no Futekigousha II: Shijou Saikyou no Maou no Shiso, Tensei shite Shison-tachi no Gakkou e Kayou",Нишевые любимчики,Light novel,Дебют
48418,9,0.756,"Maou Gakuin no Futekigousha II: Shijou Saikyou no Maou no Shiso, Tensei shite Shison-tachi no Gakkou e Kayou Part 2",Остальные,Light novel,Продолжение
48441,9,0.5283,The Legend of Heroes: Sen no Kiseki - Northern War,Остальные,Game,Дебют
48471,9,0.7424,Tsuki to Laika to Nosferatu,Остальные,Light novel,Дебют
48483,9,0.7996,Mieruko-chan,Флагманы,Web manga,Дебют
48491,9,0.7972,Yama no Susume: Next Summit,Остальные,Manga,Продолжение
48542,9,0.7575,Do It Yourself!!,Остальные,Original,Дебют
48553,9,0.7452,Akebi-chan no Sailor-fuku,Нишевые любимчики,Web manga,Дебют
48556,9,0.7075,Takt Op. Destiny,Нишевые любимчики,Mixed media,Дебют
48567,9,0.5925,Visual Prison,Нишевые любимчики,Original,Дебют
48569,9,0.9081,86 Part 2,Флагманы,Light novel,Продолжение
48580,9,0.7847,Vanitas no Karte,Нишевые любимчики,Manga,Дебют
48583,9,0.9309,Shingeki no Kyojin: The Final Season Part 2,Флагманы,Manga,Продолжение
48633,9,0.6766,Liar Liar,Остальные,Light novel,Дебют
48643,9,0.7799,Koi wa Sekai Seifuku no Ato de,Надёжный просмотр,Manga,Дебют
48644,9,0.6531,Gyakuten Sekai no Denchi Shoujo,Остальные,Original,Дебют
48649,9,0.678,Fuuto Tantei,Нишевые любимчики,Manga,Дебют
48736,9,0.9012,Sono Bisque Doll wa Koi wo Suru,Флагманы,Manga,Дебют
48742,9,0.5855,"Kono Healer, Mendokusai",Остальные,Web manga,Дебют
48760,9,0.8669,"Gaikotsu Kishi-sama, Tadaima Isekai e Odekakechuu",Надёжный просмотр,Light novel,Дебют
48761,9,0.8021,Saihate no Paladin,Надёжный просмотр,Light novel,Дебют
48775,9,0.8041,Kaginado,Остальные,Original,Дебют
48776,9,0.6141,Build Divide: Code Black,Остальные,Mixed media,Дебют
48777,9,0.7816,Build Divide: Code White,Остальные,Mixed media,Дебют
48779,9,0.8091,Deaimon,Надёжный просмотр,Manga,Дебют
48804,9,0.8717,Isekai Shokudou 2,Надёжный просмотр,Light novel,Продолжение
48842,9,0.6839,Mahoutsukai Reimeiki,Остальные,Light novel,Дебют
48849,9,0.723,Sonny Boy,Нишевые любимчики,Original,Дебют
48857,9,0.6931,Healer Girl,Остальные,Original,Дебют
48858,9,0.7224,180-byou de Kimi no Mimi wo Shiawase ni Dekiru ka?,Остальные,Original,Дебют
48926,9,0.823,"Komi-san wa, Comyushou desu.",Флагманы,Manga,Дебют
48981,9,0.562,Mahou Shoujo Magical Destroyers,Остальные,Original,Дебют
48997,9,0.7984,Fantasy Bishoujo Juniku Ojisan to,Надёжный просмотр,Web manga,Дебют
49109,9,0.8528,Kami-tachi ni Hirowareta Otoko 2nd Season,Надёжный просмотр,Light novel,Продолжение
49114,9,0.8789,Vanitas no Karte Part 2,Флагманы,Manga,Продолжение
49154,9,0.7347,High Card,Остальные,Mixed media,Дебют
49160,9,0.6718,Shachiku-san wa Youjo Yuurei ni Iyasaretai.,Остальные,Manga,Дебют
49263,9,0.857,Yaku nara Mug Cup mo: Niban Gama,Остальные,Manga,Продолжение
49292,9,0.5298,Deep Insanity: The Lost Child,Остальные,Mixed media,Дебют
49304,9,0.5351,Seiken Densetsu: Legend of Mana - The Teardrop Crystal,Остальные,Game,Дебют
49385,9,0.6587,Kaijin Kaihatsu-bu no Kuroitsu-san,Остальные,Web manga,Дебют
49438,9,0.8871,Isekai Yakkyoku,Надёжный просмотр,Light novel,Дебют
49470,9,0.788,Mamahaha no Tsurego ga Motokano datta,Надёжный просмотр,Light novel,Дебют
49505,9,0.8397,Deji Meets Girl,Остальные,Original,Дебют
49514,9,0.4697,Gensou Sangokushi: Tengen Reishinki,Остальные,Game,Дебют
49520,9,0.7363,Aharen-san wa Hakarenai,Флагманы,Manga,Дебют
49551,9,0.8101,Hanabi-chan wa Okuregachi,Надёжный просмотр,Manga,Дебют
49612,9,0.7023,Ningen Fushin no Boukensha-tachi ga Sekai wo Sukuu you desu,Надёжный просмотр,Light novel,Дебют
49692,9,0.7945,Heroine Tarumono! Kiraware Heroine to Naisho no Oshigoto,Остальные,Music,Дебют
49721,9,0.873,Karakai Jouzu no Takagi-san 3,Флагманы,Manga,Продолжение
49766,9,0.6811,Under Ninja,Остальные,Manga,Дебют
49776,9,0.7794,Kumichou Musume to Sewagakari,Надёжный просмотр,Web manga,Дебют
49782,9,0.8594,Shadows House 2nd Season,Остальные,Manga,Продолжение
49820,9,0.7936,Cardfight!! Vanguard: will+Dress Season 2,Остальные,Original,Продолжение
49828,9,0.8371,Kidou Senshi Gundam: Suisei no Majo,Флагманы,Original,Дебют
49831,9,0.6238,Black★★Rock Shooter: Dawn Fall,Нишевые любимчики,Other,Дебют
49849,9,0.7645,Shinmai Renkinjutsushi no Tenpo Keiei,Надёжный просмотр,Light novel,Дебют
49858,9,0.8256,Shinigami Bocchan to Kuro Maid 2nd Season,Остальные,Web manga,Продолжение
49891,9,0.8576,Tensei shitara Ken deshita,Флагманы,Light novel,Дебют
49894,9,0.6849,Eiyuu Kyoushitsu,Надёжный просмотр,Light novel,Дебют
49969,9,0.6016,Tribe Nine,Остальные,Mixed media,Дебют
49979,9,0.8192,Akuyaku Reijou nanode Last Boss wo Kattemimashita,Надёжный просмотр,Light novel,Дебют
49980,9,0.7707,Sugar Apple Fairy Tale,Нишевые любимчики,Light novel,Дебют
49981,9,0.5364,"Kimi to Boku no Saigo no Senjou, Aruiwa Sekai ga Hajimaru Seisen Season II",Остальные,Light novel,Продолжение
50010,9,0.8361,Meitantei Conan: Hannin no Hanzawa-san,Надёжный просмотр,Manga,Дебют
50172,9,0.8885,Mob Psycho 100 III,Флагманы,Web manga,Продолжение
50175,9,0.8294,"Yuusha, Yamemasu",Надёжный просмотр,Light novel,Дебют
50184,9,0.746,Seiken Gakuin no Makentsukai,Надёжный просмотр,Light novel,Дебют
50185,9,0.7599,Ryman's Club,Нишевые любимчики,Original,Дебют
50197,9,0.8545,"Ijiranaide, Nagatoro-san 2nd Attack",Нишевые любимчики,Web manga,Продолжение
50203,9,0.8778,Love Live! Superstar!! 2nd Season,Нишевые любимчики,Other,Продолжение
50204,9,0.6553,Tokyo 24-ku,Остальные,Original,Дебют
50220,9,0.6607,Isekai Shoukan wa Nidome desu,Надёжный просмотр,Light novel,Дебют
50221,9,0.7584,Shine Post,Остальные,Mixed media,Дебют
50265,9,0.9005,Spy x Family,Флагманы,Manga,Дебют
50273,9,0.8642,Tomodachi Game,Флагманы,Manga,Дебют
50284,9,0.5211,Technoroid: Overmind,Остальные,Mixed media,Дебют
50285,9,,On Air Dekinai!,Остальные,Manga,Дебют
50287,9,0.8359,Kyuuketsuki Sugu Shinu 2,Остальные,Manga,Продолжение
50306,9,0.8085,Seirei Gensouki 2,Нишевые любимчики,Light novel,Продолжение
50307,9,0.7813,Tonikaku Kawaii 2nd Season,Нишевые любимчики,Manga,Продолжение
50348,9,0.8151,Peter Grill to Kenja no Jikan: Super Extra,Остальные,Manga,Продолжение
50380,9,0.8176,Paripi Koumei,Флагманы,Web manga,Дебют
50384,9,0.7731,Mononogatari,Остальные,Manga,Дебют
50392,9,0.7392,Mato Seihei no Slave,Нишевые любимчики,Manga,Дебют
50416,9,0.8354,Skip to Loafer,Флагманы,Manga,Дебют
50425,9,0.8741,"Fuufu Ijou, Koibito Miman.",Флагманы,Manga,Дебют
50461,9,0.8892,Otome Game Sekai wa Mob ni Kibishii Sekai desu,Флагманы,Light novel,Дебют
50481,9,0.7853,"Eiyuuou, Bu wo Kiwameru Tame Tenseisu: Soshite, Sekai Saikyou no Minarai Kishi♀",Надёжный просмотр,Light novel,Дебют
50583,9,0.6462,Buta no Liver wa Kanetsu Shiro,Остальные,Light novel,Дебют
50606,9,0.5418,Ayakashi Triangle,Остальные,Manga,Дебют
50631,9,0.8786,"Komi-san wa, Comyushou desu. 2nd Season",Флагманы,Manga,Продолжение
50638,9,0.8038,Muv-Luv Alternative 2nd Season,Остальные,Visual novel,Продолжение
50652,9,0.7418,Tsundere Akuyaku Reijou Liselotte to Jikkyou no Endou-kun to Kaisetsu no Kobayashi-san,Остальные,Light novel,Дебют
50664,9,0.7859,Saihate no Paladin: Tetsusabi no Yama no Ou,Остальные,Light novel,Продолжение
50678,9,0.8388,Kyoukai Senki Part 2,Остальные,Original,Продолжение
50685,9,0.8481,Kaginado Season 2,Остальные,Original,Продолжение
50695,9,0.8285,MF Ghost,Флагманы,Manga,Дебют
50738,9,0.6797,"Slime Taoshite 300-nen, Shiranai Uchi ni Level Max ni Nattemashita: Sono Ni",Остальные,Light novel,Продолжение
50739,9,0.867,Otonari no Tenshi-sama ni Itsunomanika Dame Ningen ni Sareteita Ken,Флагманы,Light novel,Дебют
50760,9,0.5827,Teppen!!!!!!!!!!!!!!!,Остальные,Manga,Дебют
50854,9,0.7956,"Benriya Saitou-san, Isekai ni Iku",Надёжный просмотр,Web manga,Дебют
50862,9,0.6348,Estab-Life: Great Escape,Остальные,Mixed media,Дебют
50871,9,0.5447,Alice Gear Aegis Expansion,Остальные,Game,Дебют
50917,9,0.6564,Prima Doll,Остальные,Mixed media,Дебют
50923,9,0.7165,Mushikaburi-hime,Нишевые любимчики,Light novel,Дебют
50985,9,0.5889,Chimimo,Нишевые любимчики,Original,Дебют
50999,9,0.6642,Extreme Hearts,Остальные,Original,Дебют
51064,9,0.8834,Kuro no Shoukanshi,Надёжный просмотр,Light novel,Дебют
51092,9,0.5807,Yuurei Deco,Остальные,Original,Дебют
51098,9,0.6586,Shinobi no Ittoki,Остальные,Original,Дебют
51105,9,0.5609,NieR:Automata Ver1.1a,Нишевые любимчики,Game,Дебют
51128,9,0.7273,Noumin Kanren no Skill bakka Agetetara Nazeka Tsuyoku Natta.,Надёжный просмотр,Light novel,Дебют
51139,9,0.4633,Kizuna no Allele,Остальные,Original,Дебют
51179,9,0.9337,Mushoku Tensei II: Isekai Ittara Honki Dasu,Флагманы,Light novel,Дебют
51212,9,0.7516,Futoku no Guild,Остальные,Manga,Дебют
51213,9,0.7766,Kinsou no Vermeil: Gakeppuchi Majutsushi wa Saikyou no Yakusai to Mahou Sekai wo Tsukisusumu,Флагманы,Manga,Дебют
51215,9,0.8421,Seijo no Maryoku wa Bannou desu Season 2,Надёжный просмотр,Light novel,Продолжение
51219,9,0.6798,Isekai One Turn Kill Neesan: Ane Douhan no Isekai Seikatsu Hajimemashita,Остальные,Manga,Дебют
51252,9,0.5613,Spy Kyoushitsu,Остальные,Light novel,Дебют
51265,9,0.7028,Inu ni Nattara Suki na Hito ni Hirowareta.,Остальные,Web manga,Дебют
51368,9,0.8606,Orient: Awajishima Gekitou-hen,Надёжный просмотр,Manga,Продолжение
51371,9,0.6108,Bucchigire!,Остальные,Original,Дебют
51381,9,0.6225,RWBY: Hyousetsu Teikoku,Нишевые любимчики,Other,Дебют
51403,9,0.7463,Renai Flops,Остальные,Original,Дебют
51415,9,0.5287,Opus.COLORs,Остальные,Original,Дебют
51458,9,0.7682,Lv1 Maou to One Room Yuusha,Надёжный просмотр,Web manga,Дебют
51462,9,0.884,Isekai Nonbiri Nouka,Флагманы,Light novel,Дебют
51495,9,0.7697,Shin Shinka no Mi: Shiranai Uchi ni Kachigumi Jinsei,Надёжный просмотр,Light novel,Дебют
51498,9,0.8095,Masamune-kun no Revenge R,Остальные,Manga,Продолжение
51536,9,0.7672,The iDOLM@STER Cinderella Girls: U149,Нишевые любимчики,Web manga,Дебют
51552,9,0.84,Watashi no Shiawase na Kekkon,Флагманы,Novel,Дебют
51586,9,0.7815,D4DJ All Mix,Нишевые любимчики,Mixed media,Дебют
51632,9,0.7888,Isekai wa Smartphone to Tomo ni. 2,Флагманы,Light novel,Продолжение
51648,9,0.8859,Nozomanu Fushi no Boukensha,Надёжный просмотр,Light novel,Дебют
51678,9,0.7785,Oniichan wa Oshimai!,Флагманы,Manga,Дебют
51693,9,0.7411,Kaminaki Sekai no Kamisama Katsudou,Надёжный просмотр,Manga,Дебют
51705,9,0.718,Otonari ni Ginga,Остальные,Manga,Дебют
51706,9,0.6966,Yuusha ga Shinda!,Надёжный просмотр,Web manga,Дебют
51711,9,0.808,Hyouken no Majutsushi ga Sekai wo Suberu,Надёжный просмотр,Light novel,Дебют
51764,9,0.8069,Level 1 dakedo Unique Skill de Saikyou desu,Надёжный просмотр,Light novel,Дебют
51815,9,0.7479,Kubo-san wa Mob wo Yurusanai,Нишевые любимчики,Manga,Дебют
51817,9,0.6945,Watashi no Yuri wa Oshigoto desu!,Остальные,Manga,Дебют
51818,9,0.7977,Enen no Shouboutai: San no Shou,Нишевые любимчики,Manga,Продолжение
51923,9,0.5529,Warau Arsnotoria Sun!,Остальные,Game,Дебют
51956,9,0.5955,Paradox Live the Animation,Нишевые любимчики,Mixed media,Дебют
51958,9,0.7646,Kono Subarashii Sekai ni Bakuen wo!,Остальные,Light novel,Дебют
51986,9,0.8587,Pui Pui Molcar: Driving School,Надёжный просмотр,Original,Продолжение
52081,9,0.7026,Edomae Elf,Остальные,Manga,Дебют
52082,9,0.7313,Shiro Seijo to Kuro Bokushi,Остальные,4-koma manga,Дебют
52092,9,0.6812,My Home Hero,Остальные,Manga,Дебют
52093,9,0.727,Trigun Stampede,Нишевые любимчики,Manga,Дебют
52173,9,0.7309,Koori Zokusei Danshi to Cool na Douryou Joshi,Остальные,Web manga,Дебют
52193,9,0.7513,Akiba Meido Sensou,Нишевые любимчики,Original,Дебют
52196,9,0.8342,Date A Live V,Нишевые любимчики,Light novel,Продолжение
52211,9,0.8673,Mashle,Флагманы,Manga,Дебют
52229,9,0.8825,Birdie Wing: Golf Girls' Story Season 2,Остальные,Original,Продолжение
52299,9,0.9122,Ore dake Level Up na Ken,Флагманы,Web manga,Дебют
52308,9,0.8417,Kanojo ga Koushaku-tei ni Itta Riyuu,Флагманы,Web manga,Дебют
52359,9,0.767,Isekai de Mofumofu Nadenade suru Tame ni Ganbattemasu.,Надёжный просмотр,Light novel,Дебют
52367,9,0.7335,Isekai Shikkaku,Надёжный просмотр,Web manga,Дебют
52381,9,0.7527,Aru Asa Dummy Head Mic ni Natteita Ore-kun no Jinsei,Остальные,Original,Дебют
52405,9,0.5294,Highspeed Etoile,Остальные,Original,Дебют
52446,9,0.8426,Kaiko sareta Ankoku Heishi (30-dai) no Slow na Second Life,Надёжный просмотр,Light novel,Дебют
52461,9,0.8168,Rougo ni Sonaete Isekai de 8-manmai no Kinka wo Tamemasu,Надёжный просмотр,Light novel,Дебют
52481,9,0.7315,Gimai Seikatsu,Нишевые любимчики,Light novel,Дебют
52482,9,0.761,Sasaki to Pii-chan,Надёжный просмотр,Light novel,Дебют
52578,9,0.8684,Boku no Kokoro no Yabai Yatsu,Флагманы,Manga,Дебют
52588,9,0.9088,Kaijuu 8-gou,Флагманы,Manga,Дебют
52608,9,0.8568,Tensei Kizoku no Isekai Boukenroku: Jichou wo Shiranai Kamigami no Shito,Надёжный просмотр,Light novel,Дебют
52611,9,0.842,Okashi na Tensei,Надёжный просмотр,Light novel,Дебют
52619,9,0.7412,Jidou Hanbaiki ni Umarekawatta Ore wa Meikyuu wo Samayou,Надёжный просмотр,Light novel,Дебют
52709,9,0.6941,"Danjo no Yuujou wa Seiritsu suru? (Iya, Shinai!!)",Остальные,Light novel,Дебют
52736,9,0.8176,Tensei Oujo to Tensai Reijou no Mahou Kakumei,Флагманы,Light novel,Дебют
52816,9,0.7082,Majo to Yajuu,Нишевые любимчики,Manga,Дебют
52934,9,0.729,"Konyaku Haki sareta Reijou wo Hirotta Ore ga, Ikenai Koto wo Oshiekomu",Остальные,Light novel,Дебют
52955,9,0.8274,Mahoutsukai no Yome Season 2,Остальные,Manga,Продолжение
52962,9,0.8449,"Tearmoon Teikoku Monogatari: Dantoudai kara Hajimaru, Hime no Tensei Gyakuten Story",Надёжный просмотр,Light novel,Дебют
52969,9,0.81,"Jitsu wa Ore, Saikyou deshita?",Надёжный просмотр,Light novel,Дебют
52973,9,0.8004,Megami no Café Terrace,Надёжный просмотр,Manga,Дебют
52985,9,0.6364,Dekoboko Majo no Oyako Jijou,Остальные,4-koma manga,Дебют
52990,9,0.7801,"Keikenzumi na Kimi to, Keiken Zero na Ore ga, Otsukiai suru Hanashi.",Флагманы,Light novel,Дебют
53012,9,0.6418,Human Bug Daigaku,Остальные,Web manga,Дебют
53026,9,0.6584,Synduality: Noir,Остальные,Mixed media,Дебют
53033,9,0.6338,Mecha-ude (TV),Остальные,Original,Дебют
53040,9,0.8248,Kanojo mo Kanojo Season 2,Надёжный просмотр,Manga,Продолжение
53050,9,0.8542,"Kanojo, Okarishimasu 3rd Season",Надёжный просмотр,Manga,Продолжение
53065,9,0.7486,Sono Bisque Doll wa Koi wo Suru Season 2,Нишевые любимчики,Manga,Продолжение
53077,9,0.8242,Nijiyon Animation,Остальные,4-koma manga,Дебют
53097,9,0.8076,Tokyo Mew Mew New ♡ 2nd Season,Остальные,Manga,Продолжение
53132,9,0.6481,UniteUp!,Нишевые любимчики,Music,Дебют
53162,9,0.7033,Majutsushi Orphen Hagure Tabi: Urbanrama-hen,Остальные,Light novel,Продолжение
53163,9,0.6412,Kawaisugi Crisis,Остальные,Manga,Дебют
53179,9,0.5829,Ars no Kyojuu,Остальные,Original,Дебют
53199,9,0.8931,Kidou Senshi Gundam: Suisei no Majo Season 2,Флагманы,Original,Продолжение
53200,9,0.81,Hataraku Maou-sama!! 2nd Season,Остальные,Light novel,Продолжение
53213,9,0.6364,Revenger,Остальные,Original,Дебют
53237,9,0.6209,Shy,Остальные,Manga,Дебют
53262,9,0.6473,Hoshikuzu Telepath,Нишевые любимчики,4-koma manga,Дебют
53263,9,0.8581,"Seija Musou: Salaryman, Isekai de Ikinokoru Tame ni Ayumu Michi",Надёжный просмотр,Light novel,Дебют
53287,9,0.8362,Love Live! Superstar!! 3rd Season,Нишевые любимчики,Other,Продолжение
53356,9,0.7426,Shuumatsu Train Doko e Iku?,Остальные,Original,Дебют
53379,9,0.7174,Uchi no Kaisha no Chiisai Senpai no Hanashi,Остальные,Web manga,Дебют
53397,9,0.7233,Tsuyokute New Saga,Остальные,Light novel,Дебют
53407,9,0.7014,Bartender: Kami no Glass,Остальные,Manga,Дебют
53410,9,0.7959,Yuru Camp△ Season 3,Нишевые любимчики,Manga,Продолжение
53411,9,0.8084,Buddy Daddies,Флагманы,Original,Дебют
53421,9,0.7849,Dosanko Gal wa Namara Menkoi,Надёжный просмотр,Manga,Дебют
53426,9,0.7789,Hyakushou Kizoku,Остальные,Manga,Дебют
53428,9,0.5844,Ayaka,Остальные,Original,Дебют
53434,9,0.8414,"Maou no Ore ga Dorei Elf wo Yome ni Shitanda ga, Dou Medereba Ii?",Надёжный просмотр,Light novel,Дебют
53438,9,0.8305,Higeki no Genkyou to Naru Saikyou Gedou Last Boss Joou wa Tami no Tame ni Tsukushimasu.,Надёжный просмотр,Light novel,Дебют
53439,9,0.842,Boushoku no Berserk,Надёжный просмотр,Light novel,Дебют
53446,9,0.8769,Tondemo Skill de Isekai Hourou Meshi,Флагманы,Light novel,Дебют
53488,9,0.7437,"Shin no Nakama ja Nai to Yuusha no Party wo Oidasareta node, Henkyou de Slow Life suru Koto ni Shimashita 2nd",Надёжный просмотр,Light novel,Продолжение
53516,9,0.8664,"Tensei shitara Dainana Ouji Datta node, Kimama ni Majutsu wo Kiwamemasu",Надёжный просмотр,Light novel,Дебют
53587,9,0.4968,The Marginal Service,Остальные,Original,Дебют
53590,9,0.836,Saijaku Tamer wa Gomi Hiroi no Tabi wo Hajimemashita.,Надёжный просмотр,Light novel,Дебют
53613,9,0.784,Dead Mount Death Play,Надёжный просмотр,Manga,Дебют
53632,9,0.7952,Yumemiru Danshi wa Genjitsushugisha,Надёжный просмотр,Light novel,Дебют
53633,9,0.6089,Bullbuster,Остальные,Mixed media,Дебют
53698,9,0.6986,World Dai Star,Остальные,Mixed media,Дебют
53723,9,0.6962,Acro Trip,Остальные,Manga,Дебют
53730,9,0.7948,"Sokushi Cheat ga Saikyou sugite, Isekai no Yatsura ga Marude Aite ni Naranai n desu ga.",Надёжный просмотр,Light novel,Дебют
53770,9,0.7611,Sentai Daishikkaku,Остальные,Manga,Дебют
53787,9,0.6151,AI no Idenshi,Остальные,Manga,Дебют
53833,9,0.8018,Watashi no Oshi wa Akuyaku Reijou.,Флагманы,Light novel,Дебют
53835,9,0.6658,Unnamed Memory,Остальные,Light novel,Дебют
53887,9,0.8734,Spy x Family Season 2,Флагманы,Manga,Продолжение
53889,9,0.7678,Ao no Exorcist: Shimane Illuminati-hen,Остальные,Manga,Продолжение
53912,9,0.7047,Seiyuu Radio no Uraomote,Остальные,Light novel,Дебют
53924,9,0.7733,Jibaku Shounen Hanako-kun 2,Нишевые любимчики,Manga,Продолжение
54028,9,0.5228,Turkey!,Остальные,Original,Дебют
54103,9,0.7506,Hikikomari Kyuuketsuki no Monmon,Нишевые любимчики,Light novel,Дебют
54112,9,0.7497,Zom 100: Zombie ni Naru made ni Shitai 100 no Koto,Флагманы,Manga,Дебют
54199,9,0.6592,Kaii to Otome to Kamikakushi,Остальные,Web manga,Дебют
54233,9,0.5536,Sasayaku You ni Koi wo Utau,Нишевые любимчики,Manga,Дебют
54259,9,0.679,Rokudou no Onna-tachi,Остальные,Manga,Дебют
54265,9,0.7037,Kekkon Yubiwa Monogatari,Надёжный просмотр,Manga,Дебют
54275,9,0.7558,Temple,Остальные,Web manga,Дебют
54284,9,0.5707,VTuber Nandaga Haishin Kiri Wasuretara Densetsu ni Natteta,Остальные,Light novel,Дебют
54301,9,0.7115,Overtake!,Нишевые любимчики,Original,Дебют
54309,9,0.6216,Blue Archive the Animation,Нишевые любимчики,Game,Дебют
54362,9,0.696,Hametsu no Oukoku,Остальные,Manga,Дебют
54431,9,0.775,Toaru Ossan no VRMMO Katsudouki,Надёжный просмотр,Light novel,Дебют
54449,9,0.6136,Ishura,Остальные,Light novel,Дебют
54595,9,0.9043,Kage no Jitsuryokusha ni Naritakute! 2nd Season,Флагманы,Light novel,Продолжение
54616,9,0.8121,Potion-danomi de Ikinobimasu!,Надёжный просмотр,Light novel,Дебют
54617,9,0.633,Kyuujitsu no Warumono-san,Остальные,Web manga,Дебют
54632,9,0.848,Gekai Elise,Надёжный просмотр,Web manga,Дебют
54638,9,0.5571,Kawagoe Boys Sing,Остальные,Original,Дебют
54714,9,0.8115,Kimi no Koto ga Daidaidaidaidaisuki na 100-nin no Kanojo,Флагманы,Manga,Дебют
54716,9,0.6822,Kibou no Chikara: Otona Precure '23,Остальные,Original,Дебют
54717,9,0.7479,Mahoutsukai Precure!! Mirai Days,Остальные,Original,Продолжение
54724,9,0.7302,Nige Jouzu no Wakagimi,Остальные,Manga,Дебют
54726,9,0.711,"Tsuma, Shougakusei ni Naru.",Остальные,Manga,Дебют
54738,9,0.7548,Majutsushi Orphen Hagure Tabi: Seiiki-hen,Остальные,Light novel,Продолжение
54743,9,0.8663,Dead Mount Death Play Part 2,Надёжный просмотр,Manga,Продолжение
54744,9,0.8189,Tokidoki Bosotto Russia-go de Dereru Tonari no Alya-san,Флагманы,Light novel,Дебют
54758,9,0.6786,The iDOLM@STER Shiny Colors,Остальные,Game,Продолжение
54760,9,0.58,Ryza no Atelier: Tokoyami no Joou to Himitsu no Kakurega,Остальные,Game,Дебют
54769,9,0.5132,Sousei no Aquarion: Myth of Emotions,Остальные,Original,Дебют
54798,9,0.5501,Kamierabi,Остальные,Original,Дебют
54837,9,0.8877,Akuyaku Reijou Level 99: Watashi wa Ura-Boss desu ga Maou dewa Arimasen,Надёжный просмотр,Light novel,Дебют
54839,9,0.7397,Yoru no Kurage wa Oyogenai,Нишевые любимчики,Original,Дебют
54842,9,0.8659,Sugar Apple Fairy Tale Part 2,Надёжный просмотр,Light novel,Продолжение
54852,9,0.8585,Kikansha no Mahou wa Tokubetsu desu,Надёжный просмотр,Web manga,Дебют
54853,9,0.7872,Maou 2099,Надёжный просмотр,Light novel,Дебют
54855,9,0.6244,Senpai wa Otokonoko,Остальные,Web manga,Дебют
54859,9,0.5514,Rinkai!,Остальные,Mixed media,Дебют
54869,9,0.78,High Card Season 2,Остальные,Mixed media,Продолжение
54883,9,0.8691,Mononogatari 2nd Season,Надёжный просмотр,Manga,Продолжение
54913,9,0.8468,"Shinmai Ossan Boukensha, Saikyou Party ni Shinu hodo Kitaerarete Muteki ni Naru.",Надёжный просмотр,Light novel,Дебют
54914,9,,Bikkurimen,Остальные,Other,Дебют
54947,9,0.8383,Spy Kyoushitsu 2nd Season,Остальные,Light novel,Продолжение
54968,9,0.6991,Giji Harem,Нишевые любимчики,Web manga,Дебют
55129,9,0.6988,Oroka na Tenshi wa Akuma to Odoru,Остальные,Manga,Дебют
55150,9,0.7743,Yarinaoshi Reijou wa Ryuutei Heika wo Kouryakuchuu,Надёжный просмотр,Light novel,Дебют
55153,9,0.7618,Yuzuki-san Chi no Yonkyoudai.,Остальные,Manga,Дебют
55265,9,0.8482,"Tensei Kizoku, Kantei Skill de Nariagaru",Надёжный просмотр,Light novel,Дебют
55310,9,0.758,Atarashii Joushi wa Do Tennen,Нишевые любимчики,Web manga,Дебют
55358,9,0.6924,Bucchigiri?!,Остальные,Original,Дебют
55397,9,0.5703,Pon no Michi,Остальные,Original,Дебют
55514,9,0.6095,Zatsu Tabi: That's Journey,Остальные,Manga,Дебют
55528,9,0.7056,Yuuki Bakuhatsu Bang Bravern,Нишевые любимчики,Original,Дебют
55597,9,0.6571,Hananoi-kun to Koi no Yamai,Остальные,Manga,Дебют
55710,9,0.2535,Hana-Doll*: Reinterpretation of Flowering,Остальные,Mixed media,Дебют
55717,9,0.5883,Dekisokonai to Yobareta Motoeiyuu wa Jikka kara Tsuihou sareta node Sukikatte ni Ikiru Koto ni Shita,Остальные,Light novel,Дебют
55742,9,0.8856,Mahoutsukai no Yome Season 2 Part 2,Остальные,Manga,Продолжение
55749,9,0.8241,Megami no Café Terrace 2nd Season,Остальные,Manga,Продолжение
55774,9,0.6461,"Himesama ""Goumon"" no Jikan desu",Остальные,Manga,Дебют
55775,9,,Kizuna no Allele Season 2,Остальные,Original,Продолжение
55813,9,0.8872,Mashle: Shinkakusha Kouho Senbatsu Shiken-hen,Надёжный просмотр,Manga,Продолжение
55823,9,0.7933,Natsume Yuujinchou Shichi,Нишевые любимчики,Manga,Продолжение
55842,9,0.6504,Okinawa de Suki ni Natta Ko ga Hougen Sugite Tsurasugiru,Остальные,Web manga,Дебют
55844,9,0.6822,Tasogare Out Focus,Нишевые любимчики,Manga,Дебют
55866,9,0.7833,Yubisaki to Renren,Флагманы,Manga,Дебют
55877,9,0.7567,Henjin no Salad Bowl,Остальные,Light novel,Дебют
55887,9,0.7569,"Kekkon suru tte, Hontou desu ka",Остальные,Manga,Дебют
55888,9,0.9195,Mushoku Tensei II: Isekai Ittara Honki Dasu Part 2,Флагманы,Light novel,Продолжение
55894,9,0.6412,Bokura no Ame-iro Protocol,Остальные,Original,Дебют
55973,9,0.7947,30-sai made Doutei dato Mahoutsukai ni Nareru Rashii,Флагманы,Manga,Дебют
55994,9,0.7491,Sword Art Online Alternative: Gun Gale Online II,Остальные,Light novel,Продолжение
55996,9,0.651,Koi wa Futago de Warikirenai,Остальные,Light novel,Дебют
55997,9,0.7171,"Guild no Uketsukejou desu ga, Zangyou wa Iya nanode Boss wo Solo Toubatsu Shiyou to Omoimasu",Надёжный просмотр,Light novel,Дебют
55998,9,0.59,Momochi-san Chi no Ayakashi Ouji,Остальные,Manga,Дебют
56062,9,0.6632,Naze Boku no Sekai wo Daremo Oboeteinai no ka?,Остальные,Light novel,Дебют
56063,9,0.8222,NieR:Automata Ver1.1a Part 2,Остальные,Game,Продолжение
56135,9,0.6706,UniteUp! Uni:Birth,Нишевые любимчики,Music,Продолжение
56165,9,0.7487,Boukyaku Battery (TV),Нишевые любимчики,Manga,Дебют
56348,9,0.7247,Dungeon no Naka no Hito,Остальные,Web manga,Дебют
56352,9,0.852,"Loop 7-kaime no Akuyaku Reijou wa, Moto Tekikoku de Jiyuu Kimama na Hanayome Seikatsu wo Mankitsu suru",Флагманы,Light novel,Дебют
56400,9,0.7191,"Maou-sama, Retry! R",Остальные,Web manga,Продолжение
56449,9,0.7305,Madougushi Dahliya wa Utsumukanai,Остальные,Light novel,Дебют
56461,9,0.5609,Hamidashi Creative,Остальные,Visual novel,Дебют
56690,9,0.8018,Re:Monster,Надёжный просмотр,Light novel,Дебют
56691,9,0.4571,Gekkan Mousou Kagaku,Остальные,Original,Дебют
56700,9,0.6863,Jidou Hanbaiki ni Umarekawatta Ore wa Meikyuu wo Samayou 2nd Season,Остальные,Light novel,Продолжение
56731,9,0.8128,Synduality: Noir Part 2,Остальные,Mixed media,Продолжение
56738,9,0.8769,Shinigami Bocchan to Kuro Maid 3rd Season,Остальные,Web manga,Продолжение
56768,9,0.6865,"Tadaima, Okaeri",Нишевые любимчики,Manga,Дебют
56838,9,0.7427,"One Room, Hiatari Futsuu, Tenshi-tsuki.",Остальные,Manga,Дебют
56843,9,0.7485,Goukon ni Ittara Onna ga Inakatta Hanashi,Нишевые любимчики,Web manga,Дебют
56845,9,0.711,"Saikyou Tank no Meikyuu Kouryaku: Tairyoku 9999 no Rare Skill-mochi Tank, Yuusha Party wo Tsuihou sareru",Надёжный просмотр,Manga,Дебют
56907,9,0.6653,Koujo Denka no Kateikyoushi,Остальные,Light novel,Дебют
56923,9,0.8432,Lv2 kara Cheat datta Motoyuusha Kouho no Mattari Isekai Life,Надёжный просмотр,Light novel,Дебют
56964,9,0.7158,Raise wa Tanin ga Ii,Остальные,Manga,Дебют
56967,9,0.7462,Kamierabi 2nd Season,Остальные,Original,Продолжение
57031,9,0.6609,Vampire Dormitory,Остальные,Manga,Дебют
57050,9,0.5497,Kisaki Kyouiku kara Nigetai Watashi,Остальные,Manga,Дебют
57058,9,0.8139,"Ore wa Subete wo ""Parry"" suru: Gyaku Kanchigai no Sekai Saikyou wa Boukensha ni Naritai",Надёжный просмотр,Light novel,Дебют
57099,9,0.5637,Na Nare Hana Nare,Остальные,Original,Дебют
57100,9,0.8302,The New Gate,Надёжный просмотр,Light novel,Дебют
57152,9,0.39,Mahoutsukai no Yakusoku,Остальные,Game,Дебют
57217,9,0.7438,Katsute Mahou Shoujo to Aku wa Tekitai shiteita.,Остальные,Manga,Дебют
57315,9,0.6703,"Meitou ""Isekai no Yu"" Kaitakuki: Around 40 Onsen Mania no Tensei Saki wa, Nonbiri Onsen Tengoku deshita",Остальные,Light novel,Дебют
57325,9,0.6739,Ramen Akaneko,Остальные,Manga,Дебют
57334,9,0.8577,Dandadan,Флагманы,Manga,Дебют
57360,9,0.6791,Kabushikigaisha Magi-Lumière,Остальные,Manga,Дебют
57362,9,0.7324,Hoshifuru Oukoku no Nina,Нишевые любимчики,Manga,Дебют
57380,9,0.7555,Isekai Yururi Kikou: Kosodateshinagara Boukensha Shimasu,Надёжный просмотр,Light novel,Дебют
57391,9,0.6505,Astro Note,Остальные,Original,Дебют
57517,9,0.613,Puniru wa Kawaii Slime,Остальные,Manga,Дебют
57524,9,0.8421,Make Heroine ga Oosugiru!,Флагманы,Light novel,Дебют
57559,9,0.8846,MF Ghost 2nd Season,Надёжный просмотр,Manga,Продолжение
57562,9,0.8047,Hyakushou Kizoku 2nd Season,Остальные,Manga,Продолжение
57567,9,0.7859,Shy 2nd Season,Остальные,Manga,Продолжение
57592,9,0.8894,Dr. Stone: Science Future,Надёжный просмотр,Manga,Продолжение
57611,9,0.6761,Kimi wa Meido-sama.,Остальные,Web manga,Дебют
57616,9,0.835,Kimi no Koto ga Daidaidaidaidaisuki na 100-nin no Kanojo 2nd Season,Нишевые любимчики,Manga,Продолжение
57623,9,0.8736,Nijiyon Animation 2,Остальные,4-koma manga,Продолжение
57646,9,0.7116,Mob kara Hajimaru Tansaku Eiyuutan,Надёжный просмотр,Light novel,Дебют
57648,9,0.7434,Nihon e Youkoso Elf-san.,Остальные,Light novel,Дебют
57719,9,0.7696,Akuyaku Reijou Tensei Ojisan,Надёжный просмотр,Manga,Дебют
57820,9,0.4389,Kamitsubaki-shi Kensetsuchuu.,Остальные,Other,Дебют
57845,9,0.6233,Elf-san wa Yaserarenai.,Остальные,Web manga,Дебют
57876,9,0.7102,Maougun Saikyou no Majutsushi wa Ningen datta,Надёжный просмотр,Manga,Дебют
57891,9,0.7914,Hitoribocchi no Isekai Kouryaku,Надёжный просмотр,Light novel,Дебют
57892,9,0.8266,"Hazurewaku no ""Joutai Ijou Skill"" de Saikyou ni Natta Ore ga Subete wo Juurin suru made",Надёжный просмотр,Light novel,Дебют
57907,9,0.7568,Tate no Yuusha no Nariagari Season 4,Остальные,Light novel,Продолжение
57944,9,0.7087,"Party kara Tsuihou sareta Sono Chiyushi, Jitsu wa Saikyou ni Tsuki",Надёжный просмотр,Light novel,Дебют
57947,9,0.6832,Mayonaka Punch,Остальные,Original,Дебют
58059,9,0.8385,Tsue to Tsurugi no Wistoria,Надёжный просмотр,Manga,Дебют
58066,9,0.6691,Sorairo Utility (TV),Остальные,Original,Дебют
58080,9,0.758,Kenka Dokugaku,Надёжный просмотр,Web manga,Дебют
58131,9,0.7655,Shiunji-ke no Kodomotachi,Остальные,Manga,Дебют
58173,9,0.6016,Mahoutsukai ni Narenakatta Onnanoko no Hanashi,Остальные,Novel,Дебют
58197,9,0.4457,Nyaight of the Living Cat,Остальные,Manga,Дебют
58216,9,0.575,Übel Blatt,Остальные,Manga,Дебют
58259,9,0.5318,"Douse, Koishite Shimaunda.",Остальные,Manga,Дебют
58265,9,0.6146,Babanbabanban Vampire,Остальные,Manga,Дебют
58271,9,0.6966,Honey Lemon Soda,Остальные,Manga,Дебют
58272,9,0.6612,Boku no Tsuma wa Kanjou ga Nai,Остальные,Manga,Дебют
58302,9,0.7811,The iDOLM@STER Shiny Colors 2nd Season,Остальные,Game,Продолжение
58359,9,0.7936,"Isshun de Chiryou shiteita noni Yakutatazu to Tsuihou sareta Tensai Chiyushi, Yami Healer toshite Tanoshiku Ikiru",Надёжный просмотр,Light novel,Дебют
58390,9,0.69,Yofukashi no Uta Season 2,Нишевые любимчики,Manga,Продолжение
58426,9,0.5521,Shikanoko Nokonoko Koshitantan,Нишевые любимчики,Manga,Дебют
58437,9,0.7586,"Botsuraku Yotei no Kizoku dakedo, Hima Datta kara Mahou wo Kiwametemita",Надёжный просмотр,Light novel,Дебют
58445,9,0.7293,"Sayounara Ryuusei, Konnichiwa Jinsei",Надёжный просмотр,Light novel,Дебют
58473,9,0.6484,"S-Rank Monster no ""Behemoth"" dakedo, Neko to Machigawarete Elf Musume no Pet toshite Kurashitemasu",Остальные,Manga,Дебют
58484,9,0.8029,Ishura 2nd Season,Остальные,Light novel,Продолжение
58492,9,0.7085,Mono,Остальные,4-koma manga,Дебют
58502,9,0.7138,Zenshuu.,Нишевые любимчики,Original,Дебют
58511,9,0.8225,Nanatsu no Taizai: Mokushiroku no Yonkishi 2nd Season,Остальные,Manga,Продолжение
58516,9,0.8457,Ao no Exorcist: Yuki no Hate-hen,Остальные,Manga,Продолжение
58600,9,0.6588,Ameku Takao no Suiri Karte,Остальные,Novel,Дебют
58614,9,0.7633,Teogonia,Остальные,Light novel,Дебют
58714,9,0.8372,"Saikyou no Shienshoku ""Wajutsushi"" de Aru Ore wa Sekai Saikyou Clan wo Shitagaeru",Надёжный просмотр,Light novel,Дебют
58725,9,0.7137,Ninja to Koroshiya no Futarigurashi,Остальные,Manga,Дебют
58822,9,0.8349,Izure Saikyou no Renkinjutsushi?,Надёжный просмотр,Light novel,Дебют
58833,9,0.5838,Kakushite! Makina-san!!,Остальные,Manga,Дебют
58853,9,0.69,Kuroiwa Medaka ni Watashi no Kawaii ga Tsuujinai,Остальные,Manga,Дебют
58854,9,0.6111,Kinoko Inu,Остальные,Manga,Дебют
58913,9,0.5395,Hikaru ga Shinda Natsu,Нишевые любимчики,Web manga,Дебют
58926,9,0.6181,Egumi Legacy,Остальные,Card game,Дебют
58985,9,0.5382,0-saiji Start Dash Monogatari,Остальные,Manga,Дебют
59002,9,0.674,"Hazure Skill ""Kinomi Master"": Skill no Mi (Tabetara Shinu) wo Mugen ni Taberareru You ni Natta Ken ni Tsuite",Надёжный просмотр,Manga,Дебют
59055,9,0.6496,"Hana wa Saku, Shura no Gotoku",Остальные,Manga,Дебют
59095,9,0.8284,"Tensei shitara Dainana Ouji Datta node, Kimama ni Majutsu wo Kiwamemasu 2nd Season",Остальные,Light novel,Продолжение
59113,9,0.4918,Farmagia,Остальные,Game,Дебют
59131,9,0.8373,"Tensei Kizoku, Kantei Skill de Nariagaru 2nd Season",Надёжный просмотр,Light novel,Продолжение
59135,9,0.7587,Class no Daikirai na Joshi to Kekkon suru Koto ni Natta.,Надёжный просмотр,Light novel,Дебют
59136,9,0.6777,Tasokare Hotel,Остальные,Game,Дебют
59142,9,0.7509,Unnamed Memory Act.2,Остальные,Light novel,Продолжение
59144,9,0.7368,"Fuguushoku ""Kanteishi"" ga Jitsu wa Saikyou Datta",Надёжный просмотр,Light novel,Дебют
59145,9,0.8047,Ranma ½ (2024),Флагманы,Manga,Дебют
59160,9,0.7918,Wind Breaker Season 2,Надёжный просмотр,Web manga,Продолжение
59161,9,0.5947,Bad Girl,Остальные,4-koma manga,Дебют
59169,9,0.6518,Aru Majo ga Shinu Made,Остальные,Light novel,Дебют
59189,9,0.7955,Sentai Daishikkaku 2nd Season,Остальные,Manga,Продолжение
59205,9,0.7742,Clevatess: Majuu no Ou to Akago to Shikabane no Yuusha,Остальные,Web manga,Дебют
59207,9,0.7724,"Mikadono Sanshimai wa Angai, Choroi.",Остальные,Manga,Дебют
59226,9,0.8725,Ao no Exorcist: Yosuga-hen,Остальные,Manga,Продолжение
59265,9,0.7781,Magic Maker: Isekai Mahou no Tsukurikata,Надёжный просмотр,Light novel,Дебют
59277,9,0.6882,"Kanojo, Okarishimasu 4th Season",Остальные,Manga,Продолжение
59322,9,0.7693,Shirobuta Kizoku desu ga Zense no Kioku ga Haeta node Hiyoko na Otouto Sodatemasu,Надёжный просмотр,Light novel,Дебют
59349,9,0.7148,Salaryman ga Isekai ni Ittara Shitennou ni Natta Hanashi,Надёжный просмотр,Web manga,Дебют
59361,9,0.6668,Kono Kaisha ni Suki na Hito ga Imasu,Остальные,Manga,Дебют
59402,9,0.6837,Kakkou no Iinazuke Season 2,Остальные,Manga,Продолжение
59421,9,0.7475,Zutaboro Reijou wa Ane no Moto Konyakusha ni Dekiai sareru,Остальные,Light novel,Дебют
59424,9,0.7232,"Yuusha Party wo Tsuihou sareta Shiromadoushi, S-Rank Boukensha ni Hirowareru: Kono Shiromadoushi ga Kikakugai Sugiru",Остальные,Manga,Дебют
59425,9,0.7001,NegaPosi Angler,Остальные,Original,Дебют
59452,9,0.7666,"Katainaka no Ossan, Kensei ni Naru",Надёжный просмотр,Light novel,Дебют
59457,9,0.566,"Haite Kudasai, Takamine-san",Нишевые любимчики,Manga,Дебют
59466,9,0.7525,Aharen-san wa Hakarenai Season 2,Остальные,Manga,Продолжение
59514,9,0.6482,Sentai Red Isekai de Boukensha ni Naru,Остальные,Manga,Дебют
59619,9,0.5815,Ame to Kimi to,Остальные,Manga,Дебют
59632,9,0.6031,Mattaku Saikin no Tantei to Kitara,Остальные,Manga,Дебют
59675,9,0.7134,Apocalypse Hotel,Нишевые любимчики,Original,Дебют
59689,9,0.5823,Game Center Shoujo to Ibunka Kouryuu,Остальные,Web manga,Дебют
59744,9,0.5867,Maebashi Witches,Остальные,Original,Дебют
59745,9,0.5906,Chotto dake Ai ga Omoi Dark Elf ga Isekai kara Oikaketekita,Остальные,Web manga,Дебют
59828,9,0.8391,Shoushimin Series 2nd Season,Нишевые любимчики,Novel,Продолжение
59935,9,0.7044,Gorilla no Kami kara Kago sareta Reijou wa Ouritsu Kishidan de Kawaigarareru,Надёжный просмотр,Web manga,Дебют
59961,9,0.5612,Kizu darake Seijo yori Houfuku wo Komete,Остальные,Web manga,Дебют
59986,9,0.7296,Grand Blue Season 2,Нишевые любимчики,Manga,Продолжение
60009,9,0.6034,Chuuzenji-sensei Mononoke Kougiroku: Sensei ga Nazo wo Hodoite Shimau kara.,Остальные,Manga,Дебют
60140,9,0.7892,"Kanchigai no Atelier Meister: Eiyuu Party no Moto Zatsuyougakari ga, Jitsu wa Sentou Igai ga SSS Rank Datta to Iu Yoku Aru Hanashi",Надёжный просмотр,Light novel,Дебют
60146,9,0.6905,"Saikyou no Ousama, Nidome no Jinsei wa Nani wo Suru?",Флагманы,Other,Дебют
60154,9,0.7826,Ore wa Seikan Kokka no Akutoku Ryoushu!,Надёжный просмотр,Light novel,Дебют
60157,9,0.8212,Kanpekisugite Kawaige ga Nai to Konyaku Haki sareta Seijo wa Ringoku ni Urareru,Надёжный просмотр,Light novel,Дебют
60293,9,0.6966,Ballpark de Tsukamaete!,Остальные,Manga,Дебют
60315,9,0.5171,Dekin no Mogura,Остальные,Manga,Дебют
60316,9,0.659,Busamen Gachi Fighter,Остальные,Manga,Дебют
60326,9,0.6551,"Watashi ga Koibito ni Nareru Wake Nai jan, Muri Muri! (※Muri ja Nakatta!?)",Нишевые любимчики,Light novel,Дебют
60377,9,0.584,Nazotoki wa Dinner no Ato de,Остальные,Novel,Дебют
60425,9,0.7507,0-saiji Start Dash Monogatari Season 2,Остальные,Manga,Продолжение
60449,9,0.6967,Kidou Senshi Gundam: GQuuuuuuX,Остальные,Original,Дебют
60505,9,0.5056,Necronomico no Cosmic Horror Show,Остальные,Original,Дебют
60523,9,0.7399,Tsuihousha Shokudou e Youkoso!,Остальные,Light novel,Дебют
60543,9,0.784,Dandadan 2nd Season,Нишевые любимчики,Manga,Продолжение
60603,9,0.7418,Puniru wa Kawaii Slime 2nd Season,Остальные,Manga,Продолжение
60658,9,0.7279,Hibi wa Sugiredo Meshi Umashi,Нишевые любимчики,Original,Дебют
60697,9,0.6274,Fermat no Ryouri,Остальные,Manga,Дебют
60732,9,0.7813,Mizu Zokusei no Mahoutsukai,Остальные,Light novel,Дебют
60951,9,0.6202,Kizetsu Yuusha to Ansatsu Hime,Остальные,Manga,Дебют
61150,9,0.5729,Onmyou Kaiten Re:Birth,Остальные,Original,Дебют
61239,9,0.3428,Binan Koukou Chikyuu Bouei-bu Haikara!,Остальные,Original,Дебют
61274,9,0.7321,Ginga Tokkyuu Milky☆Subway,Остальные,Original,Дебют
61322,9,0.8506,Dr. Stone: Science Future Part 2,Остальные,Manga,Продолжение
61339,9,0.746,Jibaku Shounen Hanako-kun 2 Part 2,Остальные,Manga,Продолжение
61410,9,0.6271,Chotto dake Ai ga Omoi Dark Elf ga Isekai kara Oikaketekita Mini Anime Gekijou,Остальные,Web manga,Дебют
32455,10,0.6224,Gekidol: Actidol Project,Остальные,Original,Дебют
35252,10,0.5912,Hatena☆Illusion,Остальные,Light novel,Дебют
35335,10,0.6915,Musashino!,Остальные,Original,Дебют
36458,10,0.5764,Soukou Musume Senki,Остальные,Game,Дебют
37587,10,0.6914,Lapis Re:LiGHTs,Остальные,Mixed media,Дебют
37599,10,0.674,Magatsu Wahrheit: Zuerst,Остальные,Game,Дебют
37890,10,0.7951,Oshi ga Budoukan Ittekuretara Shinu,Нишевые любимчики,Manga,Дебют
38005,10,0.822,Strike Witches: Road to Berlin,Остальные,Original,Продолжение
38006,10,0.631,Renmei Kuugun Koukuu Mahou Ongakutai Luminous Witches,Остальные,Original,Дебют
38192,10,0.6332,Sakugan,Остальные,Novel,Дебют
38302,10,0.6727,Boku no Tonari ni Ankoku Hakaishin ga Imasu.,Остальные,Manga,Дебют
38337,10,0.8532,Gochuumon wa Usagi desu ka? Bloom,Нишевые любимчики,4-koma manga,Продолжение
38440,10,0.5397,Shikizakura,Остальные,Original,Дебют
38476,10,0.9049,Heya Camp△,Надёжный просмотр,Manga,Дебют
38555,10,0.8746,Otome Game no Hametsu Flag shika Nai Akuyaku Reijou ni Tensei shiteshimatta...,Флагманы,Light novel,Дебют
38668,10,0.8602,Dorohedoro,Флагманы,Manga,Дебют
38790,10,0.8652,Itai no wa Iya nanode Bougyoryoku ni Kyokufuri Shitai to Omoimasu.,Флагманы,Light novel,Дебют
38830,10,0.8629,"Hachi-nan tte, Sore wa Nai deshou!",Надёжный просмотр,Light novel,Дебют
38835,10,0.8709,Umayon,Надёжный просмотр,4-koma manga,Дебют
38843,10,0.7717,Shironeko Project: Zero Chronicle,Надёжный просмотр,Game,Дебют
38853,10,0.3883,Ex-Arm,Остальные,Manga,Дебют
38924,10,0.7165,Nekopara,Остальные,Visual novel,Дебют
38992,10,0.7666,Rikei ga Koi ni Ochita no de Shoumei shitemita.,Остальные,Web manga,Дебют
39017,10,0.7921,Kyokou Suiri,Надёжный просмотр,Manga,Дебют
39184,10,0.7143,A3! Season Spring & Summer,Нишевые любимчики,Game,Дебют
39247,10,0.8952,Kobayashi-san Chi no Maid Dragon S,Флагманы,Manga,Продолжение
39388,10,0.693,Koisuru Asteroid,Остальные,4-koma manga,Дебют
39469,10,0.838,Tsugu Tsugumomo,Остальные,Manga,Дебют
39531,10,0.7451,Kuutei Dragons,Остальные,Manga,Дебют
39534,10,0.7984,Jibaku Shounen Hanako-kun,Флагманы,Manga,Дебют
39547,10,0.9032,Yahari Ore no Seishun Love Comedy wa Machigatteiru. Kan,Флагманы,Light novel,Продолжение
39551,10,0.9478,Tensei shitara Slime Datta Ken 2nd Season,Флагманы,Manga,Продолжение
39575,10,0.751,Somali to Mori no Kamisama,Остальные,Web manga,Дебют
39582,10,0.6142,Kitsutsuki Tanteidokoro,Остальные,Novel,Дебют
39583,10,0.7076,number24,Остальные,Original,Дебют
39609,10,0.7255,Ochikobore Fruit Tart,Остальные,4-koma manga,Дебют
39710,10,0.8071,Yesterday wo Utatte,Остальные,Manga,Дебют
39725,10,0.6329,I★Chu: Halfway Through the Idol,Нишевые любимчики,Game,Дебют
39730,10,0.782,Houkago Teibou Nisshi,Остальные,Manga,Дебют
39783,10,0.9338,5-toubun no Hanayome ∬,Флагманы,Manga,Продолжение
39790,10,0.767,Adachi to Shimamura,Нишевые любимчики,Light novel,Дебют
39792,10,0.736,Eizouken ni wa Te wo Dasu na!,Нишевые любимчики,Manga,Дебют
39808,10,0.8761,Non Non Biyori Nonstop,Нишевые любимчики,Manga,Продолжение
39893,10,0.5681,Muteking the Dancing Hero,Остальные,Original,Дебют
39917,10,,Sabiiro no Armor: Reimei,Остальные,Mixed media,Дебют
39948,10,0.7977,Muhyo to Rouji no Mahouritsu Soudan Jimusho 2nd Season,Остальные,Manga,Продолжение
39960,10,0.8886,Yatogame-chan Kansatsu Nikki Nisatsume,Надёжный просмотр,4-koma manga,Продолжение
39966,10,0.5921,Tamayomi,Остальные,Manga,Дебют
39988,10,0.9208,Isekai Quartet 2,Надёжный просмотр,Original,Продолжение
40010,10,0.7895,Ishuzoku Reviewers,Флагманы,Web manga,Дебют
40056,10,0.7781,Deca-Dence,Надёжный просмотр,Original,Дебют
40059,10,0.9231,Golden Kamuy 3rd Season,Флагманы,Manga,Продолжение
40060,10,0.8543,BNA,Флагманы,Original,Дебют
40074,10,0.4718,Gibiate,Остальные,Original,Дебют
40075,10,0.6538,Koi to Producer: EVOLxLOVE,Остальные,Game,Дебют
40085,10,0.5726,Maesetsu!,Остальные,Original,Дебют
40128,10,0.7832,Arte,Остальные,Manga,Дебют
40136,10,0.6238,Oda Cinnamon Nobunaga,Остальные,Manga,Дебют
40148,10,0.7232,22/7,Остальные,Other,Дебют
40165,10,0.5089,Listeners,Остальные,Original,Дебют
40174,10,0.8436,Zombieland Saga Revenge,Нишевые любимчики,Original,Продолжение
40230,10,0.7351,Housekishou Richard-shi no Nazo Kantei,Остальные,Novel,Дебют
40272,10,,A3! Season Autumn & Winter,Нишевые любимчики,Game,Дебют
40357,10,0.859,Tate no Yuusha no Nariagari Season 3,Нишевые любимчики,Light novel,Продолжение
40358,10,0.4946,Gal to Kyouryuu,Остальные,Manga,Дебют
40359,10,0.6696,Ikebukuro West Gate Park,Остальные,Novel,Дебют
40392,10,0.8167,Runway de Waratte,Остальные,Manga,Дебют
40397,10,0.8084,Maoujou de Oyasumi,Флагманы,Manga,Дебют
40403,10,0.5697,Shin Sakura Taisen the Animation,Остальные,Game,Дебют
40436,10,0.7355,Peter Grill to Kenja no Jikan,Надёжный просмотр,Manga,Дебют
40454,10,0.9001,Dungeon ni Deai wo Motomeru no wa Machigatteiru Darou ka III,Надёжный просмотр,Light novel,Продолжение
40483,10,0.8391,Murenase! Seton Gakuen,Надёжный просмотр,Web manga,Дебют
40488,10,0.562,Futsal Boys!!!!!,Нишевые любимчики,Mixed media,Дебют
40507,10,0.8601,Arifureta Shokugyou de Sekai Saikyou 2nd Season,Флагманы,Light novel,Продолжение
40513,10,0.7461,Nami yo Kiitekure,Остальные,Manga,Дебют
40526,10,0.6149,"Dragon, Ie wo Kau.",Остальные,Manga,Дебют
40529,10,0.845,No Guns Life 2nd Season,Остальные,Manga,Продолжение
40530,10,0.8419,Jaku-Chara Tomozaki-kun,Надёжный просмотр,Light novel,Дебют
40550,10,0.6726,Assault Lily: Bouquet,Остальные,Mixed media,Дебют
40571,10,0.817,Majo no Tabitabi,Флагманы,Light novel,Дебют
40586,10,0.7771,"Slime Taoshite 300-nen, Shiranai Uchi ni Level Max ni Nattemashita",Надёжный просмотр,Light novel,Дебют
40591,10,0.9475,Kaguya-sama wa Kokurasetai? Tensai-tachi no Renai Zunousen,Флагманы,Manga,Продолжение
40594,10,0.798,Tatoeba Last Dungeon Mae no Mura no Shounen ga Joban no Machi de Kurasu Youna Monogatari,Надёжный просмотр,Light novel,Дебют
40595,10,0.789,"Kimi to Boku no Saigo no Senjou, Aruiwa Sekai ga Hajimaru Seisen",Надёжный просмотр,Light novel,Дебют
40608,10,0.6336,Muv-Luv Alternative,Остальные,Visual novel,Дебют
40623,10,0.6729,Dokyuu Hentai HxEros,Остальные,Manga,Дебют
40679,10,0.6613,2.43: Seiin Koukou Danshi Volley-bu,Остальные,Novel,Дебют
40685,10,0.7487,Super Cub,Нишевые любимчики,Light novel,Дебют
40708,10,0.7761,Monster Musume no Oishasan,Надёжный просмотр,Light novel,Дебют
40716,10,0.815,Kakushigoto,Нишевые любимчики,Manga,Дебют
40738,10,0.7435,Natsunagu!,Остальные,Original,Дебют
40750,10,0.8081,Kaifuku Jutsushi no Yarinaoshi,Флагманы,Light novel,Дебют
40752,10,0.6396,Bishounen Tanteidan,Остальные,Novel,Дебют
40763,10,0.7666,Show By Rock!! Mashumairesh!!,Остальные,Game,Продолжение
40776,10,0.9523,Haikyuu!! To the Top Part 2,Флагманы,Manga,Продолжение
40783,10,0.662,"Shachou, Battle no Jikan desu!",Остальные,Game,Дебют
40786,10,0.6663,Skate-Leading☆Stars,Остальные,Original,Дебют
40815,10,0.935,Honzuki no Gekokujou: Shisho ni Naru Tame ni wa Shudan wo Erandeiraremasen 2nd Season,Надёжный просмотр,Light novel,Продолжение
40839,10,0.8838,"Kanojo, Okarishimasu",Флагманы,Manga,Дебют
40842,10,0.7302,Idoly Pride,Нишевые любимчики,Mixed media,Дебют
40870,10,0.7733,SSSS.Dynazenon,Нишевые любимчики,Original,Дебют
40904,10,0.8173,Bokutachi no Remake,Флагманы,Light novel,Дебют
40907,10,0.9039,World Trigger 2nd Season,Остальные,Manga,Продолжение
40908,10,0.8187,Kemono Jihen,Надёжный просмотр,Manga,Дебют
40930,10,0.8461,Azur Lane: Bisoku Zenshin!,Остальные,4-koma manga,Продолжение
40935,10,0.9059,Beastars 2nd Season,Надёжный просмотр,Manga,Продолжение
40957,10,0.7922,Shin Chuuka Ichiban! 2nd Season,Остальные,Manga,Продолжение
40958,10,0.6849,Rail Romanesque,Остальные,Visual novel,Дебют
40960,10,0.7049,Cheat Kusushi no Slow Life: Isekai ni Tsukurou Drugstore,Остальные,Light novel,Дебют
40961,10,0.6188,Hortensia Saga,Остальные,Game,Дебют
40974,10,0.8362,Kuma Kuma Kuma Bear,Надёжный просмотр,Light novel,Дебют
40995,10,0.7113,Hentatsu (TV),Остальные,Original,Дебют
41084,10,0.8932,Made in Abyss: Retsujitsu no Ougonkyou,Флагманы,Web manga,Продолжение
41103,10,0.8005,Koi to Yobu ni wa Kimochi Warui,Флагманы,Web manga,Дебют
41109,10,0.7904,Log Horizon: Entaku Houkai,Остальные,Light novel,Продолжение
41169,10,0.8332,Love Live! Superstar!!,Нишевые любимчики,Other,Дебют
41226,10,0.8395,Uzaki-chan wa Asobitai!,Надёжный просмотр,Web manga,Дебют
41312,10,0.8629,Kami-tachi ni Hirowareta Otoko,Надёжный просмотр,Light novel,Дебют
41364,10,0.894,One Room: Third Season,Остальные,Original,Продолжение
41372,10,0.6161,Senyoku no Sigrdrifa,Остальные,Original,Дебют
41380,10,0.8162,100-man no Inochi no Ue ni Ore wa Tatteiru,Надёжный просмотр,Manga,Дебют
41389,10,0.8689,Tonikaku Kawaii,Флагманы,Manga,Дебют
41392,10,0.6569,Urasekai Picnic,Остальные,Novel,Дебют
41433,10,0.8459,Akudama Drive,Флагманы,Original,Дебют
41456,10,0.8052,"Sentouin, Haken shimasu!",Надёжный просмотр,Light novel,Дебют
41461,10,0.8641,Date A Live IV,Нишевые любимчики,Light novel,Продолжение
41487,10,0.95,Tensei shitara Slime Datta Ken 2nd Season Part 2,Флагманы,Manga,Продолжение
41488,10,0.8406,Tensura Nikki: Tensei shitara Slime Datta Ken,Флагманы,Manga,Дебют
41514,10,0.7868,Itai no wa Iya nanode Bougyoryoku ni Kyokufuri Shitai to Omoimasu. 2,Остальные,Light novel,Продолжение
41520,10,0.8164,Show by Rock!! Stars!!,Остальные,Game,Продолжение
41521,10,0.6452,WIXOSS Diva(A)Live,Остальные,Card game,Дебют
41556,10,0.5647,Maiko-san Chi no Makanai-san,Остальные,Manga,Дебют
41574,10,0.7935,Guraburu!,Остальные,4-koma manga,Дебют
41589,10,0.6306,Tokyo Mew Mew New ♡,Нишевые любимчики,Manga,Дебют
41762,10,0.7071,Tenchi Souzou Design-bu,Остальные,Manga,Дебют
41783,10,0.6873,Iwa Kakeru! Sport Climbing Girls,Остальные,Web manga,Дебют
41833,10,0.7153,Kyuuketsuki Sugu Shinu,Нишевые любимчики,Manga,Дебют
41899,10,0.8387,Ore dake Haireru Kakushi Dungeon,Надёжный просмотр,Light novel,Дебют
41930,10,0.7973,Kamisama ni Natta Hi,Нишевые любимчики,Original,Дебют
42071,10,0.8117,Yuuki Yuuna wa Yuusha de Aru Churutto!,Остальные,Game,Продолжение
42072,10,0.7407,Kenja no Deshi wo Nanoru Kenja,Надёжный просмотр,Light novel,Дебют
42203,10,0.922,Re:Zero kara Hajimeru Isekai Seikatsu 2nd Season Part 2,Флагманы,Light novel,Продолжение
42238,10,0.9401,Ani ni Tsukeru Kusuri wa Nai! 4,Надёжный просмотр,Web manga,Продолжение
42250,10,0.8689,Bungou Stray Dogs Wan!,Флагманы,Web manga,Продолжение
42282,10,0.8199,Otome Game no Hametsu Flag shika Nai Akuyaku Reijou ni Tensei shiteshimatta... X,Надёжный просмотр,Light novel,Продолжение
42307,10,0.6036,Subarashiki Kono Sekai The Animation,Остальные,Game,Дебют
42321,10,0.5729,Battle Athletess Daiundoukai ReSTART!,Остальные,Original,Дебют
42340,10,0.7942,Meikyuu Black Company,Надёжный просмотр,Web manga,Дебют
42351,10,0.851,Senpai ga Uzai Kouhai no Hanashi,Надёжный просмотр,Web manga,Дебют
42361,10,0.8269,"Ijiranaide, Nagatoro-san",Флагманы,Web manga,Дебют
42385,10,0.7322,The iDOLM@STER Million Live!,Остальные,Game,Продолжение
42395,10,0.7305,Shakunetsu Kabaddi,Нишевые любимчики,Web manga,Дебют
42506,10,0.7663,World Witches Hasshin Shimasu!,Остальные,Original,Дебют
42516,10,0.59,Cardfight!! Vanguard: overDress,Остальные,Original,Дебют
42544,10,0.7516,Kaizoku Oujo,Нишевые любимчики,Original,Дебют
42568,10,0.6886,Yaku nara Mug Cup mo,Остальные,Manga,Дебют
42571,10,0.8206,Dogeza de Tanondemita,Остальные,Web manga,Дебют
42587,10,0.8121,Yuuki Yuuna wa Yuusha de Aru: Dai Mankai no Shou,Нишевые любимчики,Original,Продолжение
42590,10,0.7894,Mashiro no Oto,Остальные,Manga,Дебют
42627,10,0.6912,Peach Boy Riverside,Остальные,Manga,Дебют
42657,10,0.682,Himitsukessha Taka no Tsume: Golden Spell,Остальные,Original,Дебют
42670,10,0.8176,Princess Connect! Re:Dive Season 2,Нишевые любимчики,Game,Продолжение
42745,10,0.8285,Machikado Mazoku: 2-choume,Остальные,4-koma manga,Продолжение
42822,10,0.7465,Kai Byoui Ramune,Остальные,Manga,Дебют
42826,10,0.823,Seijo no Maryoku wa Bannou desu,Надёжный просмотр,Light novel,Дебют
42883,10,0.7809,Sore dake ga Neck,Надёжный просмотр,Original,Дебют
42923,10,0.8433,SK∞,Флагманы,Original,Дебют
42959,10,,Yatogame-chan Kansatsu Nikki Sansatsume,Остальные,4-koma manga,Продолжение
42963,10,0.8044,"Kanojo, Okarishimasu 2nd Season",Нишевые любимчики,Manga,Продолжение
42994,10,0.8197,Jashin-chan Dropkick X,Остальные,Web manga,Продолжение
43007,10,0.713,Osananajimi ga Zettai ni Makenai Love Comedy,Флагманы,Light novel,Дебют
43299,10,0.7872,Wonder Egg Priority,Нишевые любимчики,Original,Дебют
43470,10,0.7944,Rikei ga Koi ni Ochita no de Shoumei shitemita. Heart,Остальные,Web manga,Продолжение
43523,10,0.9069,Tsuki ga Michibiku Isekai Douchuu,Флагманы,Light novel,Дебют
43756,10,0.7754,Bakuten!!,Нишевые любимчики,Original,Дебют
43767,10,0.6152,Night Head 2041,Нишевые любимчики,Other,Дебют
43814,10,0.8407,Deatte 5-byou de Battle,Надёжный просмотр,Web manga,Дебют
43969,10,0.7617,Kanojo mo Kanojo,Флагманы,Manga,Дебют
44040,10,0.7715,Abciee Shuugyou Nikki,Надёжный просмотр,Other,Дебют
44055,10,0.8067,Sasaki to Miyano,Флагманы,Web manga,Дебют
44081,10,,B-Project: Netsuretsu*Love Call,Остальные,Mixed media,Дебют
44203,10,0.8865,Seirei Gensouki,Флагманы,Light novel,Дебют
44204,10,0.8014,Kyokou Suiri Season 2,Остальные,Manga,Продолжение
44235,10,0.9031,Pui Pui Molcar,Флагманы,Other,Дебют
44274,10,0.6511,Puraore! Pride of Orange,Остальные,Mixed media,Дебют
44276,10,0.7919,Kyuukyoku Shinka shita Full Dive RPG ga Genjitsu yori mo Kusoge Dattara,Надёжный просмотр,Light novel,Дебют
44387,10,0.6479,Sankaku Mado no Sotogawa wa Yoru,Нишевые любимчики,Manga,Дебют
44511,10,0.8986,Chainsaw Man,Флагманы,Manga,Дебют
44516,10,0.7197,Koroshi Ai,Остальные,Manga,Дебют
44524,10,0.7902,Isekai Meikyuu de Harem wo,Флагманы,Light novel,Дебют
44881,10,0.8756,100-man no Inochi no Ue ni Ore wa Tatteiru 2nd Season,Надёжный просмотр,Manga,Продолжение
45055,10,0.8187,Taishou Otome Otogibanashi,Нишевые любимчики,Manga,Дебют
45425,10,0.7394,Slow Loop,Остальные,Manga,Дебют
45486,10,0.8484,Kuma Kuma Kuma Bear Punch!,Остальные,Light novel,Продолжение
45560,10,0.6679,Orient,Остальные,Manga,Дебют
45576,10,0.9479,Mushoku Tensei: Isekai Ittara Honki Dasu Part 2,Флагманы,Light novel,Продолжение
45587,10,0.8092,Itazuraguma no Gloomy,Надёжный просмотр,Other,Дебют
45613,10,0.668,Kawaii dake ja Nai Shikimori-san,Флагманы,Web manga,Дебют
45653,10,0.716,Soredemo Ayumu wa Yosetekuru,Остальные,Manga,Дебют
45665,10,0.5538,Fairy Ranmaru: Anata no Kokoro Otasuke Shimasu,Нишевые любимчики,Original,Дебют
46118,10,0.5808,Wave!! Surfing Yappe!! (TV),Остальные,Mixed media,Дебют
46352,10,0.777,Blue Period,Флагманы,Manga,Дебют
46471,10,0.6243,"Tantei wa Mou, Shindeiru.",Нишевые любимчики,Light novel,Дебют
46604,10,0.5585,Dolls' Frontline,Остальные,Game,Дебют
46985,10,0.8128,Shinka no Mi: Shiranai Uchi ni Kachigumi Jinsei,Надёжный просмотр,Light novel,Дебют
47159,10,0.8176,Tensai Ouji no Akaji Kokka Saisei Jutsu,Надёжный просмотр,Light novel,Дебют
47160,10,0.8117,Goblin Slayer II,Нишевые любимчики,Light novel,Продолжение
47161,10,0.8037,Shikkakumon no Saikyou Kenja,Надёжный просмотр,Light novel,Дебют
47162,10,0.6417,Shokei Shoujo no Virgin Road,Остальные,Light novel,Дебют
47163,10,0.7644,"Tensei Kenja no Isekai Life: Dai-2 no Shokugyou wo Ete, Sekai Saikyou ni Narimashita",Флагманы,Light novel,Дебют
47250,10,0.5533,Jouran: The Princess of Snow and Blood,Остальные,Original,Дебют
47257,10,0.7499,Shinigami Bocchan to Kuro Maid,Нишевые любимчики,Web manga,Дебют
47391,10,0.6853,Seven Knights Revolution: Eiyuu no Keishousha,Надёжный просмотр,Game,Дебют
47790,10,0.8917,"Sekai Saikou no Ansatsusha, Isekai Kizoku ni Tensei suru",Флагманы,Light novel,Дебют
47917,10,0.8892,Bocchi the Rock!,Флагманы,4-koma manga,Дебют
48239,10,0.8469,Leadale no Daichi nite,Надёжный просмотр,Light novel,Дебют
48252,10,0.7554,"Ore, Tsushima",Нишевые любимчики,Manga,Дебют
48363,10,0.6593,RPG Fudousan,Остальные,4-koma manga,Дебют
48406,10,0.7643,Re-Main,Нишевые любимчики,Original,Дебют
48413,10,0.7229,Hataraku Maou-sama!!,Нишевые любимчики,Light novel,Продолжение
48414,10,0.7486,Sabikui Bisco,Остальные,Light novel,Дебют
48415,10,0.798,"Shijou Saikyou no Daimaou, Murabito A ni Tensei suru",Надёжный просмотр,Light novel,Дебют
48417,10,0.6359,"Maou Gakuin no Futekigousha II: Shijou Saikyou no Maou no Shiso, Tensei shite Shison-tachi no Gakkou e Kayou",Нишевые любимчики,Light novel,Дебют
48418,10,0.7468,"Maou Gakuin no Futekigousha II: Shijou Saikyou no Maou no Shiso, Tensei shite Shison-tachi no Gakkou e Kayou Part 2",Остальные,Light novel,Продолжение
48441,10,0.5243,The Legend of Heroes: Sen no Kiseki - Northern War,Остальные,Game,Дебют
48471,10,0.7374,Tsuki to Laika to Nosferatu,Остальные,Light novel,Дебют
48483,10,0.7957,Mieruko-chan,Флагманы,Web manga,Дебют
48491,10,0.7959,Yama no Susume: Next Summit,Остальные,Manga,Продолжение
48542,10,0.7528,Do It Yourself!!,Остальные,Original,Дебют
48553,10,0.7405,Akebi-chan no Sailor-fuku,Нишевые любимчики,Web manga,Дебют
48556,10,0.7028,Takt Op. Destiny,Нишевые любимчики,Mixed media,Дебют
48567,10,0.5887,Visual Prison,Нишевые любимчики,Original,Дебют
48569,10,0.9045,86 Part 2,Флагманы,Light novel,Продолжение
48580,10,0.7804,Vanitas no Karte,Нишевые любимчики,Manga,Дебют
48583,10,0.9275,Shingeki no Kyojin: The Final Season Part 2,Флагманы,Manga,Продолжение
48633,10,0.6691,Liar Liar,Остальные,Light novel,Дебют
48643,10,0.7749,Koi wa Sekai Seifuku no Ato de,Надёжный просмотр,Manga,Дебют
48644,10,0.6497,Gyakuten Sekai no Denchi Shoujo,Остальные,Original,Дебют
48649,10,0.6744,Fuuto Tantei,Нишевые любимчики,Manga,Дебют
48736,10,0.8981,Sono Bisque Doll wa Koi wo Suru,Флагманы,Manga,Дебют
48742,10,0.583,"Kono Healer, Mendokusai",Остальные,Web manga,Дебют
48760,10,0.8608,"Gaikotsu Kishi-sama, Tadaima Isekai e Odekakechuu",Надёжный просмотр,Light novel,Дебют
48761,10,0.795,Saihate no Paladin,Надёжный просмотр,Light novel,Дебют
48775,10,0.8011,Kaginado,Остальные,Original,Дебют
48776,10,0.6111,Build Divide: Code Black,Остальные,Mixed media,Дебют
48777,10,0.7803,Build Divide: Code White,Остальные,Mixed media,Дебют
48779,10,0.805,Deaimon,Надёжный просмотр,Manga,Дебют
48804,10,0.8699,Isekai Shokudou 2,Надёжный просмотр,Light novel,Продолжение
48842,10,0.6784,Mahoutsukai Reimeiki,Остальные,Light novel,Дебют
48849,10,0.7167,Sonny Boy,Нишевые любимчики,Original,Дебют
48857,10,0.6875,Healer Girl,Остальные,Original,Дебют
48858,10,0.7184,180-byou de Kimi no Mimi wo Shiawase ni Dekiru ka?,Остальные,Original,Дебют
48926,10,0.8184,"Komi-san wa, Comyushou desu.",Флагманы,Manga,Дебют
48981,10,0.5584,Mahou Shoujo Magical Destroyers,Остальные,Original,Дебют
48997,10,0.7925,Fantasy Bishoujo Juniku Ojisan to,Надёжный просмотр,Web manga,Дебют
49109,10,0.8474,Kami-tachi ni Hirowareta Otoko 2nd Season,Надёжный просмотр,Light novel,Продолжение
49114,10,0.8762,Vanitas no Karte Part 2,Флагманы,Manga,Продолжение
49154,10,0.7276,High Card,Остальные,Mixed media,Дебют
49160,10,0.6698,Shachiku-san wa Youjo Yuurei ni Iyasaretai.,Остальные,Manga,Дебют
49263,10,0.8546,Yaku nara Mug Cup mo: Niban Gama,Остальные,Manga,Продолжение
49292,10,0.5254,Deep Insanity: The Lost Child,Остальные,Mixed media,Дебют
49304,10,0.5312,Seiken Densetsu: Legend of Mana - The Teardrop Crystal,Остальные,Game,Дебют
49385,10,0.6542,Kaijin Kaihatsu-bu no Kuroitsu-san,Остальные,Web manga,Дебют
49438,10,0.8816,Isekai Yakkyoku,Надёжный просмотр,Light novel,Дебют
49470,10,0.7825,Mamahaha no Tsurego ga Motokano datta,Надёжный просмотр,Light novel,Дебют
49505,10,0.8375,Deji Meets Girl,Остальные,Original,Дебют
49514,10,0.4679,Gensou Sangokushi: Tengen Reishinki,Остальные,Game,Дебют
49520,10,0.7325,Aharen-san wa Hakarenai,Флагманы,Manga,Дебют
49551,10,0.8086,Hanabi-chan wa Okuregachi,Надёжный просмотр,Manga,Дебют
49612,10,0.693,Ningen Fushin no Boukensha-tachi ga Sekai wo Sukuu you desu,Надёжный просмотр,Light novel,Дебют
49692,10,0.7905,Heroine Tarumono! Kiraware Heroine to Naisho no Oshigoto,Остальные,Music,Дебют
49721,10,0.8711,Karakai Jouzu no Takagi-san 3,Флагманы,Manga,Продолжение
49766,10,0.6748,Under Ninja,Остальные,Manga,Дебют
49776,10,0.7742,Kumichou Musume to Sewagakari,Надёжный просмотр,Web manga,Дебют
49782,10,0.857,Shadows House 2nd Season,Остальные,Manga,Продолжение
49820,10,0.789,Cardfight!! Vanguard: will+Dress Season 2,Остальные,Original,Продолжение
49828,10,0.8312,Kidou Senshi Gundam: Suisei no Majo,Флагманы,Original,Дебют
49831,10,0.6214,Black★★Rock Shooter: Dawn Fall,Нишевые любимчики,Other,Дебют
49849,10,0.7581,Shinmai Renkinjutsushi no Tenpo Keiei,Надёжный просмотр,Light novel,Дебют
49858,10,0.8233,Shinigami Bocchan to Kuro Maid 2nd Season,Остальные,Web manga,Продолжение
49891,10,0.8537,Tensei shitara Ken deshita,Флагманы,Light novel,Дебют
49894,10,0.677,Eiyuu Kyoushitsu,Надёжный просмотр,Light novel,Дебют
49969,10,0.596,Tribe Nine,Остальные,Mixed media,Дебют
49979,10,0.8115,Akuyaku Reijou nanode Last Boss wo Kattemimashita,Надёжный просмотр,Light novel,Дебют
49980,10,0.7639,Sugar Apple Fairy Tale,Нишевые любимчики,Light novel,Дебют
49981,10,0.5295,"Kimi to Boku no Saigo no Senjou, Aruiwa Sekai ga Hajimaru Seisen Season II",Остальные,Light novel,Продолжение
50010,10,0.8338,Meitantei Conan: Hannin no Hanzawa-san,Надёжный просмотр,Manga,Дебют
50172,10,0.8862,Mob Psycho 100 III,Флагманы,Web manga,Продолжение
50175,10,0.8256,"Yuusha, Yamemasu",Надёжный просмотр,Light novel,Дебют
50184,10,0.7349,Seiken Gakuin no Makentsukai,Надёжный просмотр,Light novel,Дебют
50185,10,0.753,Ryman's Club,Нишевые любимчики,Original,Дебют
50197,10,0.8516,"Ijiranaide, Nagatoro-san 2nd Attack",Нишевые любимчики,Web manga,Продолжение
50203,10,0.8734,Love Live! Superstar!! 2nd Season,Нишевые любимчики,Other,Продолжение
50204,10,0.6428,Tokyo 24-ku,Остальные,Original,Дебют
50220,10,0.6512,Isekai Shoukan wa Nidome desu,Надёжный просмотр,Light novel,Дебют
50221,10,0.7541,Shine Post,Остальные,Mixed media,Дебют
50265,10,0.8956,Spy x Family,Флагманы,Manga,Дебют
50273,10,0.8622,Tomodachi Game,Флагманы,Manga,Дебют
50284,10,0.5178,Technoroid: Overmind,Остальные,Mixed media,Дебют
50285,10,0.5615,On Air Dekinai!,Остальные,Manga,Дебют
50287,10,0.8315,Kyuuketsuki Sugu Shinu 2,Остальные,Manga,Продолжение
50306,10,0.804,Seirei Gensouki 2,Нишевые любимчики,Light novel,Продолжение
50307,10,0.7765,Tonikaku Kawaii 2nd Season,Нишевые любимчики,Manga,Продолжение
50348,10,0.8102,Peter Grill to Kenja no Jikan: Super Extra,Остальные,Manga,Продолжение
50380,10,0.8128,Paripi Koumei,Флагманы,Web manga,Дебют
50384,10,0.7696,Mononogatari,Остальные,Manga,Дебют
50392,10,0.7323,Mato Seihei no Slave,Нишевые любимчики,Manga,Дебют
50416,10,0.8298,Skip to Loafer,Флагманы,Manga,Дебют
50425,10,0.8692,"Fuufu Ijou, Koibito Miman.",Флагманы,Manga,Дебют
50461,10,0.8858,Otome Game Sekai wa Mob ni Kibishii Sekai desu,Флагманы,Light novel,Дебют
50481,10,0.7719,"Eiyuuou, Bu wo Kiwameru Tame Tenseisu: Soshite, Sekai Saikyou no Minarai Kishi♀",Надёжный просмотр,Light novel,Дебют
50583,10,0.6385,Buta no Liver wa Kanetsu Shiro,Остальные,Light novel,Дебют
50606,10,0.5382,Ayakashi Triangle,Остальные,Manga,Дебют
50631,10,0.8759,"Komi-san wa, Comyushou desu. 2nd Season",Флагманы,Manga,Продолжение
50638,10,0.8006,Muv-Luv Alternative 2nd Season,Остальные,Visual novel,Продолжение
50652,10,0.7363,Tsundere Akuyaku Reijou Liselotte to Jikkyou no Endou-kun to Kaisetsu no Kobayashi-san,Остальные,Light novel,Дебют
50664,10,0.7829,Saihate no Paladin: Tetsusabi no Yama no Ou,Остальные,Light novel,Продолжение
50678,10,0.8353,Kyoukai Senki Part 2,Остальные,Original,Продолжение
50685,10,0.8462,Kaginado Season 2,Остальные,Original,Продолжение
50695,10,0.8239,MF Ghost,Флагманы,Manga,Дебют
50738,10,0.6728,"Slime Taoshite 300-nen, Shiranai Uchi ni Level Max ni Nattemashita: Sono Ni",Остальные,Light novel,Продолжение
50739,10,0.8626,Otonari no Tenshi-sama ni Itsunomanika Dame Ningen ni Sareteita Ken,Флагманы,Light novel,Дебют
50760,10,0.5786,Teppen!!!!!!!!!!!!!!!,Остальные,Manga,Дебют
50854,10,0.7909,"Benriya Saitou-san, Isekai ni Iku",Надёжный просмотр,Web manga,Дебют
50862,10,0.6323,Estab-Life: Great Escape,Остальные,Mixed media,Дебют
50871,10,0.5385,Alice Gear Aegis Expansion,Остальные,Game,Дебют
50917,10,0.6537,Prima Doll,Остальные,Mixed media,Дебют
50923,10,0.7091,Mushikaburi-hime,Нишевые любимчики,Light novel,Дебют
50985,10,,Chimimo,Нишевые любимчики,Original,Дебют
50999,10,,Extreme Hearts,Остальные,Original,Дебют
51064,10,0.8784,Kuro no Shoukanshi,Надёжный просмотр,Light novel,Дебют
51092,10,0.5749,Yuurei Deco,Остальные,Original,Дебют
51098,10,0.6533,Shinobi no Ittoki,Остальные,Original,Дебют
51105,10,0.5564,NieR:Automata Ver1.1a,Нишевые любимчики,Game,Дебют
51128,10,0.7215,Noumin Kanren no Skill bakka Agetetara Nazeka Tsuyoku Natta.,Надёжный просмотр,Light novel,Дебют
51139,10,0.4593,Kizuna no Allele,Остальные,Original,Дебют
51179,10,0.9312,Mushoku Tensei II: Isekai Ittara Honki Dasu,Флагманы,Light novel,Дебют
51212,10,0.7468,Futoku no Guild,Остальные,Manga,Дебют
51213,10,0.7703,Kinsou no Vermeil: Gakeppuchi Majutsushi wa Saikyou no Yakusai to Mahou Sekai wo Tsukisusumu,Флагманы,Manga,Дебют
51215,10,0.8365,Seijo no Maryoku wa Bannou desu Season 2,Надёжный просмотр,Light novel,Продолжение
51219,10,0.675,Isekai One Turn Kill Neesan: Ane Douhan no Isekai Seikatsu Hajimemashita,Остальные,Manga,Дебют
51252,10,0.5567,Spy Kyoushitsu,Остальные,Light novel,Дебют
51265,10,0.6983,Inu ni Nattara Suki na Hito ni Hirowareta.,Остальные,Web manga,Дебют
51368,10,0.8559,Orient: Awajishima Gekitou-hen,Надёжный просмотр,Manga,Продолжение
51371,10,0.6051,Bucchigire!,Остальные,Original,Дебют
51381,10,0.6146,RWBY: Hyousetsu Teikoku,Нишевые любимчики,Other,Дебют
51403,10,0.7359,Renai Flops,Остальные,Original,Дебют
51415,10,0.5269,Opus.COLORs,Остальные,Original,Дебют
51458,10,0.7634,Lv1 Maou to One Room Yuusha,Надёжный просмотр,Web manga,Дебют
51462,10,0.8813,Isekai Nonbiri Nouka,Флагманы,Light novel,Дебют
51495,10,0.7571,Shin Shinka no Mi: Shiranai Uchi ni Kachigumi Jinsei,Надёжный просмотр,Light novel,Дебют
51498,10,0.8048,Masamune-kun no Revenge R,Остальные,Manga,Продолжение
51536,10,0.7618,The iDOLM@STER Cinderella Girls: U149,Нишевые любимчики,Web manga,Дебют
51552,10,0.8304,Watashi no Shiawase na Kekkon,Флагманы,Novel,Дебют
51586,10,0.7765,D4DJ All Mix,Нишевые любимчики,Mixed media,Дебют
51632,10,0.7856,Isekai wa Smartphone to Tomo ni. 2,Флагманы,Light novel,Продолжение
51648,10,0.8799,Nozomanu Fushi no Boukensha,Надёжный просмотр,Light novel,Дебют
51678,10,0.7739,Oniichan wa Oshimai!,Флагманы,Manga,Дебют
51693,10,0.7302,Kaminaki Sekai no Kamisama Katsudou,Надёжный просмотр,Manga,Дебют
51705,10,0.7142,Otonari ni Ginga,Остальные,Manga,Дебют
51706,10,0.6915,Yuusha ga Shinda!,Надёжный просмотр,Web manga,Дебют
51711,10,0.796,Hyouken no Majutsushi ga Sekai wo Suberu,Надёжный просмотр,Light novel,Дебют
51764,10,0.8003,Level 1 dakedo Unique Skill de Saikyou desu,Надёжный просмотр,Light novel,Дебют
51815,10,0.7432,Kubo-san wa Mob wo Yurusanai,Нишевые любимчики,Manga,Дебют
51817,10,0.6897,Watashi no Yuri wa Oshigoto desu!,Остальные,Manga,Дебют
51818,10,0.7911,Enen no Shouboutai: San no Shou,Нишевые любимчики,Manga,Продолжение
51923,10,0.5484,Warau Arsnotoria Sun!,Остальные,Game,Дебют
51956,10,0.5904,Paradox Live the Animation,Нишевые любимчики,Mixed media,Дебют
51958,10,0.7617,Kono Subarashii Sekai ni Bakuen wo!,Остальные,Light novel,Дебют
51986,10,0.8579,Pui Pui Molcar: Driving School,Надёжный просмотр,Original,Продолжение
52081,10,0.6979,Edomae Elf,Остальные,Manga,Дебют
52082,10,0.7265,Shiro Seijo to Kuro Bokushi,Остальные,4-koma manga,Дебют
52092,10,0.6779,My Home Hero,Остальные,Manga,Дебют
52093,10,0.7219,Trigun Stampede,Нишевые любимчики,Manga,Дебют
52173,10,0.7267,Koori Zokusei Danshi to Cool na Douryou Joshi,Остальные,Web manga,Дебют
52193,10,0.7478,Akiba Meido Sensou,Нишевые любимчики,Original,Дебют
52196,10,0.8309,Date A Live V,Нишевые любимчики,Light novel,Продолжение
52211,10,0.8624,Mashle,Флагманы,Manga,Дебют
52229,10,0.8797,Birdie Wing: Golf Girls' Story Season 2,Остальные,Original,Продолжение
52299,10,0.9087,Ore dake Level Up na Ken,Флагманы,Web manga,Дебют
52308,10,0.8379,Kanojo ga Koushaku-tei ni Itta Riyuu,Флагманы,Web manga,Дебют
52359,10,0.7589,Isekai de Mofumofu Nadenade suru Tame ni Ganbattemasu.,Надёжный просмотр,Light novel,Дебют
52367,10,0.7258,Isekai Shikkaku,Надёжный просмотр,Web manga,Дебют
52381,10,0.7493,Aru Asa Dummy Head Mic ni Natteita Ore-kun no Jinsei,Остальные,Original,Дебют
52405,10,0.5278,Highspeed Etoile,Остальные,Original,Дебют
52446,10,0.838,Kaiko sareta Ankoku Heishi (30-dai) no Slow na Second Life,Надёжный просмотр,Light novel,Дебют
52461,10,0.8124,Rougo ni Sonaete Isekai de 8-manmai no Kinka wo Tamemasu,Надёжный просмотр,Light novel,Дебют
52481,10,0.7239,Gimai Seikatsu,Нишевые любимчики,Light novel,Дебют
52482,10,0.753,Sasaki to Pii-chan,Надёжный просмотр,Light novel,Дебют
52578,10,0.8666,Boku no Kokoro no Yabai Yatsu,Флагманы,Manga,Дебют
52588,10,0.9053,Kaijuu 8-gou,Флагманы,Manga,Дебют
52608,10,0.8528,Tensei Kizoku no Isekai Boukenroku: Jichou wo Shiranai Kamigami no Shito,Надёжный просмотр,Light novel,Дебют
52611,10,0.8376,Okashi na Tensei,Надёжный просмотр,Light novel,Дебют
52619,10,0.7353,Jidou Hanbaiki ni Umarekawatta Ore wa Meikyuu wo Samayou,Надёжный просмотр,Light novel,Дебют
52709,10,0.6818,"Danjo no Yuujou wa Seiritsu suru? (Iya, Shinai!!)",Остальные,Light novel,Дебют
52736,10,0.8091,Tensei Oujo to Tensai Reijou no Mahou Kakumei,Флагманы,Light novel,Дебют
52816,10,0.7033,Majo to Yajuu,Нишевые любимчики,Manga,Дебют
52934,10,0.7241,"Konyaku Haki sareta Reijou wo Hirotta Ore ga, Ikenai Koto wo Oshiekomu",Остальные,Light novel,Дебют
52955,10,0.8235,Mahoutsukai no Yome Season 2,Остальные,Manga,Продолжение
52962,10,0.8399,"Tearmoon Teikoku Monogatari: Dantoudai kara Hajimaru, Hime no Tensei Gyakuten Story",Надёжный просмотр,Light novel,Дебют
52969,10,0.8034,"Jitsu wa Ore, Saikyou deshita?",Надёжный просмотр,Light novel,Дебют
52973,10,0.7969,Megami no Café Terrace,Надёжный просмотр,Manga,Дебют
52985,10,0.6317,Dekoboko Majo no Oyako Jijou,Остальные,4-koma manga,Дебют
52990,10,0.7734,"Keikenzumi na Kimi to, Keiken Zero na Ore ga, Otsukiai suru Hanashi.",Флагманы,Light novel,Дебют
53012,10,0.6412,Human Bug Daigaku,Остальные,Web manga,Дебют
53026,10,0.6528,Synduality: Noir,Остальные,Mixed media,Дебют
53033,10,0.6259,Mecha-ude (TV),Остальные,Original,Дебют
53040,10,0.8205,Kanojo mo Kanojo Season 2,Надёжный просмотр,Manga,Продолжение
53050,10,0.8501,"Kanojo, Okarishimasu 3rd Season",Надёжный просмотр,Manga,Продолжение
53065,10,0.7399,Sono Bisque Doll wa Koi wo Suru Season 2,Нишевые любимчики,Manga,Продолжение
53077,10,0.8223,Nijiyon Animation,Остальные,4-koma manga,Дебют
53097,10,0.8047,Tokyo Mew Mew New ♡ 2nd Season,Остальные,Manga,Продолжение
53132,10,0.6385,UniteUp!,Нишевые любимчики,Music,Дебют
53162,10,0.6981,Majutsushi Orphen Hagure Tabi: Urbanrama-hen,Остальные,Light novel,Продолжение
53163,10,0.6357,Kawaisugi Crisis,Остальные,Manga,Дебют
53179,10,0.5741,Ars no Kyojuu,Остальные,Original,Дебют
53199,10,0.8906,Kidou Senshi Gundam: Suisei no Majo Season 2,Флагманы,Original,Продолжение
53200,10,0.8064,Hataraku Maou-sama!! 2nd Season,Остальные,Light novel,Продолжение
53213,10,0.6304,Revenger,Остальные,Original,Дебют
53237,10,0.6137,Shy,Остальные,Manga,Дебют
53262,10,0.6415,Hoshikuzu Telepath,Нишевые любимчики,4-koma manga,Дебют
53263,10,0.8549,"Seija Musou: Salaryman, Isekai de Ikinokoru Tame ni Ayumu Michi",Надёжный просмотр,Light novel,Дебют
53287,10,0.8314,Love Live! Superstar!! 3rd Season,Нишевые любимчики,Other,Продолжение
53356,10,0.7359,Shuumatsu Train Doko e Iku?,Остальные,Original,Дебют
53379,10,0.7127,Uchi no Kaisha no Chiisai Senpai no Hanashi,Остальные,Web manga,Дебют
53397,10,0.7121,Tsuyokute New Saga,Остальные,Light novel,Дебют
53407,10,0.6937,Bartender: Kami no Glass,Остальные,Manga,Дебют
53410,10,0.7915,Yuru Camp△ Season 3,Нишевые любимчики,Manga,Продолжение
53411,10,0.8033,Buddy Daddies,Флагманы,Original,Дебют
53421,10,0.778,Dosanko Gal wa Namara Menkoi,Надёжный просмотр,Manga,Дебют
53426,10,0.7759,Hyakushou Kizoku,Остальные,Manga,Дебют
53428,10,0.5799,Ayaka,Остальные,Original,Дебют
53434,10,0.8334,"Maou no Ore ga Dorei Elf wo Yome ni Shitanda ga, Dou Medereba Ii?",Надёжный просмотр,Light novel,Дебют
53438,10,0.8242,Higeki no Genkyou to Naru Saikyou Gedou Last Boss Joou wa Tami no Tame ni Tsukushimasu.,Надёжный просмотр,Light novel,Дебют
53439,10,0.8345,Boushoku no Berserk,Надёжный просмотр,Light novel,Дебют
53446,10,0.8735,Tondemo Skill de Isekai Hourou Meshi,Флагманы,Light novel,Дебют
53488,10,0.7404,"Shin no Nakama ja Nai to Yuusha no Party wo Oidasareta node, Henkyou de Slow Life suru Koto ni Shimashita 2nd",Надёжный просмотр,Light novel,Продолжение
53516,10,0.8634,"Tensei shitara Dainana Ouji Datta node, Kimama ni Majutsu wo Kiwamemasu",Надёжный просмотр,Light novel,Дебют
53587,10,0.4903,The Marginal Service,Остальные,Original,Дебют
53590,10,0.8318,Saijaku Tamer wa Gomi Hiroi no Tabi wo Hajimemashita.,Надёжный просмотр,Light novel,Дебют
53613,10,0.7771,Dead Mount Death Play,Надёжный просмотр,Manga,Дебют
53632,10,0.7891,Yumemiru Danshi wa Genjitsushugisha,Надёжный просмотр,Light novel,Дебют
53633,10,0.606,Bullbuster,Остальные,Mixed media,Дебют
53698,10,0.6938,World Dai Star,Остальные,Mixed media,Дебют
53723,10,0.6898,Acro Trip,Остальные,Manga,Дебют
53730,10,0.7877,"Sokushi Cheat ga Saikyou sugite, Isekai no Yatsura ga Marude Aite ni Naranai n desu ga.",Надёжный просмотр,Light novel,Дебют
53770,10,0.7536,Sentai Daishikkaku,Остальные,Manga,Дебют
53787,10,0.6078,AI no Idenshi,Остальные,Manga,Дебют
53833,10,0.7943,Watashi no Oshi wa Akuyaku Reijou.,Флагманы,Light novel,Дебют
53835,10,0.6563,Unnamed Memory,Остальные,Light novel,Дебют
53887,10,0.8698,Spy x Family Season 2,Флагманы,Manga,Продолжение
53889,10,0.7648,Ao no Exorcist: Shimane Illuminati-hen,Остальные,Manga,Продолжение
53912,10,0.6977,Seiyuu Radio no Uraomote,Остальные,Light novel,Дебют
53924,10,0.7683,Jibaku Shounen Hanako-kun 2,Нишевые любимчики,Manga,Продолжение
54028,10,0.5176,Turkey!,Остальные,Original,Дебют
54103,10,0.7428,Hikikomari Kyuuketsuki no Monmon,Нишевые любимчики,Light novel,Дебют
54112,10,0.708,Zom 100: Zombie ni Naru made ni Shitai 100 no Koto,Флагманы,Manga,Дебют
54199,10,0.6525,Kaii to Otome to Kamikakushi,Остальные,Web manga,Дебют
54233,10,0.5347,Sasayaku You ni Koi wo Utau,Нишевые любимчики,Manga,Дебют
54259,10,0.6742,Rokudou no Onna-tachi,Остальные,Manga,Дебют
54265,10,0.6925,Kekkon Yubiwa Monogatari,Надёжный просмотр,Manga,Дебют
54275,10,0.7509,Temple,Остальные,Web manga,Дебют
54284,10,0.5634,VTuber Nandaga Haishin Kiri Wasuretara Densetsu ni Natteta,Остальные,Light novel,Дебют
54301,10,0.7072,Overtake!,Нишевые любимчики,Original,Дебют
54309,10,0.617,Blue Archive the Animation,Нишевые любимчики,Game,Дебют
54362,10,0.6854,Hametsu no Oukoku,Остальные,Manga,Дебют
54431,10,0.7675,Toaru Ossan no VRMMO Katsudouki,Надёжный просмотр,Light novel,Дебют
54449,10,0.6089,Ishura,Остальные,Light novel,Дебют
54595,10,0.8997,Kage no Jitsuryokusha ni Naritakute! 2nd Season,Флагманы,Light novel,Продолжение
54616,10,0.8045,Potion-danomi de Ikinobimasu!,Надёжный просмотр,Light novel,Дебют
54617,10,0.6265,Kyuujitsu no Warumono-san,Остальные,Web manga,Дебют
54632,10,0.8409,Gekai Elise,Надёжный просмотр,Web manga,Дебют
54638,10,0.5522,Kawagoe Boys Sing,Остальные,Original,Дебют
54714,10,0.806,Kimi no Koto ga Daidaidaidaidaisuki na 100-nin no Kanojo,Флагманы,Manga,Дебют
54716,10,0.6781,Kibou no Chikara: Otona Precure '23,Остальные,Original,Дебют
54717,10,0.7423,Mahoutsukai Precure!! Mirai Days,Остальные,Original,Продолжение
54724,10,0.7218,Nige Jouzu no Wakagimi,Остальные,Manga,Дебют
54726,10,0.7036,"Tsuma, Shougakusei ni Naru.",Остальные,Manga,Дебют
54738,10,0.753,Majutsushi Orphen Hagure Tabi: Seiiki-hen,Остальные,Light novel,Продолжение
54743,10,0.8611,Dead Mount Death Play Part 2,Надёжный просмотр,Manga,Продолжение
54744,10,0.8122,Tokidoki Bosotto Russia-go de Dereru Tonari no Alya-san,Флагманы,Light novel,Дебют
54758,10,0.6758,The iDOLM@STER Shiny Colors,Остальные,Game,Продолжение
54760,10,0.575,Ryza no Atelier: Tokoyami no Joou to Himitsu no Kakurega,Остальные,Game,Дебют
54769,10,,Sousei no Aquarion: Myth of Emotions,Остальные,Original,Дебют
54798,10,0.5462,Kamierabi,Остальные,Original,Дебют
54837,10,0.8825,Akuyaku Reijou Level 99: Watashi wa Ura-Boss desu ga Maou dewa Arimasen,Надёжный просмотр,Light novel,Дебют
54839,10,0.7326,Yoru no Kurage wa Oyogenai,Нишевые любимчики,Original,Дебют
54842,10,0.8624,Sugar Apple Fairy Tale Part 2,Надёжный просмотр,Light novel,Продолжение
54852,10,0.8496,Kikansha no Mahou wa Tokubetsu desu,Надёжный просмотр,Web manga,Дебют
54853,10,0.7797,Maou 2099,Надёжный просмотр,Light novel,Дебют
54855,10,0.6186,Senpai wa Otokonoko,Остальные,Web manga,Дебют
54859,10,0.5476,Rinkai!,Остальные,Mixed media,Дебют
54869,10,0.776,High Card Season 2,Остальные,Mixed media,Продолжение
54883,10,0.8674,Mononogatari 2nd Season,Надёжный просмотр,Manga,Продолжение
54913,10,0.8429,"Shinmai Ossan Boukensha, Saikyou Party ni Shinu hodo Kitaerarete Muteki ni Naru.",Надёжный просмотр,Light novel,Дебют
54914,10,,Bikkurimen,Остальные,Other,Дебют
54947,10,0.8361,Spy Kyoushitsu 2nd Season,Остальные,Light novel,Продолжение
54968,10,0.692,Giji Harem,Нишевые любимчики,Web manga,Дебют
55129,10,0.6936,Oroka na Tenshi wa Akuma to Odoru,Остальные,Manga,Дебют
55150,10,0.7651,Yarinaoshi Reijou wa Ryuutei Heika wo Kouryakuchuu,Надёжный просмотр,Light novel,Дебют
55153,10,0.7581,Yuzuki-san Chi no Yonkyoudai.,Остальные,Manga,Дебют
55265,10,0.8392,"Tensei Kizoku, Kantei Skill de Nariagaru",Надёжный просмотр,Light novel,Дебют
55310,10,0.7525,Atarashii Joushi wa Do Tennen,Нишевые любимчики,Web manga,Дебют
55358,10,0.683,Bucchigiri?!,Остальные,Original,Дебют
55397,10,0.5646,Pon no Michi,Остальные,Original,Дебют
55514,10,0.6025,Zatsu Tabi: That's Journey,Остальные,Manga,Дебют
55528,10,0.6992,Yuuki Bakuhatsu Bang Bravern,Нишевые любимчики,Original,Дебют
55597,10,0.6484,Hananoi-kun to Koi no Yamai,Остальные,Manga,Дебют
55710,10,,Hana-Doll*: Reinterpretation of Flowering,Остальные,Mixed media,Дебют
55717,10,0.581,Dekisokonai to Yobareta Motoeiyuu wa Jikka kara Tsuihou sareta node Sukikatte ni Ikiru Koto ni Shita,Остальные,Light novel,Дебют
55742,10,0.8835,Mahoutsukai no Yome Season 2 Part 2,Остальные,Manga,Продолжение
55749,10,0.82,Megami no Café Terrace 2nd Season,Остальные,Manga,Продолжение
55774,10,0.6427,"Himesama ""Goumon"" no Jikan desu",Остальные,Manga,Дебют
55775,10,0.7736,Kizuna no Allele Season 2,Остальные,Original,Продолжение
55813,10,0.8795,Mashle: Shinkakusha Kouho Senbatsu Shiken-hen,Надёжный просмотр,Manga,Продолжение
55823,10,0.7905,Natsume Yuujinchou Shichi,Нишевые любимчики,Manga,Продолжение
55842,10,0.6452,Okinawa de Suki ni Natta Ko ga Hougen Sugite Tsurasugiru,Остальные,Web manga,Дебют
55844,10,0.6771,Tasogare Out Focus,Нишевые любимчики,Manga,Дебют
55866,10,0.778,Yubisaki to Renren,Флагманы,Manga,Дебют
55877,10,0.7523,Henjin no Salad Bowl,Остальные,Light novel,Дебют
55887,10,0.7522,"Kekkon suru tte, Hontou desu ka",Остальные,Manga,Дебют
55888,10,0.9168,Mushoku Tensei II: Isekai Ittara Honki Dasu Part 2,Флагманы,Light novel,Продолжение
55894,10,0.6369,Bokura no Ame-iro Protocol,Остальные,Original,Дебют
55973,10,0.7867,30-sai made Doutei dato Mahoutsukai ni Nareru Rashii,Флагманы,Manga,Дебют
55994,10,0.7405,Sword Art Online Alternative: Gun Gale Online II,Остальные,Light novel,Продолжение
55996,10,0.6435,Koi wa Futago de Warikirenai,Остальные,Light novel,Дебют
55997,10,0.7079,"Guild no Uketsukejou desu ga, Zangyou wa Iya nanode Boss wo Solo Toubatsu Shiyou to Omoimasu",Надёжный просмотр,Light novel,Дебют
55998,10,0.585,Momochi-san Chi no Ayakashi Ouji,Остальные,Manga,Дебют
56062,10,0.6537,Naze Boku no Sekai wo Daremo Oboeteinai no ka?,Остальные,Light novel,Дебют
56063,10,0.819,NieR:Automata Ver1.1a Part 2,Остальные,Game,Продолжение
56135,10,0.6589,UniteUp! Uni:Birth,Нишевые любимчики,Music,Продолжение
56165,10,0.7434,Boukyaku Battery (TV),Нишевые любимчики,Manga,Дебют
56348,10,0.722,Dungeon no Naka no Hito,Остальные,Web manga,Дебют
56352,10,0.8462,"Loop 7-kaime no Akuyaku Reijou wa, Moto Tekikoku de Jiyuu Kimama na Hanayome Seikatsu wo Mankitsu suru",Флагманы,Light novel,Дебют
56400,10,0.7144,"Maou-sama, Retry! R",Остальные,Web manga,Продолжение
56449,10,0.721,Madougushi Dahliya wa Utsumukanai,Остальные,Light novel,Дебют
56461,10,0.559,Hamidashi Creative,Остальные,Visual novel,Дебют
56690,10,0.7929,Re:Monster,Надёжный просмотр,Light novel,Дебют
56691,10,0.4524,Gekkan Mousou Kagaku,Остальные,Original,Дебют
56700,10,0.6748,Jidou Hanbaiki ni Umarekawatta Ore wa Meikyuu wo Samayou 2nd Season,Остальные,Light novel,Продолжение
56731,10,0.8078,Synduality: Noir Part 2,Остальные,Mixed media,Продолжение
56738,10,0.8757,Shinigami Bocchan to Kuro Maid 3rd Season,Остальные,Web manga,Продолжение
56768,10,0.6809,"Tadaima, Okaeri",Нишевые любимчики,Manga,Дебют
56838,10,0.7344,"One Room, Hiatari Futsuu, Tenshi-tsuki.",Остальные,Manga,Дебют
56843,10,0.743,Goukon ni Ittara Onna ga Inakatta Hanashi,Нишевые любимчики,Web manga,Дебют
56845,10,0.7027,"Saikyou Tank no Meikyuu Kouryaku: Tairyoku 9999 no Rare Skill-mochi Tank, Yuusha Party wo Tsuihou sareru",Надёжный просмотр,Manga,Дебют
56907,10,0.6506,Koujo Denka no Kateikyoushi,Остальные,Light novel,Дебют
56923,10,0.8349,Lv2 kara Cheat datta Motoyuusha Kouho no Mattari Isekai Life,Надёжный просмотр,Light novel,Дебют
56964,10,0.71,Raise wa Tanin ga Ii,Остальные,Manga,Дебют
56967,10,,Kamierabi 2nd Season,Остальные,Original,Продолжение
57031,10,0.6527,Vampire Dormitory,Остальные,Manga,Дебют
57050,10,0.5429,Kisaki Kyouiku kara Nigetai Watashi,Остальные,Manga,Дебют
57058,10,0.8076,"Ore wa Subete wo ""Parry"" suru: Gyaku Kanchigai no Sekai Saikyou wa Boukensha ni Naritai",Надёжный просмотр,Light novel,Дебют
57099,10,0.5594,Na Nare Hana Nare,Остальные,Original,Дебют
57100,10,0.8213,The New Gate,Надёжный просмотр,Light novel,Дебют
57152,10,0.3848,Mahoutsukai no Yakusoku,Остальные,Game,Дебют
57217,10,0.7383,Katsute Mahou Shoujo to Aku wa Tekitai shiteita.,Остальные,Manga,Дебют
57315,10,0.6664,"Meitou ""Isekai no Yu"" Kaitakuki: Around 40 Onsen Mania no Tensei Saki wa, Nonbiri Onsen Tengoku deshita",Остальные,Light novel,Дебют
57325,10,0.6708,Ramen Akaneko,Остальные,Manga,Дебют
57334,10,0.8502,Dandadan,Флагманы,Manga,Дебют
57360,10,0.6747,Kabushikigaisha Magi-Lumière,Остальные,Manga,Дебют
57362,10,0.7263,Hoshifuru Oukoku no Nina,Нишевые любимчики,Manga,Дебют
57380,10,0.7465,Isekai Yururi Kikou: Kosodateshinagara Boukensha Shimasu,Надёжный просмотр,Light novel,Дебют
57391,10,0.6456,Astro Note,Остальные,Original,Дебют
57517,10,0.6072,Puniru wa Kawaii Slime,Остальные,Manga,Дебют
57524,10,0.8355,Make Heroine ga Oosugiru!,Флагманы,Light novel,Дебют
57559,10,0.8802,MF Ghost 2nd Season,Надёжный просмотр,Manga,Продолжение
57562,10,,Hyakushou Kizoku 2nd Season,Остальные,Manga,Продолжение
57567,10,0.782,Shy 2nd Season,Остальные,Manga,Продолжение
57592,10,0.8864,Dr. Stone: Science Future,Надёжный просмотр,Manga,Продолжение
57611,10,0.6698,Kimi wa Meido-sama.,Остальные,Web manga,Дебют
57616,10,0.8287,Kimi no Koto ga Daidaidaidaidaisuki na 100-nin no Kanojo 2nd Season,Нишевые любимчики,Manga,Продолжение
57623,10,0.8717,Nijiyon Animation 2,Остальные,4-koma manga,Продолжение
57646,10,0.6957,Mob kara Hajimaru Tansaku Eiyuutan,Надёжный просмотр,Light novel,Дебют
57648,10,0.7356,Nihon e Youkoso Elf-san.,Остальные,Light novel,Дебют
57719,10,0.7587,Akuyaku Reijou Tensei Ojisan,Надёжный просмотр,Manga,Дебют
57820,10,0.4325,Kamitsubaki-shi Kensetsuchuu.,Остальные,Other,Дебют
57845,10,0.6178,Elf-san wa Yaserarenai.,Остальные,Web manga,Дебют
57876,10,0.699,Maougun Saikyou no Majutsushi wa Ningen datta,Надёжный просмотр,Manga,Дебют
57891,10,0.7829,Hitoribocchi no Isekai Kouryaku,Надёжный просмотр,Light novel,Дебют
57892,10,0.82,"Hazurewaku no ""Joutai Ijou Skill"" de Saikyou ni Natta Ore ga Subete wo Juurin suru made",Надёжный просмотр,Light novel,Дебют
57907,10,0.747,Tate no Yuusha no Nariagari Season 4,Остальные,Light novel,Продолжение
57944,10,0.6987,"Party kara Tsuihou sareta Sono Chiyushi, Jitsu wa Saikyou ni Tsuki",Надёжный просмотр,Light novel,Дебют
57947,10,0.6777,Mayonaka Punch,Остальные,Original,Дебют
58059,10,0.8344,Tsue to Tsurugi no Wistoria,Надёжный просмотр,Manga,Дебют
58066,10,0.6629,Sorairo Utility (TV),Остальные,Original,Дебют
58080,10,0.7496,Kenka Dokugaku,Надёжный просмотр,Web manga,Дебют
58131,10,0.7583,Shiunji-ke no Kodomotachi,Остальные,Manga,Дебют
58173,10,0.5973,Mahoutsukai ni Narenakatta Onnanoko no Hanashi,Остальные,Novel,Дебют
58197,10,0.4402,Nyaight of the Living Cat,Остальные,Manga,Дебют
58216,10,0.5703,Übel Blatt,Остальные,Manga,Дебют
58259,10,0.5265,"Douse, Koishite Shimaunda.",Остальные,Manga,Дебют
58265,10,0.6099,Babanbabanban Vampire,Остальные,Manga,Дебют
58271,10,0.6923,Honey Lemon Soda,Остальные,Manga,Дебют
58272,10,0.6523,Boku no Tsuma wa Kanjou ga Nai,Остальные,Manga,Дебют
58302,10,0.7787,The iDOLM@STER Shiny Colors 2nd Season,Остальные,Game,Продолжение
58359,10,0.785,"Isshun de Chiryou shiteita noni Yakutatazu to Tsuihou sareta Tensai Chiyushi, Yami Healer toshite Tanoshiku Ikiru",Надёжный просмотр,Light novel,Дебют
58390,10,0.6802,Yofukashi no Uta Season 2,Нишевые любимчики,Manga,Продолжение
58426,10,0.5423,Shikanoko Nokonoko Koshitantan,Нишевые любимчики,Manga,Дебют
58437,10,0.7486,"Botsuraku Yotei no Kizoku dakedo, Hima Datta kara Mahou wo Kiwametemita",Надёжный просмотр,Light novel,Дебют
58445,10,0.7199,"Sayounara Ryuusei, Konnichiwa Jinsei",Надёжный просмотр,Light novel,Дебют
58473,10,0.6369,"S-Rank Monster no ""Behemoth"" dakedo, Neko to Machigawarete Elf Musume no Pet toshite Kurashitemasu",Остальные,Manga,Дебют
58484,10,0.7991,Ishura 2nd Season,Остальные,Light novel,Продолжение
58492,10,0.701,Mono,Остальные,4-koma manga,Дебют
58502,10,0.7073,Zenshuu.,Нишевые любимчики,Original,Дебют
58511,10,0.8202,Nanatsu no Taizai: Mokushiroku no Yonkishi 2nd Season,Остальные,Manga,Продолжение
58516,10,0.8427,Ao no Exorcist: Yuki no Hate-hen,Остальные,Manga,Продолжение
58600,10,0.6474,Ameku Takao no Suiri Karte,Остальные,Novel,Дебют
58614,10,0.7556,Teogonia,Остальные,Light novel,Дебют
58714,10,0.8319,"Saikyou no Shienshoku ""Wajutsushi"" de Aru Ore wa Sekai Saikyou Clan wo Shitagaeru",Надёжный просмотр,Light novel,Дебют
58725,10,0.7103,Ninja to Koroshiya no Futarigurashi,Остальные,Manga,Дебют
58822,10,0.8269,Izure Saikyou no Renkinjutsushi?,Надёжный просмотр,Light novel,Дебют
58833,10,0.5743,Kakushite! Makina-san!!,Остальные,Manga,Дебют
58853,10,0.6836,Kuroiwa Medaka ni Watashi no Kawaii ga Tsuujinai,Остальные,Manga,Дебют
58854,10,0.6087,Kinoko Inu,Остальные,Manga,Дебют
58913,10,0.5286,Hikaru ga Shinda Natsu,Нишевые любимчики,Web manga,Дебют
58926,10,0.6134,Egumi Legacy,Остальные,Card game,Дебют
58985,10,0.5377,0-saiji Start Dash Monogatari,Остальные,Manga,Дебют
59002,10,0.6583,"Hazure Skill ""Kinomi Master"": Skill no Mi (Tabetara Shinu) wo Mugen ni Taberareru You ni Natta Ken ni Tsuite",Надёжный просмотр,Manga,Дебют
59055,10,0.6434,"Hana wa Saku, Shura no Gotoku",Остальные,Manga,Дебют
59095,10,0.8185,"Tensei shitara Dainana Ouji Datta node, Kimama ni Majutsu wo Kiwamemasu 2nd Season",Остальные,Light novel,Продолжение
59113,10,0.488,Farmagia,Остальные,Game,Дебют
59131,10,0.8323,"Tensei Kizoku, Kantei Skill de Nariagaru 2nd Season",Надёжный просмотр,Light novel,Продолжение
59135,10,0.7513,Class no Daikirai na Joshi to Kekkon suru Koto ni Natta.,Надёжный просмотр,Light novel,Дебют
59136,10,0.6718,Tasokare Hotel,Остальные,Game,Дебют
59142,10,0.7443,Unnamed Memory Act.2,Остальные,Light novel,Продолжение
59144,10,0.7255,"Fuguushoku ""Kanteishi"" ga Jitsu wa Saikyou Datta",Надёжный просмотр,Light novel,Дебют
59145,10,0.7987,Ranma ½ (2024),Флагманы,Manga,Дебют
59160,10,0.7847,Wind Breaker Season 2,Надёжный просмотр,Web manga,Продолжение
59161,10,0.5848,Bad Girl,Остальные,4-koma manga,Дебют
59169,10,0.6492,Aru Majo ga Shinu Made,Остальные,Light novel,Дебют
59189,10,0.7862,Sentai Daishikkaku 2nd Season,Остальные,Manga,Продолжение
59205,10,0.7644,Clevatess: Majuu no Ou to Akago to Shikabane no Yuusha,Остальные,Web manga,Дебют
59207,10,0.7615,"Mikadono Sanshimai wa Angai, Choroi.",Остальные,Manga,Дебют
59226,10,0.8691,Ao no Exorcist: Yosuga-hen,Остальные,Manga,Продолжение
59265,10,0.7704,Magic Maker: Isekai Mahou no Tsukurikata,Надёжный просмотр,Light novel,Дебют
59277,10,0.6794,"Kanojo, Okarishimasu 4th Season",Остальные,Manga,Продолжение
59322,10,0.7594,Shirobuta Kizoku desu ga Zense no Kioku ga Haeta node Hiyoko na Otouto Sodatemasu,Надёжный просмотр,Light novel,Дебют
59349,10,0.7058,Salaryman ga Isekai ni Ittara Shitennou ni Natta Hanashi,Надёжный просмотр,Web manga,Дебют
59361,10,0.6602,Kono Kaisha ni Suki na Hito ga Imasu,Остальные,Manga,Дебют
59402,10,0.6737,Kakkou no Iinazuke Season 2,Остальные,Manga,Продолжение
59421,10,0.7384,Zutaboro Reijou wa Ane no Moto Konyakusha ni Dekiai sareru,Остальные,Light novel,Дебют
59424,10,0.7092,"Yuusha Party wo Tsuihou sareta Shiromadoushi, S-Rank Boukensha ni Hirowareru: Kono Shiromadoushi ga Kikakugai Sugiru",Остальные,Manga,Дебют
59425,10,0.6956,NegaPosi Angler,Остальные,Original,Дебют
59452,10,0.756,"Katainaka no Ossan, Kensei ni Naru",Надёжный просмотр,Light novel,Дебют
59457,10,0.5561,"Haite Kudasai, Takamine-san",Нишевые любимчики,Manga,Дебют
59466,10,0.7458,Aharen-san wa Hakarenai Season 2,Остальные,Manga,Продолжение
59514,10,0.6394,Sentai Red Isekai de Boukensha ni Naru,Остальные,Manga,Дебют
59619,10,0.5716,Ame to Kimi to,Остальные,Manga,Дебют
59632,10,0.5941,Mattaku Saikin no Tantei to Kitara,Остальные,Manga,Дебют
59675,10,0.7059,Apocalypse Hotel,Нишевые любимчики,Original,Дебют
59689,10,0.5712,Game Center Shoujo to Ibunka Kouryuu,Остальные,Web manga,Дебют
59744,10,0.5825,Maebashi Witches,Остальные,Original,Дебют
59745,10,0.5841,Chotto dake Ai ga Omoi Dark Elf ga Isekai kara Oikaketekita,Остальные,Web manga,Дебют
59828,10,0.8355,Shoushimin Series 2nd Season,Нишевые любимчики,Novel,Продолжение
59935,10,0.6909,Gorilla no Kami kara Kago sareta Reijou wa Ouritsu Kishidan de Kawaigarareru,Надёжный просмотр,Web manga,Дебют
59961,10,0.5521,Kizu darake Seijo yori Houfuku wo Komete,Остальные,Web manga,Дебют
59986,10,0.7214,Grand Blue Season 2,Нишевые любимчики,Manga,Продолжение
60009,10,0.5994,Chuuzenji-sensei Mononoke Kougiroku: Sensei ga Nazo wo Hodoite Shimau kara.,Остальные,Manga,Дебют
60140,10,0.7746,"Kanchigai no Atelier Meister: Eiyuu Party no Moto Zatsuyougakari ga, Jitsu wa Sentou Igai ga SSS Rank Datta to Iu Yoku Aru Hanashi",Надёжный просмотр,Light novel,Дебют
60146,10,0.6813,"Saikyou no Ousama, Nidome no Jinsei wa Nani wo Suru?",Флагманы,Other,Дебют
60154,10,0.7767,Ore wa Seikan Kokka no Akutoku Ryoushu!,Надёжный просмотр,Light novel,Дебют
60157,10,0.813,Kanpekisugite Kawaige ga Nai to Konyaku Haki sareta Seijo wa Ringoku ni Urareru,Надёжный просмотр,Light novel,Дебют
60293,10,0.6903,Ballpark de Tsukamaete!,Остальные,Manga,Дебют
60315,10,0.5116,Dekin no Mogura,Остальные,Manga,Дебют
60316,10,0.6434,Busamen Gachi Fighter,Остальные,Manga,Дебют
60326,10,0.6439,"Watashi ga Koibito ni Nareru Wake Nai jan, Muri Muri! (※Muri ja Nakatta!?)",Нишевые любимчики,Light novel,Дебют
60377,10,0.5779,Nazotoki wa Dinner no Ato de,Остальные,Novel,Дебют
60425,10,,0-saiji Start Dash Monogatari Season 2,Остальные,Manga,Продолжение
60449,10,0.6894,Kidou Senshi Gundam: GQuuuuuuX,Остальные,Original,Дебют
60505,10,0.5022,Necronomico no Cosmic Horror Show,Остальные,Original,Дебют
60523,10,0.7274,Tsuihousha Shokudou e Youkoso!,Остальные,Light novel,Дебют
60543,10,0.7716,Dandadan 2nd Season,Нишевые любимчики,Manga,Продолжение
60603,10,0.7363,Puniru wa Kawaii Slime 2nd Season,Остальные,Manga,Продолжение
60658,10,0.7225,Hibi wa Sugiredo Meshi Umashi,Нишевые любимчики,Original,Дебют
60697,10,0.6206,Fermat no Ryouri,Остальные,Manga,Дебют
60732,10,0.7648,Mizu Zokusei no Mahoutsukai,Остальные,Light novel,Дебют
60951,10,0.6124,Kizetsu Yuusha to Ansatsu Hime,Остальные,Manga,Дебют
61150,10,0.562,Onmyou Kaiten Re:Birth,Остальные,Original,Дебют
61239,10,0.3119,Binan Koukou Chikyuu Bouei-bu Haikara!,Остальные,Original,Дебют
61274,10,0.7278,Ginga Tokkyuu Milky☆Subway,Остальные,Original,Дебют
61322,10,0.8448,Dr. Stone: Science Future Part 2,Остальные,Manga,Продолжение
61339,10,0.7383,Jibaku Shounen Hanako-kun 2 Part 2,Остальные,Manga,Продолжение
61410,10,0.62,Chotto dake Ai ga Omoi Dark Elf ga Isekai kara Oikaketekita Mini Anime Gekijou,Остальные,Web manga,Дебют
32455,11,0.6179,Gekidol: Actidol Project,Остальные,Original,Дебют
35252,11,0.5886,Hatena☆Illusion,Остальные,Light novel,Дебют
35335,11,0.6897,Musashino!,Остальные,Original,Дебют
36458,11,0.5759,Soukou Musume Senki,Остальные,Game,Дебют
37587,11,0.6899,Lapis Re:LiGHTs,Остальные,Mixed media,Дебют
37599,11,0.6707,Magatsu Wahrheit: Zuerst,Остальные,Game,Дебют
37890,11,0.7937,Oshi ga Budoukan Ittekuretara Shinu,Нишевые любимчики,Manga,Дебют
38005,11,0.8195,Strike Witches: Road to Berlin,Остальные,Original,Продолжение
38006,11,0.6281,Renmei Kuugun Koukuu Mahou Ongakutai Luminous Witches,Остальные,Original,Дебют
38192,11,0.6282,Sakugan,Остальные,Novel,Дебют
38302,11,0.6707,Boku no Tonari ni Ankoku Hakaishin ga Imasu.,Остальные,Manga,Дебют
38337,11,0.8503,Gochuumon wa Usagi desu ka? Bloom,Нишевые любимчики,4-koma manga,Продолжение
38440,11,0.5367,Shikizakura,Остальные,Original,Дебют
38476,11,0.9041,Heya Camp△,Надёжный просмотр,Manga,Дебют
38555,11,0.872,Otome Game no Hametsu Flag shika Nai Akuyaku Reijou ni Tensei shiteshimatta...,Флагманы,Light novel,Дебют
38668,11,0.8589,Dorohedoro,Флагманы,Manga,Дебют
38790,11,0.8634,Itai no wa Iya nanode Bougyoryoku ni Kyokufuri Shitai to Omoimasu.,Флагманы,Light novel,Дебют
38830,11,0.8605,"Hachi-nan tte, Sore wa Nai deshou!",Надёжный просмотр,Light novel,Дебют
38835,11,0.8694,Umayon,Надёжный просмотр,4-koma manga,Дебют
38843,11,0.7661,Shironeko Project: Zero Chronicle,Надёжный просмотр,Game,Дебют
38853,11,0.3869,Ex-Arm,Остальные,Manga,Дебют
38924,11,0.7145,Nekopara,Остальные,Visual novel,Дебют
38992,11,0.7652,Rikei ga Koi ni Ochita no de Shoumei shitemita.,Остальные,Web manga,Дебют
39017,11,0.787,Kyokou Suiri,Надёжный просмотр,Manga,Дебют
39184,11,0.7126,A3! Season Spring & Summer,Нишевые любимчики,Game,Дебют
39247,11,0.8922,Kobayashi-san Chi no Maid Dragon S,Флагманы,Manga,Продолжение
39388,11,0.6909,Koisuru Asteroid,Остальные,4-koma manga,Дебют
39469,11,0.8366,Tsugu Tsugumomo,Остальные,Manga,Дебют
39531,11,0.7442,Kuutei Dragons,Остальные,Manga,Дебют
39534,11,0.795,Jibaku Shounen Hanako-kun,Флагманы,Manga,Дебют
39547,11,0.9017,Yahari Ore no Seishun Love Comedy wa Machigatteiru. Kan,Флагманы,Light novel,Продолжение
39551,11,0.9468,Tensei shitara Slime Datta Ken 2nd Season,Флагманы,Manga,Продолжение
39575,11,0.7489,Somali to Mori no Kamisama,Остальные,Web manga,Дебют
39582,11,0.6105,Kitsutsuki Tanteidokoro,Остальные,Novel,Дебют
39583,11,0.7019,number24,Остальные,Original,Дебют
39609,11,0.723,Ochikobore Fruit Tart,Остальные,4-koma manga,Дебют
39710,11,0.8037,Yesterday wo Utatte,Остальные,Manga,Дебют
39725,11,0.6317,I★Chu: Halfway Through the Idol,Нишевые любимчики,Game,Дебют
39730,11,0.7803,Houkago Teibou Nisshi,Остальные,Manga,Дебют
39783,11,0.9323,5-toubun no Hanayome ∬,Флагманы,Manga,Продолжение
39790,11,0.7641,Adachi to Shimamura,Нишевые любимчики,Light novel,Дебют
39792,11,0.7333,Eizouken ni wa Te wo Dasu na!,Нишевые любимчики,Manga,Дебют
39808,11,0.8748,Non Non Biyori Nonstop,Нишевые любимчики,Manga,Продолжение
39893,11,0.5673,Muteking the Dancing Hero,Остальные,Original,Дебют
39917,11,0.4302,Sabiiro no Armor: Reimei,Остальные,Mixed media,Дебют
39948,11,0.7959,Muhyo to Rouji no Mahouritsu Soudan Jimusho 2nd Season,Остальные,Manga,Продолжение
39960,11,0.8876,Yatogame-chan Kansatsu Nikki Nisatsume,Надёжный просмотр,4-koma manga,Продолжение
39966,11,,Tamayomi,Остальные,Manga,Дебют
39988,11,0.9191,Isekai Quartet 2,Надёжный просмотр,Original,Продолжение
40010,11,0.7864,Ishuzoku Reviewers,Флагманы,Web manga,Дебют
40056,11,0.7752,Deca-Dence,Надёжный просмотр,Original,Дебют
40059,11,0.9223,Golden Kamuy 3rd Season,Флагманы,Manga,Продолжение
40060,11,0.8524,BNA,Флагманы,Original,Дебют
40074,11,0.469,Gibiate,Остальные,Original,Дебют
40075,11,0.6478,Koi to Producer: EVOLxLOVE,Остальные,Game,Дебют
40085,11,0.5709,Maesetsu!,Остальные,Original,Дебют
40128,11,0.7814,Arte,Остальные,Manga,Дебют
40136,11,0.6233,Oda Cinnamon Nobunaga,Остальные,Manga,Дебют
40148,11,0.7214,22/7,Остальные,Other,Дебют
40165,11,0.5054,Listeners,Остальные,Original,Дебют
40174,11,0.8418,Zombieland Saga Revenge,Нишевые любимчики,Original,Продолжение
40230,11,0.7323,Housekishou Richard-shi no Nazo Kantei,Остальные,Novel,Дебют
40272,11,,A3! Season Autumn & Winter,Нишевые любимчики,Game,Дебют
40357,11,0.8556,Tate no Yuusha no Nariagari Season 3,Нишевые любимчики,Light novel,Продолжение
40358,11,0.4914,Gal to Kyouryuu,Остальные,Manga,Дебют
40359,11,0.6671,Ikebukuro West Gate Park,Остальные,Novel,Дебют
40392,11,0.815,Runway de Waratte,Остальные,Manga,Дебют
40397,11,0.8065,Maoujou de Oyasumi,Флагманы,Manga,Дебют
40403,11,0.5677,Shin Sakura Taisen the Animation,Остальные,Game,Дебют
40436,11,0.7332,Peter Grill to Kenja no Jikan,Надёжный просмотр,Manga,Дебют
40454,11,0.8989,Dungeon ni Deai wo Motomeru no wa Machigatteiru Darou ka III,Надёжный просмотр,Light novel,Продолжение
40483,11,0.8366,Murenase! Seton Gakuen,Надёжный просмотр,Web manga,Дебют
40488,11,0.5587,Futsal Boys!!!!!,Нишевые любимчики,Mixed media,Дебют
40507,11,0.8582,Arifureta Shokugyou de Sekai Saikyou 2nd Season,Флагманы,Light novel,Продолжение
40513,11,0.7433,Nami yo Kiitekure,Остальные,Manga,Дебют
40526,11,0.613,"Dragon, Ie wo Kau.",Остальные,Manga,Дебют
40529,11,0.8436,No Guns Life 2nd Season,Остальные,Manga,Продолжение
40530,11,0.8396,Jaku-Chara Tomozaki-kun,Надёжный просмотр,Light novel,Дебют
40550,11,0.6694,Assault Lily: Bouquet,Остальные,Mixed media,Дебют
40571,11,0.8141,Majo no Tabitabi,Флагманы,Light novel,Дебют
40586,11,0.7722,"Slime Taoshite 300-nen, Shiranai Uchi ni Level Max ni Nattemashita",Надёжный просмотр,Light novel,Дебют
40591,11,0.9465,Kaguya-sama wa Kokurasetai? Tensai-tachi no Renai Zunousen,Флагманы,Manga,Продолжение
40594,11,0.7911,Tatoeba Last Dungeon Mae no Mura no Shounen ga Joban no Machi de Kurasu Youna Monogatari,Надёжный просмотр,Light novel,Дебют
40595,11,0.7857,"Kimi to Boku no Saigo no Senjou, Aruiwa Sekai ga Hajimaru Seisen",Надёжный просмотр,Light novel,Дебют
40608,11,0.6293,Muv-Luv Alternative,Остальные,Visual novel,Дебют
40623,11,0.6696,Dokyuu Hentai HxEros,Остальные,Manga,Дебют
40679,11,0.6579,2.43: Seiin Koukou Danshi Volley-bu,Остальные,Novel,Дебют
40685,11,0.7455,Super Cub,Нишевые любимчики,Light novel,Дебют
40708,11,0.7744,Monster Musume no Oishasan,Надёжный просмотр,Light novel,Дебют
40716,11,0.8132,Kakushigoto,Нишевые любимчики,Manga,Дебют
40738,11,0.7421,Natsunagu!,Остальные,Original,Дебют
40750,11,0.8056,Kaifuku Jutsushi no Yarinaoshi,Флагманы,Light novel,Дебют
40752,11,0.6363,Bishounen Tanteidan,Остальные,Novel,Дебют
40763,11,0.765,Show By Rock!! Mashumairesh!!,Остальные,Game,Продолжение
40776,11,0.9514,Haikyuu!! To the Top Part 2,Флагманы,Manga,Продолжение
40783,11,0.6571,"Shachou, Battle no Jikan desu!",Остальные,Game,Дебют
40786,11,0.6622,Skate-Leading☆Stars,Остальные,Original,Дебют
40815,11,0.9339,Honzuki no Gekokujou: Shisho ni Naru Tame ni wa Shudan wo Erandeiraremasen 2nd Season,Надёжный просмотр,Light novel,Продолжение
40839,11,0.8815,"Kanojo, Okarishimasu",Флагманы,Manga,Дебют
40842,11,0.7279,Idoly Pride,Нишевые любимчики,Mixed media,Дебют
40870,11,0.772,SSSS.Dynazenon,Нишевые любимчики,Original,Дебют
40904,11,0.8137,Bokutachi no Remake,Флагманы,Light novel,Дебют
40907,11,0.9025,World Trigger 2nd Season,Остальные,Manga,Продолжение
40908,11,0.8152,Kemono Jihen,Надёжный просмотр,Manga,Дебют
40930,11,0.8436,Azur Lane: Bisoku Zenshin!,Остальные,4-koma manga,Продолжение
40935,11,0.9047,Beastars 2nd Season,Надёжный просмотр,Manga,Продолжение
40957,11,,Shin Chuuka Ichiban! 2nd Season,Остальные,Manga,Продолжение
40958,11,0.6828,Rail Romanesque,Остальные,Visual novel,Дебют
40960,11,0.7014,Cheat Kusushi no Slow Life: Isekai ni Tsukurou Drugstore,Остальные,Light novel,Дебют
40961,11,0.6165,Hortensia Saga,Остальные,Game,Дебют
40974,11,0.8345,Kuma Kuma Kuma Bear,Надёжный просмотр,Light novel,Дебют
40995,11,,Hentatsu (TV),Остальные,Original,Дебют
41084,11,0.8905,Made in Abyss: Retsujitsu no Ougonkyou,Флагманы,Web manga,Продолжение
41103,11,0.7978,Koi to Yobu ni wa Kimochi Warui,Флагманы,Web manga,Дебют
41109,11,0.7865,Log Horizon: Entaku Houkai,Остальные,Light novel,Продолжение
41169,11,0.8293,Love Live! Superstar!!,Нишевые любимчики,Other,Дебют
41226,11,0.8365,Uzaki-chan wa Asobitai!,Надёжный просмотр,Web manga,Дебют
41312,11,0.8607,Kami-tachi ni Hirowareta Otoko,Надёжный просмотр,Light novel,Дебют
41364,11,0.8929,One Room: Third Season,Остальные,Original,Продолжение
41372,11,0.6138,Senyoku no Sigrdrifa,Остальные,Original,Дебют
41380,11,0.8135,100-man no Inochi no Ue ni Ore wa Tatteiru,Надёжный просмотр,Manga,Дебют
41389,11,0.8654,Tonikaku Kawaii,Флагманы,Manga,Дебют
41392,11,0.6547,Urasekai Picnic,Остальные,Novel,Дебют
41433,11,0.8425,Akudama Drive,Флагманы,Original,Дебют
41456,11,0.8017,"Sentouin, Haken shimasu!",Надёжный просмотр,Light novel,Дебют
41461,11,0.8623,Date A Live IV,Нишевые любимчики,Light novel,Продолжение
41487,11,0.9488,Tensei shitara Slime Datta Ken 2nd Season Part 2,Флагманы,Manga,Продолжение
41488,11,0.8386,Tensura Nikki: Tensei shitara Slime Datta Ken,Флагманы,Manga,Дебют
41514,11,0.78,Itai no wa Iya nanode Bougyoryoku ni Kyokufuri Shitai to Omoimasu. 2,Остальные,Light novel,Продолжение
41520,11,0.8142,Show by Rock!! Stars!!,Остальные,Game,Продолжение
41521,11,0.6426,WIXOSS Diva(A)Live,Остальные,Card game,Дебют
41556,11,0.5611,Maiko-san Chi no Makanai-san,Остальные,Manga,Дебют
41574,11,0.793,Guraburu!,Остальные,4-koma manga,Дебют
41589,11,0.6279,Tokyo Mew Mew New ♡,Нишевые любимчики,Manga,Дебют
41762,11,0.7043,Tenchi Souzou Design-bu,Остальные,Manga,Дебют
41783,11,0.6848,Iwa Kakeru! Sport Climbing Girls,Остальные,Web manga,Дебют
41833,11,0.7128,Kyuuketsuki Sugu Shinu,Нишевые любимчики,Manga,Дебют
41899,11,0.8346,Ore dake Haireru Kakushi Dungeon,Надёжный просмотр,Light novel,Дебют
41930,11,0.792,Kamisama ni Natta Hi,Нишевые любимчики,Original,Дебют
42071,11,0.8038,Yuuki Yuuna wa Yuusha de Aru Churutto!,Остальные,Game,Продолжение
42072,11,0.7373,Kenja no Deshi wo Nanoru Kenja,Надёжный просмотр,Light novel,Дебют
42203,11,0.9202,Re:Zero kara Hajimeru Isekai Seikatsu 2nd Season Part 2,Флагманы,Light novel,Продолжение
42238,11,0.9394,Ani ni Tsukeru Kusuri wa Nai! 4,Надёжный просмотр,Web manga,Продолжение
42250,11,0.8666,Bungou Stray Dogs Wan!,Флагманы,Web manga,Продолжение
42282,11,0.8167,Otome Game no Hametsu Flag shika Nai Akuyaku Reijou ni Tensei shiteshimatta... X,Надёжный просмотр,Light novel,Продолжение
42307,11,0.6016,Subarashiki Kono Sekai The Animation,Остальные,Game,Дебют
42321,11,0.5692,Battle Athletess Daiundoukai ReSTART!,Остальные,Original,Дебют
42340,11,0.79,Meikyuu Black Company,Надёжный просмотр,Web manga,Дебют
42351,11,0.8478,Senpai ga Uzai Kouhai no Hanashi,Надёжный просмотр,Web manga,Дебют
42361,11,0.8235,"Ijiranaide, Nagatoro-san",Флагманы,Web manga,Дебют
42385,11,0.7283,The iDOLM@STER Million Live!,Остальные,Game,Продолжение
42395,11,0.7266,Shakunetsu Kabaddi,Нишевые любимчики,Web manga,Дебют
42506,11,0.7628,World Witches Hasshin Shimasu!,Остальные,Original,Дебют
42516,11,0.5859,Cardfight!! Vanguard: overDress,Остальные,Original,Дебют
42544,11,0.748,Kaizoku Oujo,Нишевые любимчики,Original,Дебют
42568,11,0.6868,Yaku nara Mug Cup mo,Остальные,Manga,Дебют
42571,11,0.8197,Dogeza de Tanondemita,Остальные,Web manga,Дебют
42587,11,0.8085,Yuuki Yuuna wa Yuusha de Aru: Dai Mankai no Shou,Нишевые любимчики,Original,Продолжение
42590,11,0.7868,Mashiro no Oto,Остальные,Manga,Дебют
42627,11,0.686,Peach Boy Riverside,Остальные,Manga,Дебют
42657,11,,Himitsukessha Taka no Tsume: Golden Spell,Остальные,Original,Дебют
42670,11,0.8155,Princess Connect! Re:Dive Season 2,Нишевые любимчики,Game,Продолжение
42745,11,0.8255,Machikado Mazoku: 2-choume,Остальные,4-koma manga,Продолжение
42822,11,0.7446,Kai Byoui Ramune,Остальные,Manga,Дебют
42826,11,0.8189,Seijo no Maryoku wa Bannou desu,Надёжный просмотр,Light novel,Дебют
42883,11,0.7786,Sore dake ga Neck,Надёжный просмотр,Original,Дебют
42923,11,0.8404,SK∞,Флагманы,Original,Дебют
42959,11,0.8867,Yatogame-chan Kansatsu Nikki Sansatsume,Остальные,4-koma manga,Продолжение
42963,11,0.8013,"Kanojo, Okarishimasu 2nd Season",Нишевые любимчики,Manga,Продолжение
42994,11,0.8172,Jashin-chan Dropkick X,Остальные,Web manga,Продолжение
43007,11,0.7073,Osananajimi ga Zettai ni Makenai Love Comedy,Флагманы,Light novel,Дебют
43299,11,0.7828,Wonder Egg Priority,Нишевые любимчики,Original,Дебют
43470,11,0.7928,Rikei ga Koi ni Ochita no de Shoumei shitemita. Heart,Остальные,Web manga,Продолжение
43523,11,0.905,Tsuki ga Michibiku Isekai Douchuu,Флагманы,Light novel,Дебют
43756,11,0.7726,Bakuten!!,Нишевые любимчики,Original,Дебют
43767,11,0.6093,Night Head 2041,Нишевые любимчики,Other,Дебют
43814,11,0.8374,Deatte 5-byou de Battle,Надёжный просмотр,Web manga,Дебют
43969,11,0.758,Kanojo mo Kanojo,Флагманы,Manga,Дебют
44040,11,,Abciee Shuugyou Nikki,Надёжный просмотр,Other,Дебют
44055,11,0.8042,Sasaki to Miyano,Флагманы,Web manga,Дебют
44081,11,0.6399,B-Project: Netsuretsu*Love Call,Остальные,Mixed media,Дебют
44203,11,0.8838,Seirei Gensouki,Флагманы,Light novel,Дебют
44204,11,0.7985,Kyokou Suiri Season 2,Остальные,Manga,Продолжение
44235,11,0.9022,Pui Pui Molcar,Флагманы,Other,Дебют
44274,11,0.6483,Puraore! Pride of Orange,Остальные,Mixed media,Дебют
44276,11,0.788,Kyuukyoku Shinka shita Full Dive RPG ga Genjitsu yori mo Kusoge Dattara,Надёжный просмотр,Light novel,Дебют
44387,11,0.6465,Sankaku Mado no Sotogawa wa Yoru,Нишевые любимчики,Manga,Дебют
44511,11,0.8952,Chainsaw Man,Флагманы,Manga,Дебют
44516,11,0.7164,Koroshi Ai,Остальные,Manga,Дебют
44524,11,0.7854,Isekai Meikyuu de Harem wo,Флагманы,Light novel,Дебют
44881,11,0.8722,100-man no Inochi no Ue ni Ore wa Tatteiru 2nd Season,Надёжный просмотр,Manga,Продолжение
45055,11,0.8161,Taishou Otome Otogibanashi,Нишевые любимчики,Manga,Дебют
45425,11,0.7373,Slow Loop,Остальные,Manga,Дебют
45486,11,0.8456,Kuma Kuma Kuma Bear Punch!,Остальные,Light novel,Продолжение
45560,11,0.6637,Orient,Остальные,Manga,Дебют
45576,11,0.946,Mushoku Tensei: Isekai Ittara Honki Dasu Part 2,Флагманы,Light novel,Продолжение
45587,11,0.8059,Itazuraguma no Gloomy,Надёжный просмотр,Other,Дебют
45613,11,0.6637,Kawaii dake ja Nai Shikimori-san,Флагманы,Web manga,Дебют
45653,11,0.7137,Soredemo Ayumu wa Yosetekuru,Остальные,Manga,Дебют
45665,11,0.5502,Fairy Ranmaru: Anata no Kokoro Otasuke Shimasu,Нишевые любимчики,Original,Дебют
46118,11,0.5798,Wave!! Surfing Yappe!! (TV),Остальные,Mixed media,Дебют
46352,11,0.7747,Blue Period,Флагманы,Manga,Дебют
46471,11,0.6187,"Tantei wa Mou, Shindeiru.",Нишевые любимчики,Light novel,Дебют
46604,11,0.5564,Dolls' Frontline,Остальные,Game,Дебют
46985,11,0.8087,Shinka no Mi: Shiranai Uchi ni Kachigumi Jinsei,Надёжный просмотр,Light novel,Дебют
47159,11,0.8131,Tensai Ouji no Akaji Kokka Saisei Jutsu,Надёжный просмотр,Light novel,Дебют
47160,11,0.8072,Goblin Slayer II,Нишевые любимчики,Light novel,Продолжение
47161,11,0.7995,Shikkakumon no Saikyou Kenja,Надёжный просмотр,Light novel,Дебют
47162,11,0.6379,Shokei Shoujo no Virgin Road,Остальные,Light novel,Дебют
47163,11,0.7591,"Tensei Kenja no Isekai Life: Dai-2 no Shokugyou wo Ete, Sekai Saikyou ni Narimashita",Флагманы,Light novel,Дебют
47250,11,0.5512,Jouran: The Princess of Snow and Blood,Остальные,Original,Дебют
47257,11,0.7465,Shinigami Bocchan to Kuro Maid,Нишевые любимчики,Web manga,Дебют
47391,11,0.6816,Seven Knights Revolution: Eiyuu no Keishousha,Надёжный просмотр,Game,Дебют
47790,11,0.8865,"Sekai Saikou no Ansatsusha, Isekai Kizoku ni Tensei suru",Флагманы,Light novel,Дебют
47917,11,0.887,Bocchi the Rock!,Флагманы,4-koma manga,Дебют
48239,11,0.8431,Leadale no Daichi nite,Надёжный просмотр,Light novel,Дебют
48252,11,0.7384,"Ore, Tsushima",Нишевые любимчики,Manga,Дебют
48363,11,0.6573,RPG Fudousan,Остальные,4-koma manga,Дебют
48406,11,0.7614,Re-Main,Нишевые любимчики,Original,Дебют
48413,11,0.7184,Hataraku Maou-sama!!,Нишевые любимчики,Light novel,Продолжение
48414,11,0.7418,Sabikui Bisco,Остальные,Light novel,Дебют
48415,11,0.7924,"Shijou Saikyou no Daimaou, Murabito A ni Tensei suru",Надёжный просмотр,Light novel,Дебют
48417,11,0.6331,"Maou Gakuin no Futekigousha II: Shijou Saikyou no Maou no Shiso, Tensei shite Shison-tachi no Gakkou e Kayou",Нишевые любимчики,Light novel,Дебют
48418,11,0.7391,"Maou Gakuin no Futekigousha II: Shijou Saikyou no Maou no Shiso, Tensei shite Shison-tachi no Gakkou e Kayou Part 2",Остальные,Light novel,Продолжение
48441,11,0.5222,The Legend of Heroes: Sen no Kiseki - Northern War,Остальные,Game,Дебют
48471,11,0.7332,Tsuki to Laika to Nosferatu,Остальные,Light novel,Дебют
48483,11,0.7935,Mieruko-chan,Флагманы,Web manga,Дебют
48491,11,0.7953,Yama no Susume: Next Summit,Остальные,Manga,Продолжение
48542,11,0.7497,Do It Yourself!!,Остальные,Original,Дебют
48553,11,0.7372,Akebi-chan no Sailor-fuku,Нишевые любимчики,Web manga,Дебют
48556,11,0.6991,Takt Op. Destiny,Нишевые любимчики,Mixed media,Дебют
48567,11,0.5859,Visual Prison,Нишевые любимчики,Original,Дебют
48569,11,0.898,86 Part 2,Флагманы,Light novel,Продолжение
48580,11,0.7768,Vanitas no Karte,Нишевые любимчики,Manga,Дебют
48583,11,0.9246,Shingeki no Kyojin: The Final Season Part 2,Флагманы,Manga,Продолжение
48633,11,0.6628,Liar Liar,Остальные,Light novel,Дебют
48643,11,0.7719,Koi wa Sekai Seifuku no Ato de,Надёжный просмотр,Manga,Дебют
48644,11,0.647,Gyakuten Sekai no Denchi Shoujo,Остальные,Original,Дебют
48649,11,0.6699,Fuuto Tantei,Нишевые любимчики,Manga,Дебют
48736,11,0.895,Sono Bisque Doll wa Koi wo Suru,Флагманы,Manga,Дебют
48742,11,0.5804,"Kono Healer, Mendokusai",Остальные,Web manga,Дебют
48760,11,0.8555,"Gaikotsu Kishi-sama, Tadaima Isekai e Odekakechuu",Надёжный просмотр,Light novel,Дебют
48761,11,0.7879,Saihate no Paladin,Надёжный просмотр,Light novel,Дебют
48775,11,0.7994,Kaginado,Остальные,Original,Дебют
48776,11,0.6092,Build Divide: Code Black,Остальные,Mixed media,Дебют
48777,11,0.7776,Build Divide: Code White,Остальные,Mixed media,Дебют
48779,11,0.8019,Deaimon,Надёжный просмотр,Manga,Дебют
48804,11,0.8672,Isekai Shokudou 2,Надёжный просмотр,Light novel,Продолжение
48842,11,0.6739,Mahoutsukai Reimeiki,Остальные,Light novel,Дебют
48849,11,0.7122,Sonny Boy,Нишевые любимчики,Original,Дебют
48857,11,0.6857,Healer Girl,Остальные,Original,Дебют
48858,11,0.7155,180-byou de Kimi no Mimi wo Shiawase ni Dekiru ka?,Остальные,Original,Дебют
48926,11,0.8149,"Komi-san wa, Comyushou desu.",Флагманы,Manga,Дебют
48981,11,0.5559,Mahou Shoujo Magical Destroyers,Остальные,Original,Дебют
48997,11,0.7866,Fantasy Bishoujo Juniku Ojisan to,Надёжный просмотр,Web manga,Дебют
49109,11,0.8423,Kami-tachi ni Hirowareta Otoko 2nd Season,Надёжный просмотр,Light novel,Продолжение
49114,11,0.8742,Vanitas no Karte Part 2,Флагманы,Manga,Продолжение
49154,11,0.7222,High Card,Остальные,Mixed media,Дебют
49160,11,0.6668,Shachiku-san wa Youjo Yuurei ni Iyasaretai.,Остальные,Manga,Дебют
49263,11,0.8526,Yaku nara Mug Cup mo: Niban Gama,Остальные,Manga,Продолжение
49292,11,0.5217,Deep Insanity: The Lost Child,Остальные,Mixed media,Дебют
49304,11,0.5296,Seiken Densetsu: Legend of Mana - The Teardrop Crystal,Остальные,Game,Дебют
49385,11,0.6505,Kaijin Kaihatsu-bu no Kuroitsu-san,Остальные,Web manga,Дебют
49438,11,0.8778,Isekai Yakkyoku,Надёжный просмотр,Light novel,Дебют
49470,11,0.7786,Mamahaha no Tsurego ga Motokano datta,Надёжный просмотр,Light novel,Дебют
49505,11,0.8366,Deji Meets Girl,Остальные,Original,Дебют
49514,11,0.4661,Gensou Sangokushi: Tengen Reishinki,Остальные,Game,Дебют
49520,11,0.7302,Aharen-san wa Hakarenai,Флагманы,Manga,Дебют
49551,11,0.807,Hanabi-chan wa Okuregachi,Надёжный просмотр,Manga,Дебют
49612,11,0.6873,Ningen Fushin no Boukensha-tachi ga Sekai wo Sukuu you desu,Надёжный просмотр,Light novel,Дебют
49692,11,0.788,Heroine Tarumono! Kiraware Heroine to Naisho no Oshigoto,Остальные,Music,Дебют
49721,11,0.8697,Karakai Jouzu no Takagi-san 3,Флагманы,Manga,Продолжение
49766,11,0.6729,Under Ninja,Остальные,Manga,Дебют
49776,11,0.771,Kumichou Musume to Sewagakari,Надёжный просмотр,Web manga,Дебют
49782,11,0.8546,Shadows House 2nd Season,Остальные,Manga,Продолжение
49820,11,0.7875,Cardfight!! Vanguard: will+Dress Season 2,Остальные,Original,Продолжение
49828,11,0.8259,Kidou Senshi Gundam: Suisei no Majo,Флагманы,Original,Дебют
49831,11,0.62,Black★★Rock Shooter: Dawn Fall,Нишевые любимчики,Other,Дебют
49849,11,0.7535,Shinmai Renkinjutsushi no Tenpo Keiei,Надёжный просмотр,Light novel,Дебют
49858,11,0.8206,Shinigami Bocchan to Kuro Maid 2nd Season,Остальные,Web manga,Продолжение
49891,11,0.851,Tensei shitara Ken deshita,Флагманы,Light novel,Дебют
49894,11,0.6711,Eiyuu Kyoushitsu,Надёжный просмотр,Light novel,Дебют
49969,11,0.5929,Tribe Nine,Остальные,Mixed media,Дебют
49979,11,0.808,Akuyaku Reijou nanode Last Boss wo Kattemimashita,Надёжный просмотр,Light novel,Дебют
49980,11,0.7591,Sugar Apple Fairy Tale,Нишевые любимчики,Light novel,Дебют
49981,11,0.5243,"Kimi to Boku no Saigo no Senjou, Aruiwa Sekai ga Hajimaru Seisen Season II",Остальные,Light novel,Продолжение
50010,11,0.832,Meitantei Conan: Hannin no Hanzawa-san,Надёжный просмотр,Manga,Дебют
50172,11,0.8845,Mob Psycho 100 III,Флагманы,Web manga,Продолжение
50175,11,0.8227,"Yuusha, Yamemasu",Надёжный просмотр,Light novel,Дебют
50184,11,0.7269,Seiken Gakuin no Makentsukai,Надёжный просмотр,Light novel,Дебют
50185,11,0.7502,Ryman's Club,Нишевые любимчики,Original,Дебют
50197,11,0.8486,"Ijiranaide, Nagatoro-san 2nd Attack",Нишевые любимчики,Web manga,Продолжение
50203,11,0.8716,Love Live! Superstar!! 2nd Season,Нишевые любимчики,Other,Продолжение
50204,11,0.6378,Tokyo 24-ku,Остальные,Original,Дебют
50220,11,0.645,Isekai Shoukan wa Nidome desu,Надёжный просмотр,Light novel,Дебют
50221,11,0.7523,Shine Post,Остальные,Mixed media,Дебют
50265,11,0.8911,Spy x Family,Флагманы,Manga,Дебют
50273,11,0.8603,Tomodachi Game,Флагманы,Manga,Дебют
50284,11,0.5167,Technoroid: Overmind,Остальные,Mixed media,Дебют
50285,11,0.5561,On Air Dekinai!,Остальные,Manga,Дебют
50287,11,0.828,Kyuuketsuki Sugu Shinu 2,Остальные,Manga,Продолжение
50306,11,0.8,Seirei Gensouki 2,Нишевые любимчики,Light novel,Продолжение
50307,11,0.7725,Tonikaku Kawaii 2nd Season,Нишевые любимчики,Manga,Продолжение
50348,11,0.8062,Peter Grill to Kenja no Jikan: Super Extra,Остальные,Manga,Продолжение
50380,11,0.8092,Paripi Koumei,Флагманы,Web manga,Дебют
50384,11,0.7655,Mononogatari,Остальные,Manga,Дебют
50392,11,0.727,Mato Seihei no Slave,Нишевые любимчики,Manga,Дебют
50416,11,0.8257,Skip to Loafer,Флагманы,Manga,Дебют
50425,11,0.8659,"Fuufu Ijou, Koibito Miman.",Флагманы,Manga,Дебют
50461,11,0.8826,Otome Game Sekai wa Mob ni Kibishii Sekai desu,Флагманы,Light novel,Дебют
50481,11,0.7665,"Eiyuuou, Bu wo Kiwameru Tame Tenseisu: Soshite, Sekai Saikyou no Minarai Kishi♀",Надёжный просмотр,Light novel,Дебют
50583,11,0.6342,Buta no Liver wa Kanetsu Shiro,Остальные,Light novel,Дебют
50606,11,0.5359,Ayakashi Triangle,Остальные,Manga,Дебют
50631,11,0.8736,"Komi-san wa, Comyushou desu. 2nd Season",Флагманы,Manga,Продолжение
50638,11,0.7997,Muv-Luv Alternative 2nd Season,Остальные,Visual novel,Продолжение
50652,11,0.7328,Tsundere Akuyaku Reijou Liselotte to Jikkyou no Endou-kun to Kaisetsu no Kobayashi-san,Остальные,Light novel,Дебют
50664,11,0.7809,Saihate no Paladin: Tetsusabi no Yama no Ou,Остальные,Light novel,Продолжение
50678,11,0.8332,Kyoukai Senki Part 2,Остальные,Original,Продолжение
50685,11,0.8451,Kaginado Season 2,Остальные,Original,Продолжение
50695,11,0.8193,MF Ghost,Флагманы,Manga,Дебют
50738,11,0.6674,"Slime Taoshite 300-nen, Shiranai Uchi ni Level Max ni Nattemashita: Sono Ni",Остальные,Light novel,Продолжение
50739,11,0.8594,Otonari no Tenshi-sama ni Itsunomanika Dame Ningen ni Sareteita Ken,Флагманы,Light novel,Дебют
50760,11,0.5767,Teppen!!!!!!!!!!!!!!!,Остальные,Manga,Дебют
50854,11,0.7882,"Benriya Saitou-san, Isekai ni Iku",Надёжный просмотр,Web manga,Дебют
50862,11,0.631,Estab-Life: Great Escape,Остальные,Mixed media,Дебют
50871,11,0.5373,Alice Gear Aegis Expansion,Остальные,Game,Дебют
50917,11,0.6518,Prima Doll,Остальные,Mixed media,Дебют
50923,11,0.7054,Mushikaburi-hime,Нишевые любимчики,Light novel,Дебют
50985,11,0.5876,Chimimo,Нишевые любимчики,Original,Дебют
50999,11,0.6593,Extreme Hearts,Остальные,Original,Дебют
51064,11,0.8734,Kuro no Shoukanshi,Надёжный просмотр,Light novel,Дебют
51092,11,0.5725,Yuurei Deco,Остальные,Original,Дебют
51098,11,0.649,Shinobi no Ittoki,Остальные,Original,Дебют
51105,11,0.5535,NieR:Automata Ver1.1a,Нишевые любимчики,Game,Дебют
51128,11,0.7177,Noumin Kanren no Skill bakka Agetetara Nazeka Tsuyoku Natta.,Надёжный просмотр,Light novel,Дебют
51139,11,0.4564,Kizuna no Allele,Остальные,Original,Дебют
51179,11,0.9285,Mushoku Tensei II: Isekai Ittara Honki Dasu,Флагманы,Light novel,Дебют
51212,11,0.7435,Futoku no Guild,Остальные,Manga,Дебют
51213,11,0.7649,Kinsou no Vermeil: Gakeppuchi Majutsushi wa Saikyou no Yakusai to Mahou Sekai wo Tsukisusumu,Флагманы,Manga,Дебют
51215,11,0.8313,Seijo no Maryoku wa Bannou desu Season 2,Надёжный просмотр,Light novel,Продолжение
51219,11,0.6721,Isekai One Turn Kill Neesan: Ane Douhan no Isekai Seikatsu Hajimemashita,Остальные,Manga,Дебют
51252,11,0.5541,Spy Kyoushitsu,Остальные,Light novel,Дебют
51265,11,0.695,Inu ni Nattara Suki na Hito ni Hirowareta.,Остальные,Web manga,Дебют
51368,11,0.8527,Orient: Awajishima Gekitou-hen,Надёжный просмотр,Manga,Продолжение
51371,11,0.602,Bucchigire!,Остальные,Original,Дебют
51381,11,0.6106,RWBY: Hyousetsu Teikoku,Нишевые любимчики,Other,Дебют
51403,11,0.7278,Renai Flops,Остальные,Original,Дебют
51415,11,0.526,Opus.COLORs,Остальные,Original,Дебют
51458,11,0.7602,Lv1 Maou to One Room Yuusha,Надёжный просмотр,Web manga,Дебют
51462,11,0.8783,Isekai Nonbiri Nouka,Флагманы,Light novel,Дебют
51495,11,0.7494,Shin Shinka no Mi: Shiranai Uchi ni Kachigumi Jinsei,Надёжный просмотр,Light novel,Дебют
51498,11,0.8014,Masamune-kun no Revenge R,Остальные,Manga,Продолжение
51536,11,0.7602,The iDOLM@STER Cinderella Girls: U149,Нишевые любимчики,Web manga,Дебют
51552,11,0.8221,Watashi no Shiawase na Kekkon,Флагманы,Novel,Дебют
51586,11,0.774,D4DJ All Mix,Нишевые любимчики,Mixed media,Дебют
51632,11,0.7832,Isekai wa Smartphone to Tomo ni. 2,Флагманы,Light novel,Продолжение
51648,11,0.8749,Nozomanu Fushi no Boukensha,Надёжный просмотр,Light novel,Дебют
51678,11,0.7702,Oniichan wa Oshimai!,Флагманы,Manga,Дебют
51693,11,0.7191,Kaminaki Sekai no Kamisama Katsudou,Надёжный просмотр,Manga,Дебют
51705,11,0.7097,Otonari ni Ginga,Остальные,Manga,Дебют
51706,11,0.6882,Yuusha ga Shinda!,Надёжный просмотр,Web manga,Дебют
51711,11,0.788,Hyouken no Majutsushi ga Sekai wo Suberu,Надёжный просмотр,Light novel,Дебют
51764,11,0.7926,Level 1 dakedo Unique Skill de Saikyou desu,Надёжный просмотр,Light novel,Дебют
51815,11,0.7396,Kubo-san wa Mob wo Yurusanai,Нишевые любимчики,Manga,Дебют
51817,11,0.6867,Watashi no Yuri wa Oshigoto desu!,Остальные,Manga,Дебют
51818,11,0.7862,Enen no Shouboutai: San no Shou,Нишевые любимчики,Manga,Продолжение
51923,11,0.5466,Warau Arsnotoria Sun!,Остальные,Game,Дебют
51956,11,0.5878,Paradox Live the Animation,Нишевые любимчики,Mixed media,Дебют
51958,11,0.7593,Kono Subarashii Sekai ni Bakuen wo!,Остальные,Light novel,Дебют
51986,11,0.8548,Pui Pui Molcar: Driving School,Надёжный просмотр,Original,Продолжение
52081,11,0.6936,Edomae Elf,Остальные,Manga,Дебют
52082,11,0.7231,Shiro Seijo to Kuro Bokushi,Остальные,4-koma manga,Дебют
52092,11,0.6753,My Home Hero,Остальные,Manga,Дебют
52093,11,0.7194,Trigun Stampede,Нишевые любимчики,Manga,Дебют
52173,11,0.7237,Koori Zokusei Danshi to Cool na Douryou Joshi,Остальные,Web manga,Дебют
52193,11,0.7453,Akiba Meido Sensou,Нишевые любимчики,Original,Дебют
52196,11,0.8279,Date A Live V,Нишевые любимчики,Light novel,Продолжение
52211,11,0.8591,Mashle,Флагманы,Manga,Дебют
52229,11,0.8764,Birdie Wing: Golf Girls' Story Season 2,Остальные,Original,Продолжение
52299,11,0.9052,Ore dake Level Up na Ken,Флагманы,Web manga,Дебют
52308,11,0.8339,Kanojo ga Koushaku-tei ni Itta Riyuu,Флагманы,Web manga,Дебют
52359,11,0.7525,Isekai de Mofumofu Nadenade suru Tame ni Ganbattemasu.,Надёжный просмотр,Light novel,Дебют
52367,11,0.7199,Isekai Shikkaku,Надёжный просмотр,Web manga,Дебют
52381,11,0.7461,Aru Asa Dummy Head Mic ni Natteita Ore-kun no Jinsei,Остальные,Original,Дебют
52405,11,0.5265,Highspeed Etoile,Остальные,Original,Дебют
52446,11,0.8331,Kaiko sareta Ankoku Heishi (30-dai) no Slow na Second Life,Надёжный просмотр,Light novel,Дебют
52461,11,0.8092,Rougo ni Sonaete Isekai de 8-manmai no Kinka wo Tamemasu,Надёжный просмотр,Light novel,Дебют
52481,11,0.7198,Gimai Seikatsu,Нишевые любимчики,Light novel,Дебют
52482,11,0.7456,Sasaki to Pii-chan,Надёжный просмотр,Light novel,Дебют
52578,11,0.865,Boku no Kokoro no Yabai Yatsu,Флагманы,Manga,Дебют
52588,11,0.9015,Kaijuu 8-gou,Флагманы,Manga,Дебют
52608,11,0.8474,Tensei Kizoku no Isekai Boukenroku: Jichou wo Shiranai Kamigami no Shito,Надёжный просмотр,Light novel,Дебют
52611,11,0.832,Okashi na Tensei,Надёжный просмотр,Light novel,Дебют
52619,11,0.7294,Jidou Hanbaiki ni Umarekawatta Ore wa Meikyuu wo Samayou,Надёжный просмотр,Light novel,Дебют
52709,11,0.6745,"Danjo no Yuujou wa Seiritsu suru? (Iya, Shinai!!)",Остальные,Light novel,Дебют
52736,11,0.8016,Tensei Oujo to Tensai Reijou no Mahou Kakumei,Флагманы,Light novel,Дебют
52816,11,0.6983,Majo to Yajuu,Нишевые любимчики,Manga,Дебют
52934,11,0.72,"Konyaku Haki sareta Reijou wo Hirotta Ore ga, Ikenai Koto wo Oshiekomu",Остальные,Light novel,Дебют
52955,11,0.8202,Mahoutsukai no Yome Season 2,Остальные,Manga,Продолжение
52962,11,0.8358,"Tearmoon Teikoku Monogatari: Dantoudai kara Hajimaru, Hime no Tensei Gyakuten Story",Надёжный просмотр,Light novel,Дебют
52969,11,0.7988,"Jitsu wa Ore, Saikyou deshita?",Надёжный просмотр,Light novel,Дебют
52973,11,0.7942,Megami no Café Terrace,Надёжный просмотр,Manga,Дебют
52985,11,0.6292,Dekoboko Majo no Oyako Jijou,Остальные,4-koma manga,Дебют
52990,11,0.7684,"Keikenzumi na Kimi to, Keiken Zero na Ore ga, Otsukiai suru Hanashi.",Флагманы,Light novel,Дебют
53012,11,0.6401,Human Bug Daigaku,Остальные,Web manga,Дебют
53026,11,0.6482,Synduality: Noir,Остальные,Mixed media,Дебют
53033,11,0.6206,Mecha-ude (TV),Остальные,Original,Дебют
53040,11,0.8172,Kanojo mo Kanojo Season 2,Надёжный просмотр,Manga,Продолжение
53050,11,0.8467,"Kanojo, Okarishimasu 3rd Season",Надёжный просмотр,Manga,Продолжение
53065,11,0.7292,Sono Bisque Doll wa Koi wo Suru Season 2,Нишевые любимчики,Manga,Продолжение
53077,11,0.8212,Nijiyon Animation,Остальные,4-koma manga,Дебют
53097,11,0.8028,Tokyo Mew Mew New ♡ 2nd Season,Остальные,Manga,Продолжение
53132,11,0.6328,UniteUp!,Нишевые любимчики,Music,Дебют
53162,11,0.6968,Majutsushi Orphen Hagure Tabi: Urbanrama-hen,Остальные,Light novel,Продолжение
53163,11,0.6333,Kawaisugi Crisis,Остальные,Manga,Дебют
53179,11,0.5702,Ars no Kyojuu,Остальные,Original,Дебют
53199,11,0.8868,Kidou Senshi Gundam: Suisei no Majo Season 2,Флагманы,Original,Продолжение
53200,11,0.8035,Hataraku Maou-sama!! 2nd Season,Остальные,Light novel,Продолжение
53213,11,0.6266,Revenger,Остальные,Original,Дебют
53237,11,0.6101,Shy,Остальные,Manga,Дебют
53262,11,0.638,Hoshikuzu Telepath,Нишевые любимчики,4-koma manga,Дебют
53263,11,0.8518,"Seija Musou: Salaryman, Isekai de Ikinokoru Tame ni Ayumu Michi",Надёжный просмотр,Light novel,Дебют
53287,11,0.8286,Love Live! Superstar!! 3rd Season,Нишевые любимчики,Other,Продолжение
53356,11,0.7317,Shuumatsu Train Doko e Iku?,Остальные,Original,Дебют
53379,11,0.7091,Uchi no Kaisha no Chiisai Senpai no Hanashi,Остальные,Web manga,Дебют
53397,11,0.6964,Tsuyokute New Saga,Остальные,Light novel,Дебют
53407,11,0.6894,Bartender: Kami no Glass,Остальные,Manga,Дебют
53410,11,0.7873,Yuru Camp△ Season 3,Нишевые любимчики,Manga,Продолжение
53411,11,0.7999,Buddy Daddies,Флагманы,Original,Дебют
53421,11,0.7727,Dosanko Gal wa Namara Menkoi,Надёжный просмотр,Manga,Дебют
53426,11,0.7739,Hyakushou Kizoku,Остальные,Manga,Дебют
53428,11,0.5785,Ayaka,Остальные,Original,Дебют
53434,11,0.8267,"Maou no Ore ga Dorei Elf wo Yome ni Shitanda ga, Dou Medereba Ii?",Надёжный просмотр,Light novel,Дебют
53438,11,0.8191,Higeki no Genkyou to Naru Saikyou Gedou Last Boss Joou wa Tami no Tame ni Tsukushimasu.,Надёжный просмотр,Light novel,Дебют
53439,11,0.8286,Boushoku no Berserk,Надёжный просмотр,Light novel,Дебют
53446,11,0.8701,Tondemo Skill de Isekai Hourou Meshi,Флагманы,Light novel,Дебют
53488,11,0.7368,"Shin no Nakama ja Nai to Yuusha no Party wo Oidasareta node, Henkyou de Slow Life suru Koto ni Shimashita 2nd",Надёжный просмотр,Light novel,Продолжение
53516,11,0.8594,"Tensei shitara Dainana Ouji Datta node, Kimama ni Majutsu wo Kiwamemasu",Надёжный просмотр,Light novel,Дебют
53587,11,0.4885,The Marginal Service,Остальные,Original,Дебют
53590,11,0.8266,Saijaku Tamer wa Gomi Hiroi no Tabi wo Hajimemashita.,Надёжный просмотр,Light novel,Дебют
53613,11,0.7698,Dead Mount Death Play,Надёжный просмотр,Manga,Дебют
53632,11,0.7856,Yumemiru Danshi wa Genjitsushugisha,Надёжный просмотр,Light novel,Дебют
53633,11,0.603,Bullbuster,Остальные,Mixed media,Дебют
53698,11,0.6902,World Dai Star,Остальные,Mixed media,Дебют
53723,11,0.6873,Acro Trip,Остальные,Manga,Дебют
53730,11,0.782,"Sokushi Cheat ga Saikyou sugite, Isekai no Yatsura ga Marude Aite ni Naranai n desu ga.",Надёжный просмотр,Light novel,Дебют
53770,11,0.7477,Sentai Daishikkaku,Остальные,Manga,Дебют
53787,11,0.604,AI no Idenshi,Остальные,Manga,Дебют
53833,11,0.7904,Watashi no Oshi wa Akuyaku Reijou.,Флагманы,Light novel,Дебют
53835,11,0.6492,Unnamed Memory,Остальные,Light novel,Дебют
53887,11,0.8659,Spy x Family Season 2,Флагманы,Manga,Продолжение
53889,11,0.7604,Ao no Exorcist: Shimane Illuminati-hen,Остальные,Manga,Продолжение
53912,11,0.6914,Seiyuu Radio no Uraomote,Остальные,Light novel,Дебют
53924,11,0.7629,Jibaku Shounen Hanako-kun 2,Нишевые любимчики,Manga,Продолжение
54028,11,0.5129,Turkey!,Остальные,Original,Дебют
54103,11,0.7383,Hikikomari Kyuuketsuki no Monmon,Нишевые любимчики,Light novel,Дебют
54112,11,0.7004,Zom 100: Zombie ni Naru made ni Shitai 100 no Koto,Флагманы,Manga,Дебют
54199,11,0.6481,Kaii to Otome to Kamikakushi,Остальные,Web manga,Дебют
54233,11,0.4693,Sasayaku You ni Koi wo Utau,Нишевые любимчики,Manga,Дебют
54259,11,0.6709,Rokudou no Onna-tachi,Остальные,Manga,Дебют
54265,11,0.6864,Kekkon Yubiwa Monogatari,Надёжный просмотр,Manga,Дебют
54275,11,0.7447,Temple,Остальные,Web manga,Дебют
54284,11,0.5582,VTuber Nandaga Haishin Kiri Wasuretara Densetsu ni Natteta,Остальные,Light novel,Дебют
54301,11,0.7043,Overtake!,Нишевые любимчики,Original,Дебют
54309,11,0.6122,Blue Archive the Animation,Нишевые любимчики,Game,Дебют
54362,11,0.6764,Hametsu no Oukoku,Остальные,Manga,Дебют
54431,11,0.7623,Toaru Ossan no VRMMO Katsudouki,Надёжный просмотр,Light novel,Дебют
54449,11,0.6058,Ishura,Остальные,Light novel,Дебют
54595,11,0.8964,Kage no Jitsuryokusha ni Naritakute! 2nd Season,Флагманы,Light novel,Продолжение
54616,11,0.7992,Potion-danomi de Ikinobimasu!,Надёжный просмотр,Light novel,Дебют
54617,11,0.6237,Kyuujitsu no Warumono-san,Остальные,Web manga,Дебют
54632,11,0.8351,Gekai Elise,Надёжный просмотр,Web manga,Дебют
54638,11,0.5424,Kawagoe Boys Sing,Остальные,Original,Дебют
54714,11,0.8034,Kimi no Koto ga Daidaidaidaidaisuki na 100-nin no Kanojo,Флагманы,Manga,Дебют
54716,11,0.6764,Kibou no Chikara: Otona Precure '23,Остальные,Original,Дебют
54717,11,0.7366,Mahoutsukai Precure!! Mirai Days,Остальные,Original,Продолжение
54724,11,0.7162,Nige Jouzu no Wakagimi,Остальные,Manga,Дебют
54726,11,0.6997,"Tsuma, Shougakusei ni Naru.",Остальные,Manga,Дебют
54738,11,0.7502,Majutsushi Orphen Hagure Tabi: Seiiki-hen,Остальные,Light novel,Продолжение
54743,11,0.8571,Dead Mount Death Play Part 2,Надёжный просмотр,Manga,Продолжение
54744,11,0.807,Tokidoki Bosotto Russia-go de Dereru Tonari no Alya-san,Флагманы,Light novel,Дебют
54758,11,0.6752,The iDOLM@STER Shiny Colors,Остальные,Game,Продолжение
54760,11,0.5725,Ryza no Atelier: Tokoyami no Joou to Himitsu no Kakurega,Остальные,Game,Дебют
54769,11,,Sousei no Aquarion: Myth of Emotions,Остальные,Original,Дебют
54798,11,0.5427,Kamierabi,Остальные,Original,Дебют
54837,11,0.8774,Akuyaku Reijou Level 99: Watashi wa Ura-Boss desu ga Maou dewa Arimasen,Надёжный просмотр,Light novel,Дебют
54839,11,0.7274,Yoru no Kurage wa Oyogenai,Нишевые любимчики,Original,Дебют
54842,11,0.8586,Sugar Apple Fairy Tale Part 2,Надёжный просмотр,Light novel,Продолжение
54852,11,0.8421,Kikansha no Mahou wa Tokubetsu desu,Надёжный просмотр,Web manga,Дебют
54853,11,0.7735,Maou 2099,Надёжный просмотр,Light novel,Дебют
54855,11,0.6147,Senpai wa Otokonoko,Остальные,Web manga,Дебют
54859,11,0.5461,Rinkai!,Остальные,Mixed media,Дебют
54869,11,0.7723,High Card Season 2,Остальные,Mixed media,Продолжение
54883,11,0.8643,Mononogatari 2nd Season,Надёжный просмотр,Manga,Продолжение
54913,11,0.8385,"Shinmai Ossan Boukensha, Saikyou Party ni Shinu hodo Kitaerarete Muteki ni Naru.",Надёжный просмотр,Light novel,Дебют
54914,11,0.5264,Bikkurimen,Остальные,Other,Дебют
54947,11,0.8347,Spy Kyoushitsu 2nd Season,Остальные,Light novel,Продолжение
54968,11,0.6875,Giji Harem,Нишевые любимчики,Web manga,Дебют
55129,11,0.6906,Oroka na Tenshi wa Akuma to Odoru,Остальные,Manga,Дебют
55150,11,0.7592,Yarinaoshi Reijou wa Ryuutei Heika wo Kouryakuchuu,Надёжный просмотр,Light novel,Дебют
55153,11,0.7546,Yuzuki-san Chi no Yonkyoudai.,Остальные,Manga,Дебют
55265,11,0.8337,"Tensei Kizoku, Kantei Skill de Nariagaru",Надёжный просмотр,Light novel,Дебют
55310,11,0.7474,Atarashii Joushi wa Do Tennen,Нишевые любимчики,Web manga,Дебют
55358,11,0.6776,Bucchigiri?!,Остальные,Original,Дебют
55397,11,0.5633,Pon no Michi,Остальные,Original,Дебют
55514,11,0.5981,Zatsu Tabi: That's Journey,Остальные,Manga,Дебют
55528,11,0.6936,Yuuki Bakuhatsu Bang Bravern,Нишевые любимчики,Original,Дебют
55597,11,0.6444,Hananoi-kun to Koi no Yamai,Остальные,Manga,Дебют
55710,11,,Hana-Doll*: Reinterpretation of Flowering,Остальные,Mixed media,Дебют
55717,11,0.575,Dekisokonai to Yobareta Motoeiyuu wa Jikka kara Tsuihou sareta node Sukikatte ni Ikiru Koto ni Shita,Остальные,Light novel,Дебют
55742,11,0.8818,Mahoutsukai no Yome Season 2 Part 2,Остальные,Manga,Продолжение
55749,11,0.8166,Megami no Café Terrace 2nd Season,Остальные,Manga,Продолжение
55774,11,0.6405,"Himesama ""Goumon"" no Jikan desu",Остальные,Manga,Дебют
55775,11,0.7711,Kizuna no Allele Season 2,Остальные,Original,Продолжение
55813,11,0.8735,Mashle: Shinkakusha Kouho Senbatsu Shiken-hen,Надёжный просмотр,Manga,Продолжение
55823,11,0.7867,Natsume Yuujinchou Shichi,Нишевые любимчики,Manga,Продолжение
55842,11,0.6422,Okinawa de Suki ni Natta Ko ga Hougen Sugite Tsurasugiru,Остальные,Web manga,Дебют
55844,11,0.6703,Tasogare Out Focus,Нишевые любимчики,Manga,Дебют
55866,11,0.7742,Yubisaki to Renren,Флагманы,Manga,Дебют
55877,11,0.7475,Henjin no Salad Bowl,Остальные,Light novel,Дебют
55887,11,0.7495,"Kekkon suru tte, Hontou desu ka",Остальные,Manga,Дебют
55888,11,0.9128,Mushoku Tensei II: Isekai Ittara Honki Dasu Part 2,Флагманы,Light novel,Продолжение
55894,11,0.6327,Bokura no Ame-iro Protocol,Остальные,Original,Дебют
55973,11,0.7822,30-sai made Doutei dato Mahoutsukai ni Nareru Rashii,Флагманы,Manga,Дебют
55994,11,0.7357,Sword Art Online Alternative: Gun Gale Online II,Остальные,Light novel,Продолжение
55996,11,0.6397,Koi wa Futago de Warikirenai,Остальные,Light novel,Дебют
55997,11,0.701,"Guild no Uketsukejou desu ga, Zangyou wa Iya nanode Boss wo Solo Toubatsu Shiyou to Omoimasu",Надёжный просмотр,Light novel,Дебют
55998,11,0.582,Momochi-san Chi no Ayakashi Ouji,Остальные,Manga,Дебют
56062,11,0.6457,Naze Boku no Sekai wo Daremo Oboeteinai no ka?,Остальные,Light novel,Дебют
56063,11,0.8167,NieR:Automata Ver1.1a Part 2,Остальные,Game,Продолжение
56135,11,0.6555,UniteUp! Uni:Birth,Нишевые любимчики,Music,Продолжение
56165,11,0.7402,Boukyaku Battery (TV),Нишевые любимчики,Manga,Дебют
56348,11,0.7188,Dungeon no Naka no Hito,Остальные,Web manga,Дебют
56352,11,0.8381,"Loop 7-kaime no Akuyaku Reijou wa, Moto Tekikoku de Jiyuu Kimama na Hanayome Seikatsu wo Mankitsu suru",Флагманы,Light novel,Дебют
56400,11,0.7095,"Maou-sama, Retry! R",Остальные,Web manga,Продолжение
56449,11,0.7152,Madougushi Dahliya wa Utsumukanai,Остальные,Light novel,Дебют
56461,11,0.5417,Hamidashi Creative,Остальные,Visual novel,Дебют
56690,11,0.7868,Re:Monster,Надёжный просмотр,Light novel,Дебют
56691,11,0.449,Gekkan Mousou Kagaku,Остальные,Original,Дебют
56700,11,0.6642,Jidou Hanbaiki ni Umarekawatta Ore wa Meikyuu wo Samayou 2nd Season,Остальные,Light novel,Продолжение
56731,11,0.8031,Synduality: Noir Part 2,Остальные,Mixed media,Продолжение
56738,11,0.8743,Shinigami Bocchan to Kuro Maid 3rd Season,Остальные,Web manga,Продолжение
56768,11,0.6783,"Tadaima, Okaeri",Нишевые любимчики,Manga,Дебют
56838,11,0.7292,"One Room, Hiatari Futsuu, Tenshi-tsuki.",Остальные,Manga,Дебют
56843,11,0.7368,Goukon ni Ittara Onna ga Inakatta Hanashi,Нишевые любимчики,Web manga,Дебют
56845,11,0.6962,"Saikyou Tank no Meikyuu Kouryaku: Tairyoku 9999 no Rare Skill-mochi Tank, Yuusha Party wo Tsuihou sareru",Надёжный просмотр,Manga,Дебют
56907,11,0.6363,Koujo Denka no Kateikyoushi,Остальные,Light novel,Дебют
56923,11,0.8244,Lv2 kara Cheat datta Motoyuusha Kouho no Mattari Isekai Life,Надёжный просмотр,Light novel,Дебют
56964,11,0.7043,Raise wa Tanin ga Ii,Остальные,Manga,Дебют
56967,11,0.7454,Kamierabi 2nd Season,Остальные,Original,Продолжение
57031,11,0.647,Vampire Dormitory,Остальные,Manga,Дебют
57050,11,0.5371,Kisaki Kyouiku kara Nigetai Watashi,Остальные,Manga,Дебют
57058,11,0.801,"Ore wa Subete wo ""Parry"" suru: Gyaku Kanchigai no Sekai Saikyou wa Boukensha ni Naritai",Надёжный просмотр,Light novel,Дебют
57099,11,0.5564,Na Nare Hana Nare,Остальные,Original,Дебют
57100,11,0.8141,The New Gate,Надёжный просмотр,Light novel,Дебют
57152,11,0.3812,Mahoutsukai no Yakusoku,Остальные,Game,Дебют
57217,11,0.7345,Katsute Mahou Shoujo to Aku wa Tekitai shiteita.,Остальные,Manga,Дебют
57315,11,0.6637,"Meitou ""Isekai no Yu"" Kaitakuki: Around 40 Onsen Mania no Tensei Saki wa, Nonbiri Onsen Tengoku deshita",Остальные,Light novel,Дебют
57325,11,0.6677,Ramen Akaneko,Остальные,Manga,Дебют
57334,11,0.8431,Dandadan,Флагманы,Manga,Дебют
57360,11,0.6711,Kabushikigaisha Magi-Lumière,Остальные,Manga,Дебют
57362,11,0.7209,Hoshifuru Oukoku no Nina,Нишевые любимчики,Manga,Дебют
57380,11,0.7414,Isekai Yururi Kikou: Kosodateshinagara Boukensha Shimasu,Надёжный просмотр,Light novel,Дебют
57391,11,0.6419,Astro Note,Остальные,Original,Дебют
57517,11,0.6057,Puniru wa Kawaii Slime,Остальные,Manga,Дебют
57524,11,0.8287,Make Heroine ga Oosugiru!,Флагманы,Light novel,Дебют
57559,11,0.8756,MF Ghost 2nd Season,Надёжный просмотр,Manga,Продолжение
57562,11,0.8027,Hyakushou Kizoku 2nd Season,Остальные,Manga,Продолжение
57567,11,0.7792,Shy 2nd Season,Остальные,Manga,Продолжение
57592,11,0.8822,Dr. Stone: Science Future,Надёжный просмотр,Manga,Продолжение
57611,11,0.6646,Kimi wa Meido-sama.,Остальные,Web manga,Дебют
57616,11,0.8231,Kimi no Koto ga Daidaidaidaidaisuki na 100-nin no Kanojo 2nd Season,Нишевые любимчики,Manga,Продолжение
57623,11,0.8698,Nijiyon Animation 2,Остальные,4-koma manga,Продолжение
57646,11,0.6888,Mob kara Hajimaru Tansaku Eiyuutan,Надёжный просмотр,Light novel,Дебют
57648,11,0.7292,Nihon e Youkoso Elf-san.,Остальные,Light novel,Дебют
57719,11,0.7483,Akuyaku Reijou Tensei Ojisan,Надёжный просмотр,Manga,Дебют
57820,11,0.4297,Kamitsubaki-shi Kensetsuchuu.,Остальные,Other,Дебют
57845,11,0.6136,Elf-san wa Yaserarenai.,Остальные,Web manga,Дебют
57876,11,0.6929,Maougun Saikyou no Majutsushi wa Ningen datta,Надёжный просмотр,Manga,Дебют
57891,11,0.7782,Hitoribocchi no Isekai Kouryaku,Надёжный просмотр,Light novel,Дебют
57892,11,0.8143,"Hazurewaku no ""Joutai Ijou Skill"" de Saikyou ni Natta Ore ga Subete wo Juurin suru made",Надёжный просмотр,Light novel,Дебют
57907,11,0.7373,Tate no Yuusha no Nariagari Season 4,Остальные,Light novel,Продолжение
57944,11,0.6898,"Party kara Tsuihou sareta Sono Chiyushi, Jitsu wa Saikyou ni Tsuki",Надёжный просмотр,Light novel,Дебют
57947,11,0.6761,Mayonaka Punch,Остальные,Original,Дебют
58059,11,0.8299,Tsue to Tsurugi no Wistoria,Надёжный просмотр,Manga,Дебют
58066,11,0.6601,Sorairo Utility (TV),Остальные,Original,Дебют
58080,11,0.7441,Kenka Dokugaku,Надёжный просмотр,Web manga,Дебют
58131,11,0.7519,Shiunji-ke no Kodomotachi,Остальные,Manga,Дебют
58173,11,0.5931,Mahoutsukai ni Narenakatta Onnanoko no Hanashi,Остальные,Novel,Дебют
58197,11,0.4358,Nyaight of the Living Cat,Остальные,Manga,Дебют
58216,11,0.5662,Übel Blatt,Остальные,Manga,Дебют
58259,11,0.523,"Douse, Koishite Shimaunda.",Остальные,Manga,Дебют
58265,11,0.6044,Babanbabanban Vampire,Остальные,Manga,Дебют
58271,11,0.6878,Honey Lemon Soda,Остальные,Manga,Дебют
58272,11,0.6474,Boku no Tsuma wa Kanjou ga Nai,Остальные,Manga,Дебют
58302,11,0.7775,The iDOLM@STER Shiny Colors 2nd Season,Остальные,Game,Продолжение
58359,11,0.778,"Isshun de Chiryou shiteita noni Yakutatazu to Tsuihou sareta Tensai Chiyushi, Yami Healer toshite Tanoshiku Ikiru",Надёжный просмотр,Light novel,Дебют
58390,11,0.6741,Yofukashi no Uta Season 2,Нишевые любимчики,Manga,Продолжение
58426,11,0.537,Shikanoko Nokonoko Koshitantan,Нишевые любимчики,Manga,Дебют
58437,11,0.7396,"Botsuraku Yotei no Kizoku dakedo, Hima Datta kara Mahou wo Kiwametemita",Надёжный просмотр,Light novel,Дебют
58445,11,0.7102,"Sayounara Ryuusei, Konnichiwa Jinsei",Надёжный просмотр,Light novel,Дебют
58473,11,0.6278,"S-Rank Monster no ""Behemoth"" dakedo, Neko to Machigawarete Elf Musume no Pet toshite Kurashitemasu",Остальные,Manga,Дебют
58484,11,0.7963,Ishura 2nd Season,Остальные,Light novel,Продолжение
58492,11,0.6956,Mono,Остальные,4-koma manga,Дебют
58502,11,0.7029,Zenshuu.,Нишевые любимчики,Original,Дебют
58511,11,0.8127,Nanatsu no Taizai: Mokushiroku no Yonkishi 2nd Season,Остальные,Manga,Продолжение
58516,11,0.8409,Ao no Exorcist: Yuki no Hate-hen,Остальные,Manga,Продолжение
58600,11,0.6419,Ameku Takao no Suiri Karte,Остальные,Novel,Дебют
58614,11,0.7462,Teogonia,Остальные,Light novel,Дебют
58714,11,0.8267,"Saikyou no Shienshoku ""Wajutsushi"" de Aru Ore wa Sekai Saikyou Clan wo Shitagaeru",Надёжный просмотр,Light novel,Дебют
58725,11,0.7065,Ninja to Koroshiya no Futarigurashi,Остальные,Manga,Дебют
58822,11,0.8195,Izure Saikyou no Renkinjutsushi?,Надёжный просмотр,Light novel,Дебют
58833,11,0.5668,Kakushite! Makina-san!!,Остальные,Manga,Дебют
58853,11,0.6781,Kuroiwa Medaka ni Watashi no Kawaii ga Tsuujinai,Остальные,Manga,Дебют
58854,11,0.6069,Kinoko Inu,Остальные,Manga,Дебют
58913,11,0.5176,Hikaru ga Shinda Natsu,Нишевые любимчики,Web manga,Дебют
58926,11,,Egumi Legacy,Остальные,Card game,Дебют
58985,11,0.5365,0-saiji Start Dash Monogatari,Остальные,Manga,Дебют
59002,11,0.6497,"Hazure Skill ""Kinomi Master"": Skill no Mi (Tabetara Shinu) wo Mugen ni Taberareru You ni Natta Ken ni Tsuite",Надёжный просмотр,Manga,Дебют
59055,11,0.6393,"Hana wa Saku, Shura no Gotoku",Остальные,Manga,Дебют
59095,11,0.809,"Tensei shitara Dainana Ouji Datta node, Kimama ni Majutsu wo Kiwamemasu 2nd Season",Остальные,Light novel,Продолжение
59113,11,0.4861,Farmagia,Остальные,Game,Дебют
59131,11,0.827,"Tensei Kizoku, Kantei Skill de Nariagaru 2nd Season",Надёжный просмотр,Light novel,Продолжение
59135,11,0.7453,Class no Daikirai na Joshi to Kekkon suru Koto ni Natta.,Надёжный просмотр,Light novel,Дебют
59136,11,0.6683,Tasokare Hotel,Остальные,Game,Дебют
59142,11,0.7407,Unnamed Memory Act.2,Остальные,Light novel,Продолжение
59144,11,0.7145,"Fuguushoku ""Kanteishi"" ga Jitsu wa Saikyou Datta",Надёжный просмотр,Light novel,Дебют
59145,11,0.7941,Ranma ½ (2024),Флагманы,Manga,Дебют
59160,11,0.7775,Wind Breaker Season 2,Надёжный просмотр,Web manga,Продолжение
59161,11,0.5796,Bad Girl,Остальные,4-koma manga,Дебют
59169,11,0.6455,Aru Majo ga Shinu Made,Остальные,Light novel,Дебют
59189,11,0.7785,Sentai Daishikkaku 2nd Season,Остальные,Manga,Продолжение
59205,11,0.7552,Clevatess: Majuu no Ou to Akago to Shikabane no Yuusha,Остальные,Web manga,Дебют
59207,11,0.7537,"Mikadono Sanshimai wa Angai, Choroi.",Остальные,Manga,Дебют
59226,11,0.8645,Ao no Exorcist: Yosuga-hen,Остальные,Manga,Продолжение
59265,11,0.7653,Magic Maker: Isekai Mahou no Tsukurikata,Надёжный просмотр,Light novel,Дебют
59277,11,0.6711,"Kanojo, Okarishimasu 4th Season",Остальные,Manga,Продолжение
59322,11,0.7518,Shirobuta Kizoku desu ga Zense no Kioku ga Haeta node Hiyoko na Otouto Sodatemasu,Надёжный просмотр,Light novel,Дебют
59349,11,0.699,Salaryman ga Isekai ni Ittara Shitennou ni Natta Hanashi,Надёжный просмотр,Web manga,Дебют
59361,11,0.6553,Kono Kaisha ni Suki na Hito ga Imasu,Остальные,Manga,Дебют
59402,11,0.6657,Kakkou no Iinazuke Season 2,Остальные,Manga,Продолжение
59421,11,0.7302,Zutaboro Reijou wa Ane no Moto Konyakusha ni Dekiai sareru,Остальные,Light novel,Дебют
59424,11,0.6918,"Yuusha Party wo Tsuihou sareta Shiromadoushi, S-Rank Boukensha ni Hirowareru: Kono Shiromadoushi ga Kikakugai Sugiru",Остальные,Manga,Дебют
59425,11,0.6924,NegaPosi Angler,Остальные,Original,Дебют
59452,11,0.7456,"Katainaka no Ossan, Kensei ni Naru",Надёжный просмотр,Light novel,Дебют
59457,11,0.5503,"Haite Kudasai, Takamine-san",Нишевые любимчики,Manga,Дебют
59466,11,0.7398,Aharen-san wa Hakarenai Season 2,Остальные,Manga,Продолжение
59514,11,0.6337,Sentai Red Isekai de Boukensha ni Naru,Остальные,Manga,Дебют
59619,11,0.5638,Ame to Kimi to,Остальные,Manga,Дебют
59632,11,0.587,Mattaku Saikin no Tantei to Kitara,Остальные,Manga,Дебют
59675,11,0.7026,Apocalypse Hotel,Нишевые любимчики,Original,Дебют
59689,11,0.5607,Game Center Shoujo to Ibunka Kouryuu,Остальные,Web manga,Дебют
59744,11,0.5792,Maebashi Witches,Остальные,Original,Дебют
59745,11,0.5788,Chotto dake Ai ga Omoi Dark Elf ga Isekai kara Oikaketekita,Остальные,Web manga,Дебют
59828,11,0.8328,Shoushimin Series 2nd Season,Нишевые любимчики,Novel,Продолжение
59935,11,0.6818,Gorilla no Kami kara Kago sareta Reijou wa Ouritsu Kishidan de Kawaigarareru,Надёжный просмотр,Web manga,Дебют
59961,11,0.5478,Kizu darake Seijo yori Houfuku wo Komete,Остальные,Web manga,Дебют
59986,11,0.7128,Grand Blue Season 2,Нишевые любимчики,Manga,Продолжение
60009,11,0.594,Chuuzenji-sensei Mononoke Kougiroku: Sensei ga Nazo wo Hodoite Shimau kara.,Остальные,Manga,Дебют
60140,11,0.7647,"Kanchigai no Atelier Meister: Eiyuu Party no Moto Zatsuyougakari ga, Jitsu wa Sentou Igai ga SSS Rank Datta to Iu Yoku Aru Hanashi",Надёжный просмотр,Light novel,Дебют
60146,11,0.6728,"Saikyou no Ousama, Nidome no Jinsei wa Nani wo Suru?",Флагманы,Other,Дебют
60154,11,0.7692,Ore wa Seikan Kokka no Akutoku Ryoushu!,Надёжный просмотр,Light novel,Дебют
60157,11,0.8019,Kanpekisugite Kawaige ga Nai to Konyaku Haki sareta Seijo wa Ringoku ni Urareru,Надёжный просмотр,Light novel,Дебют
60293,11,0.6846,Ballpark de Tsukamaete!,Остальные,Manga,Дебют
60315,11,0.5061,Dekin no Mogura,Остальные,Manga,Дебют
60316,11,0.63,Busamen Gachi Fighter,Остальные,Manga,Дебют
60326,11,0.6339,"Watashi ga Koibito ni Nareru Wake Nai jan, Muri Muri! (※Muri ja Nakatta!?)",Нишевые любимчики,Light novel,Дебют
60377,11,0.5741,Nazotoki wa Dinner no Ato de,Остальные,Novel,Дебют
60425,11,,0-saiji Start Dash Monogatari Season 2,Остальные,Manga,Продолжение
60449,11,0.6833,Kidou Senshi Gundam: GQuuuuuuX,Остальные,Original,Дебют
60505,11,0.4983,Necronomico no Cosmic Horror Show,Остальные,Original,Дебют
60523,11,0.7171,Tsuihousha Shokudou e Youkoso!,Остальные,Light novel,Дебют
60543,11,0.7596,Dandadan 2nd Season,Нишевые любимчики,Manga,Продолжение
60603,11,0.7345,Puniru wa Kawaii Slime 2nd Season,Остальные,Manga,Продолжение
60658,11,0.7175,Hibi wa Sugiredo Meshi Umashi,Нишевые любимчики,Original,Дебют
60697,11,0.6119,Fermat no Ryouri,Остальные,Manga,Дебют
60732,11,0.7512,Mizu Zokusei no Mahoutsukai,Остальные,Light novel,Дебют
60951,11,0.6061,Kizetsu Yuusha to Ansatsu Hime,Остальные,Manga,Дебют
61150,11,0.5512,Onmyou Kaiten Re:Birth,Остальные,Original,Дебют
61239,11,0.2912,Binan Koukou Chikyuu Bouei-bu Haikara!,Остальные,Original,Дебют
61274,11,0.7221,Ginga Tokkyuu Milky☆Subway,Остальные,Original,Дебют
61322,11,0.839,Dr. Stone: Science Future Part 2,Остальные,Manga,Продолжение
61339,11,0.732,Jibaku Shounen Hanako-kun 2 Part 2,Остальные,Manga,Продолжение
61410,11,0.6143,Chotto dake Ai ga Omoi Dark Elf ga Isekai kara Oikaketekita Mini Anime Gekijou,Остальные,Web manga,Дебют
32455,12,0.617,Gekidol: Actidol Project,Остальные,Original,Дебют
35252,12,0.4576,Hatena☆Illusion,Остальные,Light novel,Дебют
35335,12,0.6871,Musashino!,Остальные,Original,Дебют
36458,12,0.5722,Soukou Musume Senki,Остальные,Game,Дебют
37587,12,0.6879,Lapis Re:LiGHTs,Остальные,Mixed media,Дебют
37599,12,0.6686,Magatsu Wahrheit: Zuerst,Остальные,Game,Дебют
37890,12,0.791,Oshi ga Budoukan Ittekuretara Shinu,Нишевые любимчики,Manga,Дебют
38005,12,0.817,Strike Witches: Road to Berlin,Остальные,Original,Продолжение
38006,12,0.6273,Renmei Kuugun Koukuu Mahou Ongakutai Luminous Witches,Остальные,Original,Дебют
38192,12,0.6258,Sakugan,Остальные,Novel,Дебют
38302,12,0.6683,Boku no Tonari ni Ankoku Hakaishin ga Imasu.,Остальные,Manga,Дебют
38337,12,0.8488,Gochuumon wa Usagi desu ka? Bloom,Нишевые любимчики,4-koma manga,Продолжение
38440,12,0.5336,Shikizakura,Остальные,Original,Дебют
38476,12,0.9033,Heya Camp△,Надёжный просмотр,Manga,Дебют
38555,12,0.8692,Otome Game no Hametsu Flag shika Nai Akuyaku Reijou ni Tensei shiteshimatta...,Флагманы,Light novel,Дебют
38668,12,0.8575,Dorohedoro,Флагманы,Manga,Дебют
38790,12,0.8612,Itai no wa Iya nanode Bougyoryoku ni Kyokufuri Shitai to Omoimasu.,Флагманы,Light novel,Дебют
38830,12,0.8567,"Hachi-nan tte, Sore wa Nai deshou!",Надёжный просмотр,Light novel,Дебют
38835,12,0.8679,Umayon,Надёжный просмотр,4-koma manga,Дебют
38843,12,0.7634,Shironeko Project: Zero Chronicle,Надёжный просмотр,Game,Дебют
38853,12,0.3864,Ex-Arm,Остальные,Manga,Дебют
38924,12,0.7129,Nekopara,Остальные,Visual novel,Дебют
38992,12,0.7642,Rikei ga Koi ni Ochita no de Shoumei shitemita.,Остальные,Web manga,Дебют
39017,12,0.7845,Kyokou Suiri,Надёжный просмотр,Manga,Дебют
39184,12,0.7112,A3! Season Spring & Summer,Нишевые любимчики,Game,Дебют
39247,12,0.8882,Kobayashi-san Chi no Maid Dragon S,Флагманы,Manga,Продолжение
39388,12,0.6893,Koisuru Asteroid,Остальные,4-koma manga,Дебют
39469,12,0.8353,Tsugu Tsugumomo,Остальные,Manga,Дебют
39531,12,0.7425,Kuutei Dragons,Остальные,Manga,Дебют
39534,12,0.7929,Jibaku Shounen Hanako-kun,Флагманы,Manga,Дебют
39547,12,0.9,Yahari Ore no Seishun Love Comedy wa Machigatteiru. Kan,Флагманы,Light novel,Продолжение
39551,12,0.944,Tensei shitara Slime Datta Ken 2nd Season,Флагманы,Manga,Продолжение
39575,12,0.748,Somali to Mori no Kamisama,Остальные,Web manga,Дебют
39582,12,0.6092,Kitsutsuki Tanteidokoro,Остальные,Novel,Дебют
39583,12,0.701,number24,Остальные,Original,Дебют
39609,12,0.7203,Ochikobore Fruit Tart,Остальные,4-koma manga,Дебют
39710,12,0.802,Yesterday wo Utatte,Остальные,Manga,Дебют
39725,12,0.6281,I★Chu: Halfway Through the Idol,Нишевые любимчики,Game,Дебют
39730,12,0.7793,Houkago Teibou Nisshi,Остальные,Manga,Дебют
39783,12,0.9304,5-toubun no Hanayome ∬,Флагманы,Manga,Продолжение
39790,12,0.7627,Adachi to Shimamura,Нишевые любимчики,Light novel,Дебют
39792,12,0.7321,Eizouken ni wa Te wo Dasu na!,Нишевые любимчики,Manga,Дебют
39808,12,0.8724,Non Non Biyori Nonstop,Нишевые любимчики,Manga,Продолжение
39893,12,0.5664,Muteking the Dancing Hero,Остальные,Original,Дебют
39917,12,0.4293,Sabiiro no Armor: Reimei,Остальные,Mixed media,Дебют
39948,12,0.7927,Muhyo to Rouji no Mahouritsu Soudan Jimusho 2nd Season,Остальные,Manga,Продолжение
39960,12,0.8867,Yatogame-chan Kansatsu Nikki Nisatsume,Надёжный просмотр,4-koma manga,Продолжение
39966,12,0.5907,Tamayomi,Остальные,Manga,Дебют
39988,12,0.9172,Isekai Quartet 2,Надёжный просмотр,Original,Продолжение
40010,12,0.7847,Ishuzoku Reviewers,Флагманы,Web manga,Дебют
40056,12,0.7737,Deca-Dence,Надёжный просмотр,Original,Дебют
40059,12,0.9209,Golden Kamuy 3rd Season,Флагманы,Manga,Продолжение
40060,12,0.8517,BNA,Флагманы,Original,Дебют
40074,12,0.468,Gibiate,Остальные,Original,Дебют
40075,12,0.6456,Koi to Producer: EVOLxLOVE,Остальные,Game,Дебют
40085,12,0.5686,Maesetsu!,Остальные,Original,Дебют
40128,12,0.7796,Arte,Остальные,Manga,Дебют
40136,12,0.6229,Oda Cinnamon Nobunaga,Остальные,Manga,Дебют
40148,12,0.7207,22/7,Остальные,Other,Дебют
40165,12,0.5042,Listeners,Остальные,Original,Дебют
40174,12,0.838,Zombieland Saga Revenge,Нишевые любимчики,Original,Продолжение
40230,12,0.7308,Housekishou Richard-shi no Nazo Kantei,Остальные,Novel,Дебют
40272,12,0.8531,A3! Season Autumn & Winter,Нишевые любимчики,Game,Дебют
40357,12,0.8514,Tate no Yuusha no Nariagari Season 3,Нишевые любимчики,Light novel,Продолжение
40358,12,0.4909,Gal to Kyouryuu,Остальные,Manga,Дебют
40359,12,0.6657,Ikebukuro West Gate Park,Остальные,Novel,Дебют
40392,12,0.8134,Runway de Waratte,Остальные,Manga,Дебют
40397,12,0.8048,Maoujou de Oyasumi,Флагманы,Manga,Дебют
40403,12,0.5673,Shin Sakura Taisen the Animation,Остальные,Game,Дебют
40436,12,0.7309,Peter Grill to Kenja no Jikan,Надёжный просмотр,Manga,Дебют
40454,12,0.8973,Dungeon ni Deai wo Motomeru no wa Machigatteiru Darou ka III,Надёжный просмотр,Light novel,Продолжение
40483,12,0.8349,Murenase! Seton Gakuen,Надёжный просмотр,Web manga,Дебют
40488,12,0.5579,Futsal Boys!!!!!,Нишевые любимчики,Mixed media,Дебют
40507,12,0.8551,Arifureta Shokugyou de Sekai Saikyou 2nd Season,Флагманы,Light novel,Продолжение
40513,12,0.7413,Nami yo Kiitekure,Остальные,Manga,Дебют
40526,12,0.6104,"Dragon, Ie wo Kau.",Остальные,Manga,Дебют
40529,12,0.8427,No Guns Life 2nd Season,Остальные,Manga,Продолжение
40530,12,0.8372,Jaku-Chara Tomozaki-kun,Надёжный просмотр,Light novel,Дебют
40550,12,0.6681,Assault Lily: Bouquet,Остальные,Mixed media,Дебют
40571,12,0.812,Majo no Tabitabi,Флагманы,Light novel,Дебют
40586,12,0.7675,"Slime Taoshite 300-nen, Shiranai Uchi ni Level Max ni Nattemashita",Надёжный просмотр,Light novel,Дебют
40591,12,0.9451,Kaguya-sama wa Kokurasetai? Tensai-tachi no Renai Zunousen,Флагманы,Manga,Продолжение
40594,12,0.7874,Tatoeba Last Dungeon Mae no Mura no Shounen ga Joban no Machi de Kurasu Youna Monogatari,Надёжный просмотр,Light novel,Дебют
40595,12,0.7827,"Kimi to Boku no Saigo no Senjou, Aruiwa Sekai ga Hajimaru Seisen",Надёжный просмотр,Light novel,Дебют
40608,12,0.6244,Muv-Luv Alternative,Остальные,Visual novel,Дебют
40623,12,0.6671,Dokyuu Hentai HxEros,Остальные,Manga,Дебют
40679,12,0.6559,2.43: Seiin Koukou Danshi Volley-bu,Остальные,Novel,Дебют
40685,12,0.7416,Super Cub,Нишевые любимчики,Light novel,Дебют
40708,12,0.7726,Monster Musume no Oishasan,Надёжный просмотр,Light novel,Дебют
40716,12,0.8123,Kakushigoto,Нишевые любимчики,Manga,Дебют
40738,12,0.7409,Natsunagu!,Остальные,Original,Дебют
40750,12,0.8032,Kaifuku Jutsushi no Yarinaoshi,Флагманы,Light novel,Дебют
40752,12,0.634,Bishounen Tanteidan,Остальные,Novel,Дебют
40763,12,0.7633,Show By Rock!! Mashumairesh!!,Остальные,Game,Продолжение
40776,12,0.95,Haikyuu!! To the Top Part 2,Флагманы,Manga,Продолжение
40783,12,0.6546,"Shachou, Battle no Jikan desu!",Остальные,Game,Дебют
40786,12,0.661,Skate-Leading☆Stars,Остальные,Original,Дебют
40815,12,0.9323,Honzuki no Gekokujou: Shisho ni Naru Tame ni wa Shudan wo Erandeiraremasen 2nd Season,Надёжный просмотр,Light novel,Продолжение
40839,12,0.8797,"Kanojo, Okarishimasu",Флагманы,Manga,Дебют
40842,12,0.7262,Idoly Pride,Нишевые любимчики,Mixed media,Дебют
40870,12,0.7693,SSSS.Dynazenon,Нишевые любимчики,Original,Дебют
40904,12,0.8103,Bokutachi no Remake,Флагманы,Light novel,Дебют
40907,12,0.9003,World Trigger 2nd Season,Остальные,Manga,Продолжение
40908,12,0.8118,Kemono Jihen,Надёжный просмотр,Manga,Дебют
40930,12,0.8421,Azur Lane: Bisoku Zenshin!,Остальные,4-koma manga,Продолжение
40935,12,0.9023,Beastars 2nd Season,Надёжный просмотр,Manga,Продолжение
40957,12,0.7909,Shin Chuuka Ichiban! 2nd Season,Остальные,Manga,Продолжение
40958,12,0.6822,Rail Romanesque,Остальные,Visual novel,Дебют
40960,12,0.6978,Cheat Kusushi no Slow Life: Isekai ni Tsukurou Drugstore,Остальные,Light novel,Дебют
40961,12,0.6143,Hortensia Saga,Остальные,Game,Дебют
40974,12,0.8318,Kuma Kuma Kuma Bear,Надёжный просмотр,Light novel,Дебют
40995,12,0.7104,Hentatsu (TV),Остальные,Original,Дебют
41084,12,0.8852,Made in Abyss: Retsujitsu no Ougonkyou,Флагманы,Web manga,Продолжение
41103,12,0.7948,Koi to Yobu ni wa Kimochi Warui,Флагманы,Web manga,Дебют
41109,12,0.7836,Log Horizon: Entaku Houkai,Остальные,Light novel,Продолжение
41169,12,0.8266,Love Live! Superstar!!,Нишевые любимчики,Other,Дебют
41226,12,0.8344,Uzaki-chan wa Asobitai!,Надёжный просмотр,Web manga,Дебют
41312,12,0.8576,Kami-tachi ni Hirowareta Otoko,Надёжный просмотр,Light novel,Дебют
41364,12,0.8907,One Room: Third Season,Остальные,Original,Продолжение
41372,12,0.6127,Senyoku no Sigrdrifa,Остальные,Original,Дебют
41380,12,0.8115,100-man no Inochi no Ue ni Ore wa Tatteiru,Надёжный просмотр,Manga,Дебют
41389,12,0.8635,Tonikaku Kawaii,Флагманы,Manga,Дебют
41392,12,0.6532,Urasekai Picnic,Остальные,Novel,Дебют
41433,12,0.8403,Akudama Drive,Флагманы,Original,Дебют
41456,12,0.7979,"Sentouin, Haken shimasu!",Надёжный просмотр,Light novel,Дебют
41461,12,0.8607,Date A Live IV,Нишевые любимчики,Light novel,Продолжение
41487,12,0.9452,Tensei shitara Slime Datta Ken 2nd Season Part 2,Флагманы,Manga,Продолжение
41488,12,0.8356,Tensura Nikki: Tensei shitara Slime Datta Ken,Флагманы,Manga,Дебют
41514,12,0.7755,Itai no wa Iya nanode Bougyoryoku ni Kyokufuri Shitai to Omoimasu. 2,Остальные,Light novel,Продолжение
41520,12,0.8127,Show by Rock!! Stars!!,Остальные,Game,Продолжение
41521,12,0.6394,WIXOSS Diva(A)Live,Остальные,Card game,Дебют
41556,12,0.5585,Maiko-san Chi no Makanai-san,Остальные,Manga,Дебют
41574,12,0.7914,Guraburu!,Остальные,4-koma manga,Дебют
41589,12,0.6259,Tokyo Mew Mew New ♡,Нишевые любимчики,Manga,Дебют
41762,12,0.7025,Tenchi Souzou Design-bu,Остальные,Manga,Дебют
41783,12,0.6839,Iwa Kakeru! Sport Climbing Girls,Остальные,Web manga,Дебют
41833,12,0.7108,Kyuuketsuki Sugu Shinu,Нишевые любимчики,Manga,Дебют
41899,12,0.8313,Ore dake Haireru Kakushi Dungeon,Надёжный просмотр,Light novel,Дебют
41930,12,0.789,Kamisama ni Natta Hi,Нишевые любимчики,Original,Дебют
42071,12,0.7993,Yuuki Yuuna wa Yuusha de Aru Churutto!,Остальные,Game,Продолжение
42072,12,0.7331,Kenja no Deshi wo Nanoru Kenja,Надёжный просмотр,Light novel,Дебют
42203,12,0.9177,Re:Zero kara Hajimeru Isekai Seikatsu 2nd Season Part 2,Флагманы,Light novel,Продолжение
42238,12,0.9392,Ani ni Tsukeru Kusuri wa Nai! 4,Надёжный просмотр,Web manga,Продолжение
42250,12,0.865,Bungou Stray Dogs Wan!,Флагманы,Web manga,Продолжение
42282,12,0.8132,Otome Game no Hametsu Flag shika Nai Akuyaku Reijou ni Tensei shiteshimatta... X,Надёжный просмотр,Light novel,Продолжение
42307,12,0.5986,Subarashiki Kono Sekai The Animation,Остальные,Game,Дебют
42321,12,0.5631,Battle Athletess Daiundoukai ReSTART!,Остальные,Original,Дебют
42340,12,0.7859,Meikyuu Black Company,Надёжный просмотр,Web manga,Дебют
42351,12,0.8455,Senpai ga Uzai Kouhai no Hanashi,Надёжный просмотр,Web manga,Дебют
42361,12,0.8205,"Ijiranaide, Nagatoro-san",Флагманы,Web manga,Дебют
42385,12,0.7251,The iDOLM@STER Million Live!,Остальные,Game,Продолжение
42395,12,0.7235,Shakunetsu Kabaddi,Нишевые любимчики,Web manga,Дебют
42506,12,0.7621,World Witches Hasshin Shimasu!,Остальные,Original,Дебют
42516,12,0.5829,Cardfight!! Vanguard: overDress,Остальные,Original,Дебют
42544,12,0.7439,Kaizoku Oujo,Нишевые любимчики,Original,Дебют
42568,12,0.6834,Yaku nara Mug Cup mo,Остальные,Manga,Дебют
42571,12,0.8183,Dogeza de Tanondemita,Остальные,Web manga,Дебют
42587,12,0.8078,Yuuki Yuuna wa Yuusha de Aru: Dai Mankai no Shou,Нишевые любимчики,Original,Продолжение
42590,12,0.7839,Mashiro no Oto,Остальные,Manga,Дебют
42627,12,0.6818,Peach Boy Riverside,Остальные,Manga,Дебют
42657,12,0.6784,Himitsukessha Taka no Tsume: Golden Spell,Остальные,Original,Дебют
42670,12,0.8137,Princess Connect! Re:Dive Season 2,Нишевые любимчики,Game,Продолжение
42745,12,0.8226,Machikado Mazoku: 2-choume,Остальные,4-koma manga,Продолжение
42822,12,0.7425,Kai Byoui Ramune,Остальные,Manga,Дебют
42826,12,0.8148,Seijo no Maryoku wa Bannou desu,Надёжный просмотр,Light novel,Дебют
42883,12,0.7754,Sore dake ga Neck,Надёжный просмотр,Original,Дебют
42923,12,0.8374,SK∞,Флагманы,Original,Дебют
42959,12,0.8854,Yatogame-chan Kansatsu Nikki Sansatsume,Остальные,4-koma manga,Продолжение
42963,12,0.7989,"Kanojo, Okarishimasu 2nd Season",Нишевые любимчики,Manga,Продолжение
42994,12,0.8154,Jashin-chan Dropkick X,Остальные,Web manga,Продолжение
43007,12,0.7036,Osananajimi ga Zettai ni Makenai Love Comedy,Флагманы,Light novel,Дебют
43299,12,0.7783,Wonder Egg Priority,Нишевые любимчики,Original,Дебют
43470,12,0.7909,Rikei ga Koi ni Ochita no de Shoumei shitemita. Heart,Остальные,Web manga,Продолжение
43523,12,0.9002,Tsuki ga Michibiku Isekai Douchuu,Флагманы,Light novel,Дебют
43756,12,0.7682,Bakuten!!,Нишевые любимчики,Original,Дебют
43767,12,0.6048,Night Head 2041,Нишевые любимчики,Other,Дебют
43814,12,0.833,Deatte 5-byou de Battle,Надёжный просмотр,Web manga,Дебют
43969,12,0.7547,Kanojo mo Kanojo,Флагманы,Manga,Дебют
44040,12,0.769,Abciee Shuugyou Nikki,Надёжный просмотр,Other,Дебют
44055,12,0.8018,Sasaki to Miyano,Флагманы,Web manga,Дебют
44081,12,0.6344,B-Project: Netsuretsu*Love Call,Остальные,Mixed media,Дебют
44203,12,0.8795,Seirei Gensouki,Флагманы,Light novel,Дебют
44204,12,0.7957,Kyokou Suiri Season 2,Остальные,Manga,Продолжение
44235,12,0.9008,Pui Pui Molcar,Флагманы,Other,Дебют
44274,12,0.6462,Puraore! Pride of Orange,Остальные,Mixed media,Дебют
44276,12,0.7836,Kyuukyoku Shinka shita Full Dive RPG ga Genjitsu yori mo Kusoge Dattara,Надёжный просмотр,Light novel,Дебют
44387,12,0.6448,Sankaku Mado no Sotogawa wa Yoru,Нишевые любимчики,Manga,Дебют
44511,12,0.8915,Chainsaw Man,Флагманы,Manga,Дебют
44516,12,0.7143,Koroshi Ai,Остальные,Manga,Дебют
44524,12,0.7816,Isekai Meikyuu de Harem wo,Флагманы,Light novel,Дебют
44881,12,0.8688,100-man no Inochi no Ue ni Ore wa Tatteiru 2nd Season,Надёжный просмотр,Manga,Продолжение
45055,12,0.8149,Taishou Otome Otogibanashi,Нишевые любимчики,Manga,Дебют
45425,12,0.735,Slow Loop,Остальные,Manga,Дебют
45486,12,0.8431,Kuma Kuma Kuma Bear Punch!,Остальные,Light novel,Продолжение
45560,12,0.6592,Orient,Остальные,Manga,Дебют
45576,12,0.9425,Mushoku Tensei: Isekai Ittara Honki Dasu Part 2,Флагманы,Light novel,Продолжение
45587,12,0.802,Itazuraguma no Gloomy,Надёжный просмотр,Other,Дебют
45613,12,0.6614,Kawaii dake ja Nai Shikimori-san,Флагманы,Web manga,Дебют
45653,12,0.712,Soredemo Ayumu wa Yosetekuru,Остальные,Manga,Дебют
45665,12,0.5475,Fairy Ranmaru: Anata no Kokoro Otasuke Shimasu,Нишевые любимчики,Original,Дебют
46118,12,0.5776,Wave!! Surfing Yappe!! (TV),Остальные,Mixed media,Дебют
46352,12,0.7733,Blue Period,Флагманы,Manga,Дебют
46471,12,0.6157,"Tantei wa Mou, Shindeiru.",Нишевые любимчики,Light novel,Дебют
46604,12,0.5555,Dolls' Frontline,Остальные,Game,Дебют
46985,12,0.804,Shinka no Mi: Shiranai Uchi ni Kachigumi Jinsei,Надёжный просмотр,Light novel,Дебют
47159,12,0.8094,Tensai Ouji no Akaji Kokka Saisei Jutsu,Надёжный просмотр,Light novel,Дебют
47160,12,0.8032,Goblin Slayer II,Нишевые любимчики,Light novel,Продолжение
47161,12,0.7964,Shikkakumon no Saikyou Kenja,Надёжный просмотр,Light novel,Дебют
47162,12,0.6352,Shokei Shoujo no Virgin Road,Остальные,Light novel,Дебют
47163,12,0.7535,"Tensei Kenja no Isekai Life: Dai-2 no Shokugyou wo Ete, Sekai Saikyou ni Narimashita",Флагманы,Light novel,Дебют
47250,12,0.5488,Jouran: The Princess of Snow and Blood,Остальные,Original,Дебют
47257,12,0.7437,Shinigami Bocchan to Kuro Maid,Нишевые любимчики,Web manga,Дебют
47391,12,0.6779,Seven Knights Revolution: Eiyuu no Keishousha,Надёжный просмотр,Game,Дебют
47790,12,0.8823,"Sekai Saikou no Ansatsusha, Isekai Kizoku ni Tensei suru",Флагманы,Light novel,Дебют
47917,12,0.8851,Bocchi the Rock!,Флагманы,4-koma manga,Дебют
48239,12,0.8374,Leadale no Daichi nite,Надёжный просмотр,Light novel,Дебют
48252,12,0.7352,"Ore, Tsushima",Нишевые любимчики,Manga,Дебют
48363,12,0.656,RPG Fudousan,Остальные,4-koma manga,Дебют
48406,12,0.758,Re-Main,Нишевые любимчики,Original,Дебют
48413,12,0.715,Hataraku Maou-sama!!,Нишевые любимчики,Light novel,Продолжение
48414,12,0.7388,Sabikui Bisco,Остальные,Light novel,Дебют
48415,12,0.7866,"Shijou Saikyou no Daimaou, Murabito A ni Tensei suru",Надёжный просмотр,Light novel,Дебют
48417,12,0.6299,"Maou Gakuin no Futekigousha II: Shijou Saikyou no Maou no Shiso, Tensei shite Shison-tachi no Gakkou e Kayou",Нишевые любимчики,Light novel,Дебют
48418,12,0.7292,"Maou Gakuin no Futekigousha II: Shijou Saikyou no Maou no Shiso, Tensei shite Shison-tachi no Gakkou e Kayou Part 2",Остальные,Light novel,Продолжение
48441,12,0.5198,The Legend of Heroes: Sen no Kiseki - Northern War,Остальные,Game,Дебют
48471,12,0.7305,Tsuki to Laika to Nosferatu,Остальные,Light novel,Дебют
48483,12,0.7917,Mieruko-chan,Флагманы,Web manga,Дебют
48491,12,0.7928,Yama no Susume: Next Summit,Остальные,Manga,Продолжение
48542,12,0.7471,Do It Yourself!!,Остальные,Original,Дебют
48553,12,0.735,Akebi-chan no Sailor-fuku,Нишевые любимчики,Web manga,Дебют
48556,12,0.6959,Takt Op. Destiny,Нишевые любимчики,Mixed media,Дебют
48567,12,0.5834,Visual Prison,Нишевые любимчики,Original,Дебют
48569,12,0.8961,86 Part 2,Флагманы,Light novel,Продолжение
48580,12,0.773,Vanitas no Karte,Нишевые любимчики,Manga,Дебют
48583,12,0.9209,Shingeki no Kyojin: The Final Season Part 2,Флагманы,Manga,Продолжение
48633,12,0.6588,Liar Liar,Остальные,Light novel,Дебют
48643,12,0.7699,Koi wa Sekai Seifuku no Ato de,Надёжный просмотр,Manga,Дебют
48644,12,0.645,Gyakuten Sekai no Denchi Shoujo,Остальные,Original,Дебют
48649,12,0.6681,Fuuto Tantei,Нишевые любимчики,Manga,Дебют
48736,12,0.8921,Sono Bisque Doll wa Koi wo Suru,Флагманы,Manga,Дебют
48742,12,0.5781,"Kono Healer, Mendokusai",Остальные,Web manga,Дебют
48760,12,0.851,"Gaikotsu Kishi-sama, Tadaima Isekai e Odekakechuu",Надёжный просмотр,Light novel,Дебют
48761,12,0.7802,Saihate no Paladin,Надёжный просмотр,Light novel,Дебют
48775,12,0.7972,Kaginado,Остальные,Original,Дебют
48776,12,0.6078,Build Divide: Code Black,Остальные,Mixed media,Дебют
48777,12,0.7759,Build Divide: Code White,Остальные,Mixed media,Дебют
48779,12,0.7998,Deaimon,Надёжный просмотр,Manga,Дебют
48804,12,0.8646,Isekai Shokudou 2,Надёжный просмотр,Light novel,Продолжение
48842,12,0.6702,Mahoutsukai Reimeiki,Остальные,Light novel,Дебют
48849,12,0.7098,Sonny Boy,Нишевые любимчики,Original,Дебют
48857,12,0.6847,Healer Girl,Остальные,Original,Дебют
48858,12,0.7142,180-byou de Kimi no Mimi wo Shiawase ni Dekiru ka?,Остальные,Original,Дебют
48926,12,0.8122,"Komi-san wa, Comyushou desu.",Флагманы,Manga,Дебют
48981,12,0.5543,Mahou Shoujo Magical Destroyers,Остальные,Original,Дебют
48997,12,0.7825,Fantasy Bishoujo Juniku Ojisan to,Надёжный просмотр,Web manga,Дебют
49109,12,0.8364,Kami-tachi ni Hirowareta Otoko 2nd Season,Надёжный просмотр,Light novel,Продолжение
49114,12,0.8722,Vanitas no Karte Part 2,Флагманы,Manga,Продолжение
49154,12,0.7186,High Card,Остальные,Mixed media,Дебют
49160,12,0.6649,Shachiku-san wa Youjo Yuurei ni Iyasaretai.,Остальные,Manga,Дебют
49263,12,0.8506,Yaku nara Mug Cup mo: Niban Gama,Остальные,Manga,Продолжение
49292,12,0.5196,Deep Insanity: The Lost Child,Остальные,Mixed media,Дебют
49304,12,0.5265,Seiken Densetsu: Legend of Mana - The Teardrop Crystal,Остальные,Game,Дебют
49385,12,0.6482,Kaijin Kaihatsu-bu no Kuroitsu-san,Остальные,Web manga,Дебют
49438,12,0.873,Isekai Yakkyoku,Надёжный просмотр,Light novel,Дебют
49470,12,0.7756,Mamahaha no Tsurego ga Motokano datta,Надёжный просмотр,Light novel,Дебют
49505,12,0.8355,Deji Meets Girl,Остальные,Original,Дебют
49514,12,0.4638,Gensou Sangokushi: Tengen Reishinki,Остальные,Game,Дебют
49520,12,0.7285,Aharen-san wa Hakarenai,Флагманы,Manga,Дебют
49551,12,0.8055,Hanabi-chan wa Okuregachi,Надёжный просмотр,Manga,Дебют
49612,12,0.682,Ningen Fushin no Boukensha-tachi ga Sekai wo Sukuu you desu,Надёжный просмотр,Light novel,Дебют
49692,12,0.7859,Heroine Tarumono! Kiraware Heroine to Naisho no Oshigoto,Остальные,Music,Дебют
49721,12,0.8685,Karakai Jouzu no Takagi-san 3,Флагманы,Manga,Продолжение
49766,12,0.67,Under Ninja,Остальные,Manga,Дебют
49776,12,0.7681,Kumichou Musume to Sewagakari,Надёжный просмотр,Web manga,Дебют
49782,12,0.8536,Shadows House 2nd Season,Остальные,Manga,Продолжение
49820,12,0.7844,Cardfight!! Vanguard: will+Dress Season 2,Остальные,Original,Продолжение
49828,12,0.8222,Kidou Senshi Gundam: Suisei no Majo,Флагманы,Original,Дебют
49831,12,0.6168,Black★★Rock Shooter: Dawn Fall,Нишевые любимчики,Other,Дебют
49849,12,0.7493,Shinmai Renkinjutsushi no Tenpo Keiei,Надёжный просмотр,Light novel,Дебют
49858,12,0.8169,Shinigami Bocchan to Kuro Maid 2nd Season,Остальные,Web manga,Продолжение
49891,12,0.8472,Tensei shitara Ken deshita,Флагманы,Light novel,Дебют
49894,12,0.6675,Eiyuu Kyoushitsu,Надёжный просмотр,Light novel,Дебют
49969,12,0.5913,Tribe Nine,Остальные,Mixed media,Дебют
49979,12,0.8053,Akuyaku Reijou nanode Last Boss wo Kattemimashita,Надёжный просмотр,Light novel,Дебют
49980,12,0.7552,Sugar Apple Fairy Tale,Нишевые любимчики,Light novel,Дебют
49981,12,0.5194,"Kimi to Boku no Saigo no Senjou, Aruiwa Sekai ga Hajimaru Seisen Season II",Остальные,Light novel,Продолжение
50010,12,0.8311,Meitantei Conan: Hannin no Hanzawa-san,Надёжный просмотр,Manga,Дебют
50172,12,0.8822,Mob Psycho 100 III,Флагманы,Web manga,Продолжение
50175,12,0.8191,"Yuusha, Yamemasu",Надёжный просмотр,Light novel,Дебют
50184,12,0.7214,Seiken Gakuin no Makentsukai,Надёжный просмотр,Light novel,Дебют
50185,12,0.7476,Ryman's Club,Нишевые любимчики,Original,Дебют
50197,12,0.8461,"Ijiranaide, Nagatoro-san 2nd Attack",Нишевые любимчики,Web manga,Продолжение
50203,12,0.8688,Love Live! Superstar!! 2nd Season,Нишевые любимчики,Other,Продолжение
50204,12,0.6343,Tokyo 24-ku,Остальные,Original,Дебют
50220,12,0.6403,Isekai Shoukan wa Nidome desu,Надёжный просмотр,Light novel,Дебют
50221,12,0.7502,Shine Post,Остальные,Mixed media,Дебют
50265,12,0.887,Spy x Family,Флагманы,Manga,Дебют
50273,12,0.8582,Tomodachi Game,Флагманы,Manga,Дебют
50284,12,0.5146,Technoroid: Overmind,Остальные,Mixed media,Дебют
50285,12,0.5508,On Air Dekinai!,Остальные,Manga,Дебют
50287,12,0.8251,Kyuuketsuki Sugu Shinu 2,Остальные,Manga,Продолжение
50306,12,0.7931,Seirei Gensouki 2,Нишевые любимчики,Light novel,Продолжение
50307,12,0.7694,Tonikaku Kawaii 2nd Season,Нишевые любимчики,Manga,Продолжение
50348,12,0.8034,Peter Grill to Kenja no Jikan: Super Extra,Остальные,Manga,Продолжение
50380,12,0.807,Paripi Koumei,Флагманы,Web manga,Дебют
50384,12,0.7622,Mononogatari,Остальные,Manga,Дебют
50392,12,0.7226,Mato Seihei no Slave,Нишевые любимчики,Manga,Дебют
50416,12,0.8237,Skip to Loafer,Флагманы,Manga,Дебют
50425,12,0.8621,"Fuufu Ijou, Koibito Miman.",Флагманы,Manga,Дебют
50461,12,0.8788,Otome Game Sekai wa Mob ni Kibishii Sekai desu,Флагманы,Light novel,Дебют
50481,12,0.7619,"Eiyuuou, Bu wo Kiwameru Tame Tenseisu: Soshite, Sekai Saikyou no Minarai Kishi♀",Надёжный просмотр,Light novel,Дебют
50583,12,0.6217,Buta no Liver wa Kanetsu Shiro,Остальные,Light novel,Дебют
50606,12,0.534,Ayakashi Triangle,Остальные,Manga,Дебют
50631,12,0.8712,"Komi-san wa, Comyushou desu. 2nd Season",Флагманы,Manga,Продолжение
50638,12,0.7965,Muv-Luv Alternative 2nd Season,Остальные,Visual novel,Продолжение
50652,12,0.7303,Tsundere Akuyaku Reijou Liselotte to Jikkyou no Endou-kun to Kaisetsu no Kobayashi-san,Остальные,Light novel,Дебют
50664,12,0.7766,Saihate no Paladin: Tetsusabi no Yama no Ou,Остальные,Light novel,Продолжение
50678,12,0.8322,Kyoukai Senki Part 2,Остальные,Original,Продолжение
50685,12,0.8383,Kaginado Season 2,Остальные,Original,Продолжение
50695,12,0.8158,MF Ghost,Флагманы,Manga,Дебют
50738,12,0.661,"Slime Taoshite 300-nen, Shiranai Uchi ni Level Max ni Nattemashita: Sono Ni",Остальные,Light novel,Продолжение
50739,12,0.8566,Otonari no Tenshi-sama ni Itsunomanika Dame Ningen ni Sareteita Ken,Флагманы,Light novel,Дебют
50760,12,0.5745,Teppen!!!!!!!!!!!!!!!,Остальные,Manga,Дебют
50854,12,0.7846,"Benriya Saitou-san, Isekai ni Iku",Надёжный просмотр,Web manga,Дебют
50862,12,0.6278,Estab-Life: Great Escape,Остальные,Mixed media,Дебют
50871,12,0.5354,Alice Gear Aegis Expansion,Остальные,Game,Дебют
50917,12,0.65,Prima Doll,Остальные,Mixed media,Дебют
50923,12,0.7029,Mushikaburi-hime,Нишевые любимчики,Light novel,Дебют
50985,12,0.5863,Chimimo,Нишевые любимчики,Original,Дебют
50999,12,0.6568,Extreme Hearts,Остальные,Original,Дебют
51064,12,0.8688,Kuro no Shoukanshi,Надёжный просмотр,Light novel,Дебют
51092,12,0.5716,Yuurei Deco,Остальные,Original,Дебют
51098,12,0.6456,Shinobi no Ittoki,Остальные,Original,Дебют
51105,12,0.5519,NieR:Automata Ver1.1a,Нишевые любимчики,Game,Дебют
51128,12,0.7141,Noumin Kanren no Skill bakka Agetetara Nazeka Tsuyoku Natta.,Надёжный просмотр,Light novel,Дебют
51139,12,0.456,Kizuna no Allele,Остальные,Original,Дебют
51179,12,0.9241,Mushoku Tensei II: Isekai Ittara Honki Dasu,Флагманы,Light novel,Дебют
51212,12,0.7401,Futoku no Guild,Остальные,Manga,Дебют
51213,12,0.7615,Kinsou no Vermeil: Gakeppuchi Majutsushi wa Saikyou no Yakusai to Mahou Sekai wo Tsukisusumu,Флагманы,Manga,Дебют
51215,12,0.827,Seijo no Maryoku wa Bannou desu Season 2,Надёжный просмотр,Light novel,Продолжение
51219,12,0.6692,Isekai One Turn Kill Neesan: Ane Douhan no Isekai Seikatsu Hajimemashita,Остальные,Manga,Дебют
51252,12,0.5524,Spy Kyoushitsu,Остальные,Light novel,Дебют
51265,12,0.6923,Inu ni Nattara Suki na Hito ni Hirowareta.,Остальные,Web manga,Дебют
51368,12,0.8492,Orient: Awajishima Gekitou-hen,Надёжный просмотр,Manga,Продолжение
51371,12,0.6004,Bucchigire!,Остальные,Original,Дебют
51381,12,0.6088,RWBY: Hyousetsu Teikoku,Нишевые любимчики,Other,Дебют
51403,12,0.7232,Renai Flops,Остальные,Original,Дебют
51415,12,0.5252,Opus.COLORs,Остальные,Original,Дебют
51458,12,0.7561,Lv1 Maou to One Room Yuusha,Надёжный просмотр,Web manga,Дебют
51462,12,0.8729,Isekai Nonbiri Nouka,Флагманы,Light novel,Дебют
51495,12,0.745,Shin Shinka no Mi: Shiranai Uchi ni Kachigumi Jinsei,Надёжный просмотр,Light novel,Дебют
51498,12,0.7982,Masamune-kun no Revenge R,Остальные,Manga,Продолжение
51536,12,0.7567,The iDOLM@STER Cinderella Girls: U149,Нишевые любимчики,Web manga,Дебют
51552,12,0.817,Watashi no Shiawase na Kekkon,Флагманы,Novel,Дебют
51586,12,0.7719,D4DJ All Mix,Нишевые любимчики,Mixed media,Дебют
51632,12,0.7798,Isekai wa Smartphone to Tomo ni. 2,Флагманы,Light novel,Продолжение
51648,12,0.8684,Nozomanu Fushi no Boukensha,Надёжный просмотр,Light novel,Дебют
51678,12,0.7677,Oniichan wa Oshimai!,Флагманы,Manga,Дебют
51693,12,0.7123,Kaminaki Sekai no Kamisama Katsudou,Надёжный просмотр,Manga,Дебют
51705,12,0.7064,Otonari ni Ginga,Остальные,Manga,Дебют
51706,12,0.6848,Yuusha ga Shinda!,Надёжный просмотр,Web manga,Дебют
51711,12,0.7835,Hyouken no Majutsushi ga Sekai wo Suberu,Надёжный просмотр,Light novel,Дебют
51764,12,0.7869,Level 1 dakedo Unique Skill de Saikyou desu,Надёжный просмотр,Light novel,Дебют
51815,12,0.7366,Kubo-san wa Mob wo Yurusanai,Нишевые любимчики,Manga,Дебют
51817,12,0.6851,Watashi no Yuri wa Oshigoto desu!,Остальные,Manga,Дебют
51818,12,0.7793,Enen no Shouboutai: San no Shou,Нишевые любимчики,Manga,Продолжение
51923,12,0.5449,Warau Arsnotoria Sun!,Остальные,Game,Дебют
51956,12,0.5861,Paradox Live the Animation,Нишевые любимчики,Mixed media,Дебют
51958,12,0.7574,Kono Subarashii Sekai ni Bakuen wo!,Остальные,Light novel,Дебют
51986,12,0.8517,Pui Pui Molcar: Driving School,Надёжный просмотр,Original,Продолжение
52081,12,0.6912,Edomae Elf,Остальные,Manga,Дебют
52082,12,0.7198,Shiro Seijo to Kuro Bokushi,Остальные,4-koma manga,Дебют
52092,12,0.6728,My Home Hero,Остальные,Manga,Дебют
52093,12,0.717,Trigun Stampede,Нишевые любимчики,Manga,Дебют
52173,12,0.7218,Koori Zokusei Danshi to Cool na Douryou Joshi,Остальные,Web manga,Дебют
52193,12,0.7433,Akiba Meido Sensou,Нишевые любимчики,Original,Дебют
52196,12,0.8247,Date A Live V,Нишевые любимчики,Light novel,Продолжение
52211,12,0.8541,Mashle,Флагманы,Manga,Дебют
52229,12,0.8731,Birdie Wing: Golf Girls' Story Season 2,Остальные,Original,Продолжение
52299,12,0.8996,Ore dake Level Up na Ken,Флагманы,Web manga,Дебют
52308,12,0.8294,Kanojo ga Koushaku-tei ni Itta Riyuu,Флагманы,Web manga,Дебют
52359,12,0.747,Isekai de Mofumofu Nadenade suru Tame ni Ganbattemasu.,Надёжный просмотр,Light novel,Дебют
52367,12,0.7129,Isekai Shikkaku,Надёжный просмотр,Web manga,Дебют
52381,12,0.745,Aru Asa Dummy Head Mic ni Natteita Ore-kun no Jinsei,Остальные,Original,Дебют
52405,12,0.5241,Highspeed Etoile,Остальные,Original,Дебют
52446,12,0.8274,Kaiko sareta Ankoku Heishi (30-dai) no Slow na Second Life,Надёжный просмотр,Light novel,Дебют
52461,12,0.8057,Rougo ni Sonaete Isekai de 8-manmai no Kinka wo Tamemasu,Надёжный просмотр,Light novel,Дебют
52481,12,0.7164,Gimai Seikatsu,Нишевые любимчики,Light novel,Дебют
52482,12,0.7396,Sasaki to Pii-chan,Надёжный просмотр,Light novel,Дебют
52578,12,0.863,Boku no Kokoro no Yabai Yatsu,Флагманы,Manga,Дебют
52588,12,0.8962,Kaijuu 8-gou,Флагманы,Manga,Дебют
52608,12,0.8411,Tensei Kizoku no Isekai Boukenroku: Jichou wo Shiranai Kamigami no Shito,Надёжный просмотр,Light novel,Дебют
52611,12,0.8265,Okashi na Tensei,Надёжный просмотр,Light novel,Дебют
52619,12,0.7238,Jidou Hanbaiki ni Umarekawatta Ore wa Meikyuu wo Samayou,Надёжный просмотр,Light novel,Дебют
52709,12,0.6692,"Danjo no Yuujou wa Seiritsu suru? (Iya, Shinai!!)",Остальные,Light novel,Дебют
52736,12,0.7973,Tensei Oujo to Tensai Reijou no Mahou Kakumei,Флагманы,Light novel,Дебют
52816,12,0.6936,Majo to Yajuu,Нишевые любимчики,Manga,Дебют
52934,12,0.7173,"Konyaku Haki sareta Reijou wo Hirotta Ore ga, Ikenai Koto wo Oshiekomu",Остальные,Light novel,Дебют
52955,12,0.8159,Mahoutsukai no Yome Season 2,Остальные,Manga,Продолжение
52962,12,0.8322,"Tearmoon Teikoku Monogatari: Dantoudai kara Hajimaru, Hime no Tensei Gyakuten Story",Надёжный просмотр,Light novel,Дебют
52969,12,0.7926,"Jitsu wa Ore, Saikyou deshita?",Надёжный просмотр,Light novel,Дебют
52973,12,0.7909,Megami no Café Terrace,Надёжный просмотр,Manga,Дебют
52985,12,0.6271,Dekoboko Majo no Oyako Jijou,Остальные,4-koma manga,Дебют
52990,12,0.7644,"Keikenzumi na Kimi to, Keiken Zero na Ore ga, Otsukiai suru Hanashi.",Флагманы,Light novel,Дебют
53012,12,0.6396,Human Bug Daigaku,Остальные,Web manga,Дебют
53026,12,0.6441,Synduality: Noir,Остальные,Mixed media,Дебют
53033,12,0.6162,Mecha-ude (TV),Остальные,Original,Дебют
53040,12,0.8143,Kanojo mo Kanojo Season 2,Надёжный просмотр,Manga,Продолжение
53050,12,0.8439,"Kanojo, Okarishimasu 3rd Season",Надёжный просмотр,Manga,Продолжение
53065,12,0.72,Sono Bisque Doll wa Koi wo Suru Season 2,Нишевые любимчики,Manga,Продолжение
53077,12,0.8204,Nijiyon Animation,Остальные,4-koma manga,Дебют
53097,12,0.8023,Tokyo Mew Mew New ♡ 2nd Season,Остальные,Manga,Продолжение
53132,12,0.6308,UniteUp!,Нишевые любимчики,Music,Дебют
53162,12,0.6903,Majutsushi Orphen Hagure Tabi: Urbanrama-hen,Остальные,Light novel,Продолжение
53163,12,0.6308,Kawaisugi Crisis,Остальные,Manga,Дебют
53179,12,0.5673,Ars no Kyojuu,Остальные,Original,Дебют
53199,12,0.8828,Kidou Senshi Gundam: Suisei no Majo Season 2,Флагманы,Original,Продолжение
53200,12,0.8005,Hataraku Maou-sama!! 2nd Season,Остальные,Light novel,Продолжение
53213,12,0.6247,Revenger,Остальные,Original,Дебют
53237,12,0.6063,Shy,Остальные,Manga,Дебют
53262,12,0.6359,Hoshikuzu Telepath,Нишевые любимчики,4-koma manga,Дебют
53263,12,0.8453,"Seija Musou: Salaryman, Isekai de Ikinokoru Tame ni Ayumu Michi",Надёжный просмотр,Light novel,Дебют
53287,12,0.8241,Love Live! Superstar!! 3rd Season,Нишевые любимчики,Other,Продолжение
53356,12,0.7272,Shuumatsu Train Doko e Iku?,Остальные,Original,Дебют
53379,12,0.7056,Uchi no Kaisha no Chiisai Senpai no Hanashi,Остальные,Web manga,Дебют
53397,12,0.6818,Tsuyokute New Saga,Остальные,Light novel,Дебют
53407,12,0.6858,Bartender: Kami no Glass,Остальные,Manga,Дебют
53410,12,0.7845,Yuru Camp△ Season 3,Нишевые любимчики,Manga,Продолжение
53411,12,0.7972,Buddy Daddies,Флагманы,Original,Дебют
53421,12,0.7685,Dosanko Gal wa Namara Menkoi,Надёжный просмотр,Manga,Дебют
53426,12,0.7709,Hyakushou Kizoku,Остальные,Manga,Дебют
53428,12,0.575,Ayaka,Остальные,Original,Дебют
53434,12,0.8197,"Maou no Ore ga Dorei Elf wo Yome ni Shitanda ga, Dou Medereba Ii?",Надёжный просмотр,Light novel,Дебют
53438,12,0.8153,Higeki no Genkyou to Naru Saikyou Gedou Last Boss Joou wa Tami no Tame ni Tsukushimasu.,Надёжный просмотр,Light novel,Дебют
53439,12,0.823,Boushoku no Berserk,Надёжный просмотр,Light novel,Дебют
53446,12,0.8654,Tondemo Skill de Isekai Hourou Meshi,Флагманы,Light novel,Дебют
53488,12,0.7329,"Shin no Nakama ja Nai to Yuusha no Party wo Oidasareta node, Henkyou de Slow Life suru Koto ni Shimashita 2nd",Надёжный просмотр,Light novel,Продолжение
53516,12,0.8527,"Tensei shitara Dainana Ouji Datta node, Kimama ni Majutsu wo Kiwamemasu",Надёжный просмотр,Light novel,Дебют
53587,12,0.4869,The Marginal Service,Остальные,Original,Дебют
53590,12,0.8196,Saijaku Tamer wa Gomi Hiroi no Tabi wo Hajimemashita.,Надёжный просмотр,Light novel,Дебют
53613,12,0.7641,Dead Mount Death Play,Надёжный просмотр,Manga,Дебют
53632,12,0.7815,Yumemiru Danshi wa Genjitsushugisha,Надёжный просмотр,Light novel,Дебют
53633,12,0.6016,Bullbuster,Остальные,Mixed media,Дебют
53698,12,0.6878,World Dai Star,Остальные,Mixed media,Дебют
53723,12,0.6847,Acro Trip,Остальные,Manga,Дебют
53730,12,0.776,"Sokushi Cheat ga Saikyou sugite, Isekai no Yatsura ga Marude Aite ni Naranai n desu ga.",Надёжный просмотр,Light novel,Дебют
53770,12,0.7411,Sentai Daishikkaku,Остальные,Manga,Дебют
53787,12,0.6021,AI no Idenshi,Остальные,Manga,Дебют
53833,12,0.7866,Watashi no Oshi wa Akuyaku Reijou.,Флагманы,Light novel,Дебют
53835,12,0.6434,Unnamed Memory,Остальные,Light novel,Дебют
53887,12,0.862,Spy x Family Season 2,Флагманы,Manga,Продолжение
53889,12,0.7566,Ao no Exorcist: Shimane Illuminati-hen,Остальные,Manga,Продолжение
53912,12,0.6873,Seiyuu Radio no Uraomote,Остальные,Light novel,Дебют
53924,12,0.7574,Jibaku Shounen Hanako-kun 2,Нишевые любимчики,Manga,Продолжение
54028,12,0.5095,Turkey!,Остальные,Original,Дебют
54103,12,0.7347,Hikikomari Kyuuketsuki no Monmon,Нишевые любимчики,Light novel,Дебют
54112,12,0.6974,Zom 100: Zombie ni Naru made ni Shitai 100 no Koto,Флагманы,Manga,Дебют
54199,12,0.6447,Kaii to Otome to Kamikakushi,Остальные,Web manga,Дебют
54233,12,0.4653,Sasayaku You ni Koi wo Utau,Нишевые любимчики,Manga,Дебют
54259,12,0.6678,Rokudou no Onna-tachi,Остальные,Manga,Дебют
54265,12,0.6801,Kekkon Yubiwa Monogatari,Надёжный просмотр,Manga,Дебют
54275,12,0.7417,Temple,Остальные,Web manga,Дебют
54284,12,0.5553,VTuber Nandaga Haishin Kiri Wasuretara Densetsu ni Natteta,Остальные,Light novel,Дебют
54301,12,0.702,Overtake!,Нишевые любимчики,Original,Дебют
54309,12,0.6071,Blue Archive the Animation,Нишевые любимчики,Game,Дебют
54362,12,0.6702,Hametsu no Oukoku,Остальные,Manga,Дебют
54431,12,0.7563,Toaru Ossan no VRMMO Katsudouki,Надёжный просмотр,Light novel,Дебют
54449,12,0.6024,Ishura,Остальные,Light novel,Дебют
54595,12,0.8926,Kage no Jitsuryokusha ni Naritakute! 2nd Season,Флагманы,Light novel,Продолжение
54616,12,0.7933,Potion-danomi de Ikinobimasu!,Надёжный просмотр,Light novel,Дебют
54617,12,0.6205,Kyuujitsu no Warumono-san,Остальные,Web manga,Дебют
54632,12,0.8301,Gekai Elise,Надёжный просмотр,Web manga,Дебют
54638,12,0.5356,Kawagoe Boys Sing,Остальные,Original,Дебют
54714,12,0.7994,Kimi no Koto ga Daidaidaidaidaisuki na 100-nin no Kanojo,Флагманы,Manga,Дебют
54716,12,0.6748,Kibou no Chikara: Otona Precure '23,Остальные,Original,Дебют
54717,12,0.7324,Mahoutsukai Precure!! Mirai Days,Остальные,Original,Продолжение
54724,12,0.711,Nige Jouzu no Wakagimi,Остальные,Manga,Дебют
54726,12,0.696,"Tsuma, Shougakusei ni Naru.",Остальные,Manga,Дебют
54738,12,0.7475,Majutsushi Orphen Hagure Tabi: Seiiki-hen,Остальные,Light novel,Продолжение
54743,12,0.8531,Dead Mount Death Play Part 2,Надёжный просмотр,Manga,Продолжение
54744,12,0.8012,Tokidoki Bosotto Russia-go de Dereru Tonari no Alya-san,Флагманы,Light novel,Дебют
54758,12,0.6731,The iDOLM@STER Shiny Colors,Остальные,Game,Продолжение
54760,12,0.5705,Ryza no Atelier: Tokoyami no Joou to Himitsu no Kakurega,Остальные,Game,Дебют
54769,12,0.5084,Sousei no Aquarion: Myth of Emotions,Остальные,Original,Дебют
54798,12,0.5406,Kamierabi,Остальные,Original,Дебют
54837,12,0.8712,Akuyaku Reijou Level 99: Watashi wa Ura-Boss desu ga Maou dewa Arimasen,Надёжный просмотр,Light novel,Дебют
54839,12,0.7239,Yoru no Kurage wa Oyogenai,Нишевые любимчики,Original,Дебют
54842,12,0.8557,Sugar Apple Fairy Tale Part 2,Надёжный просмотр,Light novel,Продолжение
54852,12,0.8346,Kikansha no Mahou wa Tokubetsu desu,Надёжный просмотр,Web manga,Дебют
54853,12,0.7667,Maou 2099,Надёжный просмотр,Light novel,Дебют
54855,12,0.612,Senpai wa Otokonoko,Остальные,Web manga,Дебют
54859,12,0.5453,Rinkai!,Остальные,Mixed media,Дебют
54869,12,0.7696,High Card Season 2,Остальные,Mixed media,Продолжение
54883,12,0.8618,Mononogatari 2nd Season,Надёжный просмотр,Manga,Продолжение
54913,12,0.8298,"Shinmai Ossan Boukensha, Saikyou Party ni Shinu hodo Kitaerarete Muteki ni Naru.",Надёжный просмотр,Light novel,Дебют
54914,12,0.524,Bikkurimen,Остальные,Other,Дебют
54947,12,0.8327,Spy Kyoushitsu 2nd Season,Остальные,Light novel,Продолжение
54968,12,0.6842,Giji Harem,Нишевые любимчики,Web manga,Дебют
55129,12,0.6866,Oroka na Tenshi wa Akuma to Odoru,Остальные,Manga,Дебют
55150,12,0.7533,Yarinaoshi Reijou wa Ryuutei Heika wo Kouryakuchuu,Надёжный просмотр,Light novel,Дебют
55153,12,0.7515,Yuzuki-san Chi no Yonkyoudai.,Остальные,Manga,Дебют
55265,12,0.8263,"Tensei Kizoku, Kantei Skill de Nariagaru",Надёжный просмотр,Light novel,Дебют
55310,12,0.7451,Atarashii Joushi wa Do Tennen,Нишевые любимчики,Web manga,Дебют
55358,12,0.6731,Bucchigiri?!,Остальные,Original,Дебют
55397,12,0.561,Pon no Michi,Остальные,Original,Дебют
55514,12,0.5941,Zatsu Tabi: That's Journey,Остальные,Manga,Дебют
55528,12,0.6908,Yuuki Bakuhatsu Bang Bravern,Нишевые любимчики,Original,Дебют
55597,12,0.6412,Hananoi-kun to Koi no Yamai,Остальные,Manga,Дебют
55710,12,0.2479,Hana-Doll*: Reinterpretation of Flowering,Остальные,Mixed media,Дебют
55717,12,0.5701,Dekisokonai to Yobareta Motoeiyuu wa Jikka kara Tsuihou sareta node Sukikatte ni Ikiru Koto ni Shita,Остальные,Light novel,Дебют
55742,12,0.8787,Mahoutsukai no Yome Season 2 Part 2,Остальные,Manga,Продолжение
55749,12,0.8135,Megami no Café Terrace 2nd Season,Остальные,Manga,Продолжение
55774,12,0.638,"Himesama ""Goumon"" no Jikan desu",Остальные,Manga,Дебют
55775,12,0.7699,Kizuna no Allele Season 2,Остальные,Original,Продолжение
55813,12,0.8657,Mashle: Shinkakusha Kouho Senbatsu Shiken-hen,Надёжный просмотр,Manga,Продолжение
55823,12,0.7842,Natsume Yuujinchou Shichi,Нишевые любимчики,Manga,Продолжение
55842,12,0.6392,Okinawa de Suki ni Natta Ko ga Hougen Sugite Tsurasugiru,Остальные,Web manga,Дебют
55844,12,0.6654,Tasogare Out Focus,Нишевые любимчики,Manga,Дебют
55866,12,0.7706,Yubisaki to Renren,Флагманы,Manga,Дебют
55877,12,0.7433,Henjin no Salad Bowl,Остальные,Light novel,Дебют
55887,12,0.7462,"Kekkon suru tte, Hontou desu ka",Остальные,Manga,Дебют
55888,12,0.9065,Mushoku Tensei II: Isekai Ittara Honki Dasu Part 2,Флагманы,Light novel,Продолжение
55894,12,0.6292,Bokura no Ame-iro Protocol,Остальные,Original,Дебют
55973,12,0.7779,30-sai made Doutei dato Mahoutsukai ni Nareru Rashii,Флагманы,Manga,Дебют
55994,12,0.7307,Sword Art Online Alternative: Gun Gale Online II,Остальные,Light novel,Продолжение
55996,12,0.6355,Koi wa Futago de Warikirenai,Остальные,Light novel,Дебют
55997,12,0.6939,"Guild no Uketsukejou desu ga, Zangyou wa Iya nanode Boss wo Solo Toubatsu Shiyou to Omoimasu",Надёжный просмотр,Light novel,Дебют
55998,12,0.5794,Momochi-san Chi no Ayakashi Ouji,Остальные,Manga,Дебют
56062,12,0.6366,Naze Boku no Sekai wo Daremo Oboeteinai no ka?,Остальные,Light novel,Дебют
56063,12,0.8138,NieR:Automata Ver1.1a Part 2,Остальные,Game,Продолжение
56135,12,0.6522,UniteUp! Uni:Birth,Нишевые любимчики,Music,Продолжение
56165,12,0.7372,Boukyaku Battery (TV),Нишевые любимчики,Manga,Дебют
56348,12,0.7143,Dungeon no Naka no Hito,Остальные,Web manga,Дебют
56352,12,0.8315,"Loop 7-kaime no Akuyaku Reijou wa, Moto Tekikoku de Jiyuu Kimama na Hanayome Seikatsu wo Mankitsu suru",Флагманы,Light novel,Дебют
56400,12,0.7035,"Maou-sama, Retry! R",Остальные,Web manga,Продолжение
56449,12,0.7103,Madougushi Dahliya wa Utsumukanai,Остальные,Light novel,Дебют
56461,12,0.5398,Hamidashi Creative,Остальные,Visual novel,Дебют
56690,12,0.7802,Re:Monster,Надёжный просмотр,Light novel,Дебют
56691,12,0.4478,Gekkan Mousou Kagaku,Остальные,Original,Дебют
56700,12,0.6542,Jidou Hanbaiki ni Umarekawatta Ore wa Meikyuu wo Samayou 2nd Season,Остальные,Light novel,Продолжение
56731,12,0.7989,Synduality: Noir Part 2,Остальные,Mixed media,Продолжение
56738,12,0.8717,Shinigami Bocchan to Kuro Maid 3rd Season,Остальные,Web manga,Продолжение
56768,12,0.6757,"Tadaima, Okaeri",Нишевые любимчики,Manga,Дебют
56838,12,0.7236,"One Room, Hiatari Futsuu, Tenshi-tsuki.",Остальные,Manga,Дебют
56843,12,0.7318,Goukon ni Ittara Onna ga Inakatta Hanashi,Нишевые любимчики,Web manga,Дебют
56845,12,0.6916,"Saikyou Tank no Meikyuu Kouryaku: Tairyoku 9999 no Rare Skill-mochi Tank, Yuusha Party wo Tsuihou sareru",Надёжный просмотр,Manga,Дебют
56907,12,0.6258,Koujo Denka no Kateikyoushi,Остальные,Light novel,Дебют
56923,12,0.8148,Lv2 kara Cheat datta Motoyuusha Kouho no Mattari Isekai Life,Надёжный просмотр,Light novel,Дебют
56964,12,0.6971,Raise wa Tanin ga Ii,Остальные,Manga,Дебют
56967,12,0.7421,Kamierabi 2nd Season,Остальные,Original,Продолжение
57031,12,0.6424,Vampire Dormitory,Остальные,Manga,Дебют
57050,12,0.5346,Kisaki Kyouiku kara Nigetai Watashi,Остальные,Manga,Дебют
57058,12,0.7918,"Ore wa Subete wo ""Parry"" suru: Gyaku Kanchigai no Sekai Saikyou wa Boukensha ni Naritai",Надёжный просмотр,Light novel,Дебют
57099,12,0.5555,Na Nare Hana Nare,Остальные,Original,Дебют
57100,12,0.8047,The New Gate,Надёжный просмотр,Light novel,Дебют
57152,12,0.3788,Mahoutsukai no Yakusoku,Остальные,Game,Дебют
57217,12,0.7303,Katsute Mahou Shoujo to Aku wa Tekitai shiteita.,Остальные,Manga,Дебют
57315,12,0.6611,"Meitou ""Isekai no Yu"" Kaitakuki: Around 40 Onsen Mania no Tensei Saki wa, Nonbiri Onsen Tengoku deshita",Остальные,Light novel,Дебют
57325,12,0.6669,Ramen Akaneko,Остальные,Manga,Дебют
57334,12,0.8356,Dandadan,Флагманы,Manga,Дебют
57360,12,0.6674,Kabushikigaisha Magi-Lumière,Остальные,Manga,Дебют
57362,12,0.7165,Hoshifuru Oukoku no Nina,Нишевые любимчики,Manga,Дебют
57380,12,0.7333,Isekai Yururi Kikou: Kosodateshinagara Boukensha Shimasu,Надёжный просмотр,Light novel,Дебют
57391,12,0.6394,Astro Note,Остальные,Original,Дебют
57517,12,0.6034,Puniru wa Kawaii Slime,Остальные,Manga,Дебют
57524,12,0.8234,Make Heroine ga Oosugiru!,Флагманы,Light novel,Дебют
57559,12,0.8682,MF Ghost 2nd Season,Надёжный просмотр,Manga,Продолжение
57562,12,0.7969,Hyakushou Kizoku 2nd Season,Остальные,Manga,Продолжение
57567,12,0.7762,Shy 2nd Season,Остальные,Manga,Продолжение
57592,12,0.8755,Dr. Stone: Science Future,Надёжный просмотр,Manga,Продолжение
57611,12,0.6607,Kimi wa Meido-sama.,Остальные,Web manga,Дебют
57616,12,0.817,Kimi no Koto ga Daidaidaidaidaisuki na 100-nin no Kanojo 2nd Season,Нишевые любимчики,Manga,Продолжение
57623,12,0.8666,Nijiyon Animation 2,Остальные,4-koma manga,Продолжение
57646,12,0.6823,Mob kara Hajimaru Tansaku Eiyuutan,Надёжный просмотр,Light novel,Дебют
57648,12,0.723,Nihon e Youkoso Elf-san.,Остальные,Light novel,Дебют
57719,12,0.7404,Akuyaku Reijou Tensei Ojisan,Надёжный просмотр,Manga,Дебют
57820,12,0.4219,Kamitsubaki-shi Kensetsuchuu.,Остальные,Other,Дебют
57845,12,0.6115,Elf-san wa Yaserarenai.,Остальные,Web manga,Дебют
57876,12,0.6855,Maougun Saikyou no Majutsushi wa Ningen datta,Надёжный просмотр,Manga,Дебют
57891,12,0.7717,Hitoribocchi no Isekai Kouryaku,Надёжный просмотр,Light novel,Дебют
57892,12,0.8042,"Hazurewaku no ""Joutai Ijou Skill"" de Saikyou ni Natta Ore ga Subete wo Juurin suru made",Надёжный просмотр,Light novel,Дебют
57907,12,0.724,Tate no Yuusha no Nariagari Season 4,Остальные,Light novel,Продолжение
57944,12,0.681,"Party kara Tsuihou sareta Sono Chiyushi, Jitsu wa Saikyou ni Tsuki",Надёжный просмотр,Light novel,Дебют
57947,12,0.6731,Mayonaka Punch,Остальные,Original,Дебют
58059,12,0.8222,Tsue to Tsurugi no Wistoria,Надёжный просмотр,Manga,Дебют
58066,12,0.6593,Sorairo Utility (TV),Остальные,Original,Дебют
58080,12,0.7388,Kenka Dokugaku,Надёжный просмотр,Web manga,Дебют
58131,12,0.7455,Shiunji-ke no Kodomotachi,Остальные,Manga,Дебют
58173,12,0.5885,Mahoutsukai ni Narenakatta Onnanoko no Hanashi,Остальные,Novel,Дебют
58197,12,0.4317,Nyaight of the Living Cat,Остальные,Manga,Дебют
58216,12,0.5624,Übel Blatt,Остальные,Manga,Дебют
58259,12,0.5211,"Douse, Koishite Shimaunda.",Остальные,Manga,Дебют
58265,12,0.5985,Babanbabanban Vampire,Остальные,Manga,Дебют
58271,12,0.6842,Honey Lemon Soda,Остальные,Manga,Дебют
58272,12,0.6431,Boku no Tsuma wa Kanjou ga Nai,Остальные,Manga,Дебют
58302,12,0.7763,The iDOLM@STER Shiny Colors 2nd Season,Остальные,Game,Продолжение
58359,12,0.7673,"Isshun de Chiryou shiteita noni Yakutatazu to Tsuihou sareta Tensai Chiyushi, Yami Healer toshite Tanoshiku Ikiru",Надёжный просмотр,Light novel,Дебют
58390,12,0.6661,Yofukashi no Uta Season 2,Нишевые любимчики,Manga,Продолжение
58426,12,0.5343,Shikanoko Nokonoko Koshitantan,Нишевые любимчики,Manga,Дебют
58437,12,0.7307,"Botsuraku Yotei no Kizoku dakedo, Hima Datta kara Mahou wo Kiwametemita",Надёжный просмотр,Light novel,Дебют
58445,12,0.7028,"Sayounara Ryuusei, Konnichiwa Jinsei",Надёжный просмотр,Light novel,Дебют
58473,12,0.621,"S-Rank Monster no ""Behemoth"" dakedo, Neko to Machigawarete Elf Musume no Pet toshite Kurashitemasu",Остальные,Manga,Дебют
58484,12,0.7902,Ishura 2nd Season,Остальные,Light novel,Продолжение
58492,12,0.6913,Mono,Остальные,4-koma manga,Дебют
58502,12,0.7001,Zenshuu.,Нишевые любимчики,Original,Дебют
58511,12,0.8064,Nanatsu no Taizai: Mokushiroku no Yonkishi 2nd Season,Остальные,Manga,Продолжение
58516,12,0.8365,Ao no Exorcist: Yuki no Hate-hen,Остальные,Manga,Продолжение
58600,12,0.6377,Ameku Takao no Suiri Karte,Остальные,Novel,Дебют
58614,12,0.7337,Teogonia,Остальные,Light novel,Дебют
58714,12,0.8206,"Saikyou no Shienshoku ""Wajutsushi"" de Aru Ore wa Sekai Saikyou Clan wo Shitagaeru",Надёжный просмотр,Light novel,Дебют
58725,12,0.7016,Ninja to Koroshiya no Futarigurashi,Остальные,Manga,Дебют
58822,12,0.8085,Izure Saikyou no Renkinjutsushi?,Надёжный просмотр,Light novel,Дебют
58833,12,0.5628,Kakushite! Makina-san!!,Остальные,Manga,Дебют
58853,12,0.674,Kuroiwa Medaka ni Watashi no Kawaii ga Tsuujinai,Остальные,Manga,Дебют
58854,12,0.6063,Kinoko Inu,Остальные,Manga,Дебют
58913,12,0.5085,Hikaru ga Shinda Natsu,Нишевые любимчики,Web manga,Дебют
58926,12,0.6111,Egumi Legacy,Остальные,Card game,Дебют
58985,12,0.5342,0-saiji Start Dash Monogatari,Остальные,Manga,Дебют
59002,12,0.6419,"Hazure Skill ""Kinomi Master"": Skill no Mi (Tabetara Shinu) wo Mugen ni Taberareru You ni Natta Ken ni Tsuite",Надёжный просмотр,Manga,Дебют
59055,12,0.6362,"Hana wa Saku, Shura no Gotoku",Остальные,Manga,Дебют
59095,12,0.7918,"Tensei shitara Dainana Ouji Datta node, Kimama ni Majutsu wo Kiwamemasu 2nd Season",Остальные,Light novel,Продолжение
59113,12,0.4831,Farmagia,Остальные,Game,Дебют
59131,12,0.82,"Tensei Kizoku, Kantei Skill de Nariagaru 2nd Season",Надёжный просмотр,Light novel,Продолжение
59135,12,0.7407,Class no Daikirai na Joshi to Kekkon suru Koto ni Natta.,Надёжный просмотр,Light novel,Дебют
59136,12,0.6662,Tasokare Hotel,Остальные,Game,Дебют
59142,12,0.7384,Unnamed Memory Act.2,Остальные,Light novel,Продолжение
59144,12,0.7054,"Fuguushoku ""Kanteishi"" ga Jitsu wa Saikyou Datta",Надёжный просмотр,Light novel,Дебют
59145,12,0.7881,Ranma ½ (2024),Флагманы,Manga,Дебют
59160,12,0.7704,Wind Breaker Season 2,Надёжный просмотр,Web manga,Продолжение
59161,12,0.5729,Bad Girl,Остальные,4-koma manga,Дебют
59169,12,0.6415,Aru Majo ga Shinu Made,Остальные,Light novel,Дебют
59189,12,0.7683,Sentai Daishikkaku 2nd Season,Остальные,Manga,Продолжение
59205,12,0.7436,Clevatess: Majuu no Ou to Akago to Shikabane no Yuusha,Остальные,Web manga,Дебют
59207,12,0.7453,"Mikadono Sanshimai wa Angai, Choroi.",Остальные,Manga,Дебют
59226,12,0.8595,Ao no Exorcist: Yosuga-hen,Остальные,Manga,Продолжение
59265,12,0.7559,Magic Maker: Isekai Mahou no Tsukurikata,Надёжный просмотр,Light novel,Дебют
59277,12,0.6647,"Kanojo, Okarishimasu 4th Season",Остальные,Manga,Продолжение
59322,12,0.7419,Shirobuta Kizoku desu ga Zense no Kioku ga Haeta node Hiyoko na Otouto Sodatemasu,Надёжный просмотр,Light novel,Дебют
59349,12,0.6922,Salaryman ga Isekai ni Ittara Shitennou ni Natta Hanashi,Надёжный просмотр,Web manga,Дебют
59361,12,0.6521,Kono Kaisha ni Suki na Hito ga Imasu,Остальные,Manga,Дебют
59402,12,0.6584,Kakkou no Iinazuke Season 2,Остальные,Manga,Продолжение
59421,12,0.7208,Zutaboro Reijou wa Ane no Moto Konyakusha ni Dekiai sareru,Остальные,Light novel,Дебют
59424,12,0.6744,"Yuusha Party wo Tsuihou sareta Shiromadoushi, S-Rank Boukensha ni Hirowareru: Kono Shiromadoushi ga Kikakugai Sugiru",Остальные,Manga,Дебют
59425,12,0.6891,NegaPosi Angler,Остальные,Original,Дебют
59452,12,0.7357,"Katainaka no Ossan, Kensei ni Naru",Надёжный просмотр,Light novel,Дебют
59457,12,0.5472,"Haite Kudasai, Takamine-san",Нишевые любимчики,Manga,Дебют
59466,12,0.7356,Aharen-san wa Hakarenai Season 2,Остальные,Manga,Продолжение
59514,12,0.6285,Sentai Red Isekai de Boukensha ni Naru,Остальные,Manga,Дебют
59619,12,0.5575,Ame to Kimi to,Остальные,Manga,Дебют
59632,12,0.5801,Mattaku Saikin no Tantei to Kitara,Остальные,Manga,Дебют
59675,12,0.6994,Apocalypse Hotel,Нишевые любимчики,Original,Дебют
59689,12,0.5536,Game Center Shoujo to Ibunka Kouryuu,Остальные,Web manga,Дебют
59744,12,0.5764,Maebashi Witches,Остальные,Original,Дебют
59745,12,0.5748,Chotto dake Ai ga Omoi Dark Elf ga Isekai kara Oikaketekita,Остальные,Web manga,Дебют
59828,12,0.8295,Shoushimin Series 2nd Season,Нишевые любимчики,Novel,Продолжение
59935,12,0.6732,Gorilla no Kami kara Kago sareta Reijou wa Ouritsu Kishidan de Kawaigarareru,Надёжный просмотр,Web manga,Дебют
59961,12,0.5425,Kizu darake Seijo yori Houfuku wo Komete,Остальные,Web manga,Дебют
59986,12,0.705,Grand Blue Season 2,Нишевые любимчики,Manga,Продолжение
60009,12,0.5926,Chuuzenji-sensei Mononoke Kougiroku: Sensei ga Nazo wo Hodoite Shimau kara.,Остальные,Manga,Дебют
60140,12,0.7525,"Kanchigai no Atelier Meister: Eiyuu Party no Moto Zatsuyougakari ga, Jitsu wa Sentou Igai ga SSS Rank Datta to Iu Yoku Aru Hanashi",Надёжный просмотр,Light novel,Дебют
60146,12,0.6625,"Saikyou no Ousama, Nidome no Jinsei wa Nani wo Suru?",Флагманы,Other,Дебют
60154,12,0.7613,Ore wa Seikan Kokka no Akutoku Ryoushu!,Надёжный просмотр,Light novel,Дебют
60157,12,0.7897,Kanpekisugite Kawaige ga Nai to Konyaku Haki sareta Seijo wa Ringoku ni Urareru,Надёжный просмотр,Light novel,Дебют
60293,12,0.6809,Ballpark de Tsukamaete!,Остальные,Manga,Дебют
60315,12,0.4994,Dekin no Mogura,Остальные,Manga,Дебют
60316,12,0.6172,Busamen Gachi Fighter,Остальные,Manga,Дебют
60326,12,0.6256,"Watashi ga Koibito ni Nareru Wake Nai jan, Muri Muri! (※Muri ja Nakatta!?)",Нишевые любимчики,Light novel,Дебют
60377,12,0.5704,Nazotoki wa Dinner no Ato de,Остальные,Novel,Дебют
60425,12,0.7493,0-saiji Start Dash Monogatari Season 2,Остальные,Manga,Продолжение
60449,12,0.6765,Kidou Senshi Gundam: GQuuuuuuX,Остальные,Original,Дебют
60505,12,0.4963,Necronomico no Cosmic Horror Show,Остальные,Original,Дебют
60523,12,0.7074,Tsuihousha Shokudou e Youkoso!,Остальные,Light novel,Дебют
60543,12,0.7469,Dandadan 2nd Season,Нишевые любимчики,Manga,Продолжение
60603,12,0.7254,Puniru wa Kawaii Slime 2nd Season,Остальные,Manga,Продолжение
60658,12,0.7124,Hibi wa Sugiredo Meshi Umashi,Нишевые любимчики,Original,Дебют
60697,12,0.6038,Fermat no Ryouri,Остальные,Manga,Дебют
60732,12,0.733,Mizu Zokusei no Mahoutsukai,Остальные,Light novel,Дебют
60951,12,0.5983,Kizetsu Yuusha to Ansatsu Hime,Остальные,Manga,Дебют
61150,12,0.543,Onmyou Kaiten Re:Birth,Остальные,Original,Дебют
61239,12,0.2345,Binan Koukou Chikyuu Bouei-bu Haikara!,Остальные,Original,Дебют
61274,12,0.7168,Ginga Tokkyuu Milky☆Subway,Остальные,Original,Дебют
61322,12,0.8263,Dr. Stone: Science Future Part 2,Остальные,Manga,Продолжение
61339,12,0.7239,Jibaku Shounen Hanako-kun 2 Part 2,Остальные,Manga,Продолжение
61410,12,0.6114,Chotto dake Ai ga Omoi Dark Elf ga Isekai kara Oikaketekita Mini Anime Gekijou,Остальные,Web manga,Дебют
